seq_id,ship_id,block_id,block_type,length_m,width_m,weight_ton,assembly_start_date,earliest_start_date,due_date,lead_time_days,block_output_value,is_combined,combined_block_id
757,H1088,284,FLAT,20.0,18.4,211.017142857143,2018-03-03,2018-02-24,2018-06-30,72,368.0,,
758,H1088,294,FLAT,20.0,18.4,211.017142857143,2018-03-03,2018-02-24,2018-06-29,71,368.0,,
823,H1088,836,FLAT,6.45,21.691,146.314851714286,2018-03-18,2018-03-17,2018-06-04,53,139.90695,,
822,H1088,826,FLAT,20.852,21.691,240.0,2018-03-18,2018-03-17,2018-06-04,53,452.300732,,
819,H1088,101,FLAT,30.66,9.4,240.0,2018-03-25,2018-03-18,2018-06-11,61,288.204,,
881,H1087,102,FLAT,16.588,12.377,122.386249428571,2018-03-25,2018-03-24,2018-05-09,39,205.309676,,
856,H1088,110,FLAT,13.0,5.487,56.8877625714286,2018-03-25,2018-03-25,2018-05-22,42,71.331,,
810,H1088,835,FLAT,18.0,17.3,178.082857142857,2018-03-26,2018-03-17,2018-06-17,40,311.4,,
809,H1088,825,FLAT,18.455,17.3,182.822007142857,2018-03-26,2018-03-17,2018-06-17,40,319.2715,,
847,H1087,272,FLAT,15.89,20.773,195.431322571429,2018-03-27,2018-03-25,2018-06-09,35,330.08297,,
803,H1088,694,FLAT,16.7,18.4,176.414285714286,2018-03-31,2018-03-17,2018-06-17,39,307.28,,
802,H1087,684,FLAT,17.5,18.4,184.231428571429,2018-03-31,2018-03-17,2018-06-17,39,322.0,,
880,H1087,101,CURVED,13.007,16.37,124.902556857143,2018-04-01,2018-03-31,2018-05-09,36,212.92459,,
869,H1088,161,FLAT,14.057,15.486,124.975841428571,2018-04-03,2018-04-02,2018-06-03,32,217.686702,,
874,H1088,103,FLAT,24.0,11.0,199.142857142857,2018-04-03,2018-04-02,2018-05-22,39,264.0,,
793,H1088,182,FLAT,7.9,19.9,130.977142857143,2018-04-06,2018-03-27,2018-06-20,42,157.21,,
794,H1088,192,FLAT,23.8,19.9,240.0,2018-04-06,2018-03-27,2018-06-20,42,473.62,,
867,H1088,163,FLAT,16.387,11.151,112.25102,2018-04-08,2018-04-01,2018-06-04,29,182.731437,,
870,H1088,173,FLAT,16.387,11.151,112.25102,2018-04-08,2018-04-01,2018-06-03,29,182.731437,,
830,H1087,143,FLAT,14.606,16.186,135.806237714286,2018-04-11,2018-04-03,2018-06-11,45,236.412716,,
831,H1087,153,FLAT,19.167,16.07,178.748225428571,2018-04-11,2018-04-03,2018-06-11,45,308.01369,,
857,H1088,112,FLAT,21.0,5.15,133.577857142857,2018-04-11,2018-04-11,2018-05-20,26,108.15,,
828,H1087,683,FLAT,16.6,18.9,180.791428571429,2018-04-13,2018-03-27,2018-06-12,25,313.74,,
829,H1087,693,FLAT,16.6,18.9,180.791428571429,2018-04-13,2018-03-27,2018-06-12,25,313.74,,
804,H1088,134,FLAT,19.318,18.5,204.410035428571,2018-04-13,2018-04-01,2018-06-15,45,357.383,,
864,H1087,144,FLAT,15.117,16.07,139.076739714286,2018-04-13,2018-04-11,2018-06-04,24,242.93019,,
865,H1087,154,FLAT,19.39,16.07,181.204857142857,2018-04-13,2018-04-11,2018-06-04,24,311.5973,,
805,H1088,124,FLAT,16.142,18.85,175.967618285714,2018-04-14,2018-04-01,2018-06-15,45,304.2767,,
861,H1087,122,FLAT,15.531,12.2,111.443417428571,2018-04-14,2018-04-07,2018-06-08,24,189.4782,,
848,H1087,132,FLAT,18.94,12.2,145.018171428571,2018-04-14,2018-04-07,2018-06-11,27,231.068,,
879,H1087,101,FLAT,11.523,8.65,59.3148654285714,2018-04-14,2018-04-13,2018-05-21,29,99.67395,,
862,H1087,103,CURVED,29.101,15.68,240.0,2018-04-15,2018-04-08,2018-06-08,51,456.30368,,
871,H1088,102,CURVED,26.372,14.65,240.0,2018-04-15,2018-04-14,2018-05-29,37,386.3498,,
797,H1087,801,FLAT,20.814,15.31,190.748198857143,2018-04-16,2018-04-11,2018-06-17,50,318.66234,,
866,H1087,632,FLAT,13.38,17.28,136.463657142857,2018-04-16,2018-04-12,2018-06-09,15,231.2064,,
787,H1088,111,FLAT,22.2,13.8,195.222857142857,2018-04-17,2018-04-10,2018-06-19,40,306.36,,
863,H1087,622,FLAT,13.38,17.28,136.463657142857,2018-04-17,2018-04-12,2018-06-10,15,231.2064,,
792,H1088,154,FLAT,24.839,16.385,240.0,2018-04-20,2018-03-27,2018-06-19,40,406.987015,,
843,H1087,834,FLAT,26.0,13.72,240.0,2018-04-20,2018-04-15,2018-06-09,25,356.72,,
842,H1088,824,FLAT,14.342,13.72,112.551818285714,2018-04-20,2018-04-15,2018-06-09,25,196.77224,,
859,H1087,835,FLAT,5.59,17.008,91.5771897142857,2018-04-21,2018-04-17,2018-06-05,28,95.07472,,
858,H1088,825,FLAT,17.18,16.97,166.609514285714,2018-04-21,2018-04-17,2018-06-05,28,291.5446,,
878,H1087,832,FLAT,15.0,10.3,94.5971428571429,2018-04-21,2018-04-18,2018-05-29,23,154.5,,
877,H1087,822,FLAT,12.6,10.3,75.6714285714286,2018-04-21,2018-04-18,2018-05-29,23,129.78,,
760,H1088,144,FLAT,17.566,15.678,158.389725714286,2018-04-22,2018-04-15,2018-07-06,49,275.399748,,
759,H1088,154,FLAT,19.932,15.976,186.433485714286,2018-04-22,2018-04-15,2018-07-07,51,318.433632,,
849,H1087,143,FLAT,13.809,15.686,124.782593428571,2018-04-23,2018-04-18,2018-06-09,22,216.607974,,
850,H1087,153,FLAT,18.919,15.5,170.908160285714,2018-04-23,2018-04-18,2018-06-09,22,293.2445,,
795,H1087,183,FLAT,8.82,15.798,93.5340582857143,2018-04-23,2018-04-19,2018-06-22,22,139.33836,,
796,H1087,193,FLAT,15.59,15.978,142.384166857143,2018-04-23,2018-04-19,2018-06-22,22,249.09702,,
765,H1087,124,FLAT,18.618,14.354,157.904925714286,2018-04-24,2018-04-18,2018-07-05,47,267.242772,,
761,H1088,134,FLAT,22.828,14.354,207.758542857143,2018-04-24,2018-04-18,2018-07-06,48,327.673112,,
853,H1088,835,CURVED,7.416,16.884,97.1618605714286,2018-04-25,2018-04-19,2018-06-07,22,125.211744,,
852,H1088,825,FLAT,19.167,16.931,186.866471428571,2018-04-25,2018-04-19,2018-06-07,22,324.516477,,
873,H1088,832,FLAT,6.767,14.288,71.4112094285714,2018-04-25,2018-04-20,2018-06-05,18,96.686896,,
872,H1088,822,FLAT,16.086,14.292,132.291617142857,2018-04-25,2018-04-20,2018-06-05,18,229.901112,,
824,H1088,631,FLAT,10.53,15.97,104.549085714286,2018-04-25,2018-04-25,2018-06-18,15,168.1641,,
812,H1087,803,FLAT,15.5,21.0,194.642857142857,2018-04-26,2018-04-25,2018-06-12,30,325.5,,
815,H1087,283,FLAT,13.7,18.32,149.517828571429,2018-04-27,2018-04-20,2018-06-17,31,250.984,,
811,H1087,293,FLAT,22.5,18.32,240.0,2018-04-27,2018-04-20,2018-06-18,31,412.2,,
825,H1088,621,FLAT,8.95,15.97,95.7552571428572,2018-04-27,2018-04-27,2018-06-18,15,142.9315,,
789,H1088,273,FLAT,14.5,18.79,160.946885714286,2018-04-28,2018-04-27,2018-06-25,25,272.455,,
788,H1088,263,FLAT,16.6,18.79,179.606885714286,2018-04-28,2018-04-27,2018-06-25,25,311.914,,
838,H1088,623,FLAT,13.38,18.79,152.025285714286,2018-04-29,2018-04-28,2018-06-15,15,251.4102,,
839,H1088,633,FLAT,13.38,18.79,152.025285714286,2018-04-29,2018-04-28,2018-06-15,15,251.4102,,
844,H1087,102,CURVED,19.76,18.47,209.028142857143,2018-04-29,2018-04-29,2018-06-06,21,364.9672,,
777,H1088,261,FLAT,20.5,18.8,221.054285714286,2018-04-30,2018-04-30,2018-06-28,34,385.4,,
771,H1088,628,FLAT,15.6,20.0,183.817142857143,2018-05-01,2018-04-24,2018-07-02,23,312.0,,
772,H1088,638,CURVED,15.6,20.0,183.817142857143,2018-05-01,2018-04-24,2018-07-02,23,312.0,,
820,H1088,133,FLAT,21.1,18.1,220.805714285714,2018-05-01,2018-04-30,2018-06-11,29,381.91,,
821,H1088,123,FLAT,20.9,18.1,218.405714285714,2018-05-02,2018-05-01,2018-06-11,29,378.29,,
766,H1087,268,FLAT,10.8,20.0,147.611428571429,2018-05-02,2018-05-02,2018-07-04,29,216.0,,
776,H1088,271,FLAT,15.2,18.8,166.994285714286,2018-05-02,2018-05-02,2018-06-29,34,285.76,,
875,H1087,161,FLAT,13.792,9.4,79.5940754285714,2018-05-03,2018-05-03,2018-05-31,18,129.6448,,
876,H1087,171,FLAT,16.655,9.4,104.499721428571,2018-05-03,2018-05-03,2018-05-31,18,156.557,,
767,H1087,278,FLAT,10.8,20.0,147.611428571429,2018-05-03,2018-05-03,2018-07-04,28,216.0,,
779,H1087,272,FLAT,14.4,17.28,144.559542857143,2018-05-03,2018-05-03,2018-07-02,31,248.832,,
778,H1088,262,FLAT,14.6,17.28,146.216685714286,2018-05-03,2018-05-03,2018-07-02,31,252.288,,
840,H1088,103,FLAT,23.857,9.5,188.401842571429,2018-05-04,2018-05-02,2018-06-07,30,226.6415,,
836,H1088,194,FLAT,18.0,8.3,112.254285714286,2018-05-04,2018-05-03,2018-06-08,30,149.4,,
841,H1088,184,FLAT,13.9,8.3,74.8857142857143,2018-05-05,2018-05-03,2018-06-07,30,115.37,,
845,H1087,182,FLAT,19.0,14.248,161.144429714286,2018-05-10,2018-05-09,2018-06-13,18,270.712,,
791,H1088,832,FLAT,6.662,14.583,73.4417522857143,2018-05-10,2018-05-10,2018-06-22,36,97.151946,,
790,H1088,822,CURVED,16.055,14.575,134.341042857143,2018-05-10,2018-05-10,2018-06-22,36,234.001625,,
832,H1087,182,FLAT,23.0,7.3,166.368571428571,2018-05-11,2018-05-07,2018-06-17,17,167.9,,
833,H1087,192,FLAT,13.889,7.3,70.3412345714286,2018-05-11,2018-05-07,2018-06-17,17,101.3897,,
846,H1087,192,FLAT,10.441,14.248,89.1485671428571,2018-05-11,2018-05-09,2018-06-13,18,148.763368,,
783,H1087,183,FLAT,7.507,14.276,74.3312071428571,2018-05-12,2018-05-06,2018-06-27,20,107.169932,,
784,H1087,193,FLAT,14.445,14.246,117.601868857143,2018-05-12,2018-05-06,2018-06-27,20,205.78347,,
816,H1087,642,FLAT,13.412,19.5,160.037641142857,2018-05-12,2018-05-07,2018-06-21,16,261.534,,
817,H1087,652,CURVED,13.412,19.5,160.037641142857,2018-05-12,2018-05-07,2018-06-21,16,261.534,,
798,H1087,125,FLAT,9.8,18.5,125.225714285714,2018-05-12,2018-05-11,2018-06-17,34,181.3,,
834,H1087,123,FLAT,16.106,12.2,116.640924571429,2018-05-12,2018-05-11,2018-06-11,22,196.4932,,
780,H1087,135,FLAT,13.1,18.5,146.817142857143,2018-05-12,2018-05-11,2018-06-27,43,242.35,,
835,H1088,133,CURVED,24.07,12.2,208.058542857143,2018-05-12,2018-05-11,2018-06-11,22,293.654,,
818,H1087,834,FLAT,7.062,14.636,75.4526685714286,2018-05-12,2018-05-12,2018-06-16,25,103.359432,,
813,H1087,824,FLAT,17.596,14.575,149.157097428571,2018-05-13,2018-05-12,2018-06-17,27,256.4617,,
800,H1087,836,FLAT,8.0,21.0,144.285714285714,2018-05-14,2018-05-11,2018-06-16,29,168.0,,
799,H1087,826,CURVED,20.5,21.0,240.0,2018-05-14,2018-05-11,2018-06-16,29,430.5,,
762,H1088,801,FLAT,28.614,19.075,240.0,2018-05-15,2018-05-06,2018-07-03,34,545.81205,,
851,H1088,144,FLAT,24.366,16.385,240.0,2018-05-15,2018-05-13,2018-06-06,15,399.23691,,
774,H1088,271,FLAT,17.8,16.0,163.668571428571,2018-05-16,2018-05-10,2018-07-01,32,284.8,,
773,H1088,261,FLAT,20.1,16.0,188.574285714286,2018-05-16,2018-05-10,2018-07-01,32,321.6,,
769,H1087,124,FLAT,21.0,18.1,219.602857142857,2018-05-17,2018-05-08,2018-07-02,25,380.1,,
770,H1087,134,FLAT,21.0,18.1,219.602857142857,2018-05-17,2018-05-08,2018-07-02,25,380.1,,
827,H1087,833,FLAT,7.281,14.575,75.8410245714286,2018-05-17,2018-05-17,2018-06-15,24,106.120575,,
826,H1088,823,CURVED,17.548,14.578,148.700110857143,2018-05-17,2018-05-17,2018-06-15,27,255.814744,,
801,H1087,292,FLAT,16.6,19.5,187.374285714286,2018-05-21,2018-05-15,2018-06-22,30,323.7,,
755,H1088,269,FLAT,10.5,18.9,133.56,2018-05-21,2018-05-18,2018-07-13,29,198.45,,
756,H1088,279,FLAT,10.5,18.9,133.56,2018-05-21,2018-05-18,2018-07-13,29,198.45,,
806,H1088,282,FLAT,14.7,19.5,170.382857142857,2018-05-22,2018-05-15,2018-06-21,30,286.65,,
814,H1087,112,FLAT,21.0,8.6,147.131428571429,2018-05-22,2018-05-17,2018-06-16,18,180.6,,
855,H1088,834,FLAT,9.215,10.9,58.2074928571429,2018-05-22,2018-05-18,2018-06-12,19,100.4435,,
854,H1088,824,FLAT,15.665,11.094,105.276874571429,2018-05-22,2018-05-18,2018-06-12,19,173.78751,,
775,H1088,102,FLAT,16.588,12.377,122.386249428571,2018-05-22,2018-05-21,2018-06-26,35,205.309676,,
860,H1087,833,FLAT,8.709,14.287,79.9900142857143,2018-05-22,2018-05-22,2018-06-12,16,124.425483,,
837,H1088,823,FLAT,16.231,14.307,133.753031428571,2018-05-22,2018-05-22,2018-06-17,18,232.216917,,
763,H1087,629,CURVED,15.6,18.9,171.591428571429,2018-05-23,2018-05-12,2018-07-06,32,294.84,,
764,H1087,639,FLAT,15.6,18.9,171.591428571429,2018-05-23,2018-05-12,2018-07-06,32,294.84,,
785,H1087,122,FLAT,12.0,12.3,84.3685714285714,2018-05-23,2018-05-16,2018-07-01,28,147.6,,
786,H1087,132,FLAT,10.219,12.3,73.0622745714286,2018-05-23,2018-05-16,2018-07-01,28,125.6937,,
736,H1087,101,CURVED,11.523,8.65,59.3148654285714,2018-05-23,2018-05-18,2018-07-22,28,99.67395,,
808,H1088,653,CURVED,11.2,17.72,125.553828571429,2018-05-23,2018-05-20,2018-06-23,16,198.464,,
807,H1088,643,FLAT,13.412,17.72,141.108612571429,2018-05-23,2018-05-20,2018-06-23,16,237.66064,,
685,H1087,110,FLAT,12.0,5.487,49.7449054285714,2018-05-24,2018-05-19,2018-07-24,41,65.844,,
725,H1088,123,FLAT,16.13,18.505,172.174835714286,2018-05-27,2018-05-22,2018-07-26,42,298.48565,,
726,H1088,133,FLAT,23.777,18.85,240.0,2018-05-27,2018-05-22,2018-07-26,42,448.19645,,
741,H1088,143,FLAT,5.23,16.375,84.4267214285714,2018-05-28,2018-05-24,2018-07-23,35,85.64125,,
742,H1088,153,FLAT,15.0,16.375,140.897321428571,2018-05-28,2018-05-24,2018-07-23,35,245.625,,
656,H1087,124,FLAT,21.0,18.1,219.602857142857,2018-05-30,2018-05-23,2018-08-17,26,380.1,,
657,H1087,134,FLAT,21.0,18.1,219.602857142857,2018-05-30,2018-05-23,2018-08-17,26,380.1,,
781,H1087,142,CURVED,16.252,5.15,83.0428582857143,2018-05-31,2018-05-26,2018-07-05,30,83.6978,,
782,H1087,152,FLAT,16.252,5.15,83.0428582857143,2018-05-31,2018-05-26,2018-07-05,30,83.6978,,
697,H1088,683,FLAT,16.6,18.9,180.791428571429,2018-06-01,2018-05-16,2018-08-04,24,313.74,,
698,H1088,693,FLAT,16.6,18.9,180.791428571429,2018-06-01,2018-05-16,2018-08-04,24,313.74,,
768,H1087,101,FLAT,13.007,16.37,124.902556857143,2018-06-01,2018-05-30,2018-06-27,22,212.92459,,
671,H1087,183,FLAT,11.2,20.0,150.125714285714,2018-06-02,2018-05-26,2018-08-10,35,224.0,,
746,H1088,103,FLAT,24.0,11.0,199.142857142857,2018-06-02,2018-05-27,2018-07-13,38,264.0,,
678,H1088,193,FLAT,19.9,20.0,227.431428571429,2018-06-03,2018-05-26,2018-08-09,35,398.0,,
666,H1088,261,FLAT,19.155,12.423,148.927129714286,2018-06-03,2018-05-28,2018-08-12,39,237.962565,,
667,H1087,271,FLAT,21.56,12.423,176.904151142857,2018-06-03,2018-05-28,2018-08-12,39,267.83988,,
636,H1087,144,FLAT,15.117,16.07,139.076739714286,2018-06-03,2018-05-29,2018-08-24,25,242.93019,,
643,H1088,154,FLAT,19.39,16.07,181.204857142857,2018-06-03,2018-05-29,2018-08-23,24,311.5973,,
595,H1088,283,FLAT,18.4,18.9,198.791428571429,2018-06-03,2018-05-29,2018-08-23,43,347.76,,
600,H1088,293,FLAT,19.5,18.9,210.702857142857,2018-06-03,2018-05-29,2018-08-20,43,368.55,,
683,H1087,182,FLAT,7.9,19.9,130.977142857143,2018-06-04,2018-05-27,2018-08-09,40,157.21,,
684,H1087,192,FLAT,23.8,19.9,240.0,2018-06-04,2018-05-27,2018-08-09,40,473.62,,
747,H1087,184,FLAT,13.9,8.3,74.8857142857143,2018-06-04,2018-05-28,2018-07-15,28,115.37,,
748,H1087,194,FLAT,18.0,8.3,112.254285714286,2018-06-04,2018-05-28,2018-07-15,28,149.4,,
596,H1088,294,FLAT,20.0,18.4,211.017142857143,2018-06-04,2018-05-29,2018-08-22,45,368.0,,
711,H1088,103,FLAT,23.857,9.5,188.401842571429,2018-06-04,2018-06-02,2018-07-28,34,226.6415,,
753,H1087,161,FLAT,14.057,15.486,124.975841428571,2018-06-05,2018-05-28,2018-07-13,37,217.686702,,
754,H1087,171,CURVED,20.177,15.486,184.836435714286,2018-06-05,2018-05-28,2018-07-13,37,312.461022,,
658,H1087,101,FLAT,30.66,9.4,240.0,2018-06-05,2018-05-29,2018-08-15,31,288.204,,
659,H1088,101,FLAT,30.66,9.4,240.0,2018-06-05,2018-05-29,2018-08-15,31,288.204,,
589,H1087,284,FLAT,20.0,18.4,211.017142857143,2018-06-05,2018-05-29,2018-08-23,45,368.0,,
668,H1087,112,FLAT,20.0,5.15,121.863571428571,2018-06-06,2018-05-30,2018-07-27,41,103.0,,
613,H1088,144,FLAT,15.117,16.07,139.076739714286,2018-06-06,2018-06-01,2018-08-26,25,242.93019,,
614,H1088,154,FLAT,19.39,16.07,181.204857142857,2018-06-06,2018-06-01,2018-08-26,25,311.5973,,
687,H1087,801,FLAT,20.814,15.31,190.748198857143,2018-06-06,2018-06-04,2018-08-06,33,318.66234,,
679,H1088,272,FLAT,15.89,20.773,195.431322571429,2018-06-07,2018-05-29,2018-08-11,33,330.08297,,
699,H1087,144,FLAT,24.366,16.385,240.0,2018-06-07,2018-05-29,2018-08-01,38,399.23691,,
680,H1088,262,FLAT,11.65,20.773,162.068579714286,2018-06-08,2018-05-29,2018-08-11,33,242.00545,,
692,H1088,154,FLAT,24.839,16.385,240.0,2018-06-08,2018-05-29,2018-08-03,39,406.987015,,
700,H1087,143,CURVED,14.606,16.186,135.806237714286,2018-06-08,2018-06-03,2018-08-02,26,236.412716,,
701,H1087,153,FLAT,19.167,16.07,178.748225428571,2018-06-08,2018-06-03,2018-08-02,26,308.01369,,
686,H1087,162,FLAT,18.5,15.5,166.428571428571,2018-06-09,2018-06-01,2018-08-05,32,286.75,,
615,H1088,172,FLAT,18.5,15.698,168.193486857143,2018-06-09,2018-06-01,2018-08-23,32,290.413,,
727,H1088,102,CURVED,26.372,14.65,240.0,2018-06-09,2018-06-04,2018-07-24,35,386.3498,,
728,H1088,102,FLAT,26.372,14.65,240.0,2018-06-09,2018-06-04,2018-07-24,35,386.3498,,
745,H1088,104,CURVED,18.3,18.2,190.322857142857,2018-06-09,2018-06-07,2018-07-25,21,333.06,,
693,H1088,322,FLAT,12.4,19.6,153.691428571429,2018-06-09,2018-06-08,2018-08-02,39,243.04,,
694,H1088,332,FLAT,12.4,19.6,153.691428571429,2018-06-09,2018-06-08,2018-08-02,39,243.04,,
661,H1088,836,FLAT,6.45,21.691,146.314851714286,2018-06-10,2018-06-03,2018-08-09,55,139.90695,,
628,H1088,125,CURVED,9.8,18.5,125.225714285714,2018-06-10,2018-06-03,2018-08-23,42,181.3,,
629,H1088,135,FLAT,13.1,18.5,146.817142857143,2018-06-10,2018-06-03,2018-08-23,42,242.35,,
719,H1087,801,FLAT,20.814,15.31,190.748198857143,2018-06-10,2018-06-03,2018-07-27,33,318.66234,,
660,H1088,826,FLAT,20.852,21.691,240.0,2018-06-10,2018-06-03,2018-08-09,55,452.300732,,
720,H1087,103,FLAT,23.857,9.5,188.401842571429,2018-06-10,2018-06-05,2018-07-26,34,226.6415,,
650,H1088,628,FLAT,15.6,20.0,183.817142857143,2018-06-11,2018-06-04,2018-08-20,23,312.0,,
651,H1087,638,FLAT,15.6,20.0,183.817142857143,2018-06-11,2018-06-04,2018-08-20,23,312.0,,
712,H1088,134,FLAT,19.318,18.5,204.410035428571,2018-06-11,2018-06-04,2018-07-28,44,357.383,,
730,H1088,331,FLAT,8.6,20.5,141.202857142857,2018-06-12,2018-06-02,2018-07-28,32,176.3,,
729,H1088,321,FLAT,14.8,20.5,182.654285714286,2018-06-12,2018-06-02,2018-07-28,32,303.4,,
713,H1088,124,FLAT,16.142,18.85,175.967618285714,2018-06-12,2018-06-05,2018-07-28,44,304.2767,,
731,H1087,101,FLAT,11.523,8.65,59.3148654285714,2018-06-12,2018-06-07,2018-07-24,28,99.67395,,
705,H1087,123,FLAT,20.9,18.1,218.405714285714,2018-06-13,2018-06-06,2018-07-29,28,378.29,,
706,H1087,123,FLAT,20.9,18.1,218.405714285714,2018-06-13,2018-06-06,2018-07-29,28,378.29,,
707,H1088,133,FLAT,21.1,18.1,220.805714285714,2018-06-13,2018-06-06,2018-07-29,28,381.91,,
708,H1088,133,FLAT,21.1,18.1,220.805714285714,2018-06-13,2018-06-06,2018-07-29,28,381.91,,
695,H1088,221,FLAT,15.0,15.97,137.154542857143,2018-06-13,2018-06-12,2018-08-16,12,239.55,,
696,H1088,221,FLAT,16.0,15.97,146.011685714286,2018-06-13,2018-06-12,2018-08-16,12,255.52,,
703,H1087,834,FLAT,7.062,14.636,75.4526685714286,2018-06-15,2018-06-08,2018-08-02,33,103.359432,,
749,H1087,161,FLAT,13.792,9.4,79.5940754285714,2018-06-15,2018-06-08,2018-07-20,17,129.6448,,
750,H1087,161,FLAT,13.792,9.4,79.5940754285714,2018-06-15,2018-06-08,2018-07-20,17,129.6448,,
743,H1088,142,FLAT,8.276,16.07,93.3534502857143,2018-06-15,2018-06-08,2018-07-25,22,132.99532,,
751,H1087,171,FLAT,16.655,9.4,104.499721428571,2018-06-15,2018-06-08,2018-07-20,17,156.557,,
752,H1087,171,FLAT,16.655,9.4,104.499721428571,2018-06-15,2018-06-08,2018-07-20,17,156.557,,
744,H1088,152,FLAT,15.186,16.07,139.674141714286,2018-06-15,2018-06-08,2018-07-25,22,244.03902,,
702,H1087,824,FLAT,17.596,14.575,149.157097428571,2018-06-15,2018-06-08,2018-08-02,33,256.4617,,
733,H1087,835,FLAT,5.59,17.008,91.5771897142857,2018-06-15,2018-06-10,2018-07-25,26,95.07472,,
732,H1087,825,FLAT,17.18,16.97,166.609514285714,2018-06-15,2018-06-10,2018-07-25,26,291.5446,,
709,H1088,173,CURVED,16.387,11.151,112.25102,2018-06-16,2018-06-08,2018-08-02,22,182.731437,,
704,H1087,163,FLAT,16.387,11.151,112.25102,2018-06-17,2018-06-09,2018-08-03,22,182.731437,,
740,H1088,832,FLAT,14.0,10.3,86.3114285714286,2018-06-17,2018-06-10,2018-07-27,22,144.2,,
715,H1087,833,FLAT,7.281,14.575,75.8410245714286,2018-06-17,2018-06-10,2018-08-02,31,106.120575,,
739,H1088,822,FLAT,12.6,10.3,75.6714285714286,2018-06-17,2018-06-10,2018-07-27,22,129.78,,
737,H1087,142,FLAT,8.276,16.07,93.3534502857143,2018-06-17,2018-06-10,2018-07-27,22,132.99532,,
738,H1087,152,FLAT,15.186,16.07,139.674141714286,2018-06-17,2018-06-10,2018-07-27,22,244.03902,,
714,H1088,823,FLAT,17.548,14.578,148.700110857143,2018-06-17,2018-06-10,2018-08-02,31,255.814744,,
682,H1088,694,CURVED,16.7,18.4,176.414285714286,2018-06-17,2018-06-10,2018-08-09,38,307.28,,
681,H1088,684,FLAT,17.5,18.4,184.231428571429,2018-06-17,2018-06-10,2018-08-09,38,322.0,,
722,H1087,835,FLAT,5.59,17.008,91.5771897142857,2018-06-17,2018-06-12,2018-07-28,27,95.07472,,
721,H1087,825,FLAT,17.18,16.97,166.609514285714,2018-06-17,2018-06-12,2018-07-28,27,291.5446,,
688,H1087,231,FLAT,14.308,15.97,131.359932571429,2018-06-17,2018-06-13,2018-08-16,14,228.49876,,
689,H1087,231,FLAT,14.308,15.97,131.359932571429,2018-06-17,2018-06-13,2018-08-16,14,228.49876,,
670,H1087,835,FLAT,17.0,17.3,168.082857142857,2018-06-19,2018-06-12,2018-08-13,40,294.1,,
735,H1087,832,FLAT,13.0,10.3,78.5971428571429,2018-06-19,2018-06-12,2018-07-29,22,133.9,,
734,H1087,822,FLAT,12.6,10.3,75.6714285714286,2018-06-19,2018-06-12,2018-07-29,22,129.78,,
669,H1087,825,FLAT,18.455,17.3,182.822007142857,2018-06-19,2018-06-12,2018-08-13,40,319.2715,,
716,H1087,834,FLAT,25.0,13.72,232.353828571429,2018-06-20,2018-06-15,2018-07-30,26,343.0,,
710,H1088,834,FLAT,24.0,13.72,218.353828571429,2018-06-23,2018-06-18,2018-08-01,25,329.28,,
665,H1088,832,FLAT,6.662,14.583,73.4417522857143,2018-06-25,2018-06-18,2018-08-16,35,97.151946,,
664,H1088,822,CURVED,16.055,14.575,134.341042857143,2018-06-25,2018-06-18,2018-08-16,35,234.001625,,
723,H1088,182,FLAT,18.0,14.248,150.573001142857,2018-06-26,2018-06-19,2018-08-02,19,256.464,,
724,H1088,192,FLAT,10.441,14.248,89.1485671428571,2018-06-26,2018-06-19,2018-08-02,19,148.763368,,
690,H1087,143,FLAT,14.606,16.186,135.806237714286,2018-06-26,2018-06-21,2018-08-05,26,236.412716,,
691,H1088,153,CURVED,19.167,16.07,178.748225428571,2018-06-26,2018-06-21,2018-08-05,26,308.01369,,
717,H1087,182,FLAT,17.0,14.248,140.573001142857,2018-06-27,2018-06-20,2018-08-03,19,242.216,,
718,H1087,192,CURVED,10.441,14.248,89.1485671428571,2018-06-27,2018-06-20,2018-08-03,19,148.763368,,
672,H1087,122,FLAT,15.531,12.2,111.443417428571,2018-06-27,2018-06-20,2018-08-14,17,189.4782,,
673,H1087,122,CURVED,15.531,12.2,111.443417428571,2018-06-27,2018-06-20,2018-08-14,17,189.4782,,
674,H1087,132,FLAT,18.94,12.2,145.018171428571,2018-06-27,2018-06-20,2018-08-14,17,231.068,,
675,H1088,132,FLAT,18.94,12.2,145.018171428571,2018-06-27,2018-06-20,2018-08-14,17,231.068,,
481,H1087,836,FLAT,6.45,21.691,146.314851714286,2018-06-29,2018-06-22,2018-09-26,54,139.90695,,
480,H1087,826,FLAT,20.852,21.691,240.0,2018-06-29,2018-06-22,2018-09-26,54,452.300732,,
676,H1088,103,FLAT,29.101,15.68,240.0,2018-06-29,2018-06-22,2018-08-14,16,456.30368,,
677,H1088,103,FLAT,29.101,15.68,240.0,2018-06-29,2018-06-22,2018-08-14,16,456.30368,,
639,H1087,271,FLAT,15.2,18.8,166.994285714286,2018-07-02,2018-06-25,2018-08-23,34,285.76,,
640,H1087,271,FLAT,15.2,18.8,166.994285714286,2018-07-02,2018-06-25,2018-08-23,34,285.76,,
637,H1087,261,CURVED,20.5,18.8,221.054285714286,2018-07-02,2018-06-25,2018-08-23,34,385.4,,
638,H1087,261,FLAT,20.5,18.8,221.054285714286,2018-07-02,2018-06-25,2018-08-23,34,385.4,,
616,H1088,632,FLAT,13.38,17.28,136.463657142857,2018-07-02,2018-06-28,2018-08-31,14,231.2064,,
617,H1088,632,FLAT,13.38,17.28,136.463657142857,2018-07-02,2018-06-28,2018-08-31,14,231.2064,,
585,H1088,111,FLAT,22.2,13.8,195.222857142857,2018-07-03,2018-06-26,2018-08-30,25,306.36,,
586,H1088,111,FLAT,22.2,13.8,195.222857142857,2018-07-03,2018-06-26,2018-08-30,25,306.36,,
641,H1087,622,FLAT,13.38,17.28,136.463657142857,2018-07-03,2018-06-28,2018-08-29,13,231.2064,,
642,H1087,622,FLAT,13.38,17.28,136.463657142857,2018-07-03,2018-06-28,2018-08-29,13,231.2064,,
630,H1088,629,FLAT,15.6,18.9,171.591428571429,2018-07-06,2018-06-29,2018-08-25,32,294.84,,
631,H1088,629,FLAT,15.6,18.9,171.591428571429,2018-07-06,2018-06-29,2018-08-25,32,294.84,,
632,H1088,639,FLAT,15.6,18.9,171.591428571429,2018-07-06,2018-06-29,2018-08-25,32,294.84,,
633,H1088,639,FLAT,15.6,18.9,171.591428571429,2018-07-06,2018-06-29,2018-08-25,32,294.84,,
529,H1087,102,CURVED,22.89,15.65,219.678457142857,2018-07-06,2018-06-30,2018-09-05,47,358.2285,,
590,H1087,183,FLAT,8.82,15.798,93.5340582857143,2018-07-06,2018-07-02,2018-09-03,21,139.33836,,
591,H1087,193,FLAT,15.59,15.978,142.384166857143,2018-07-06,2018-07-02,2018-09-03,21,249.09702,,
557,H1087,144,FLAT,17.566,15.678,158.389725714286,2018-07-07,2018-06-30,2018-09-14,23,275.399748,,
558,H1087,144,FLAT,17.566,15.678,158.389725714286,2018-07-07,2018-06-30,2018-09-14,23,275.399748,,
559,H1087,154,FLAT,19.932,15.976,186.433485714286,2018-07-07,2018-06-30,2018-09-14,23,318.433632,,
560,H1087,154,FLAT,19.932,15.976,186.433485714286,2018-07-07,2018-06-30,2018-09-14,23,318.433632,,
574,H1087,101,CURVED,11.577,13.021,86.7352485714286,2018-07-07,2018-07-01,2018-09-04,45,150.744117,,
587,H1087,183,FLAT,8.82,15.798,93.5340582857143,2018-07-07,2018-07-03,2018-09-04,21,139.33836,,
588,H1087,193,FLAT,15.59,15.978,142.384166857143,2018-07-07,2018-07-03,2018-09-04,21,249.09702,,
618,H1088,268,FLAT,10.8,20.0,147.611428571429,2018-07-08,2018-07-01,2018-08-25,30,216.0,,
619,H1087,278,CURVED,10.8,20.0,147.611428571429,2018-07-08,2018-07-01,2018-08-25,30,216.0,,
605,H1087,268,FLAT,10.8,20.0,147.611428571429,2018-07-09,2018-07-02,2018-08-26,30,216.0,,
606,H1087,278,FLAT,10.8,20.0,147.611428571429,2018-07-09,2018-07-02,2018-08-26,30,216.0,,
644,H1088,143,FLAT,13.809,15.686,124.782593428571,2018-07-09,2018-07-03,2018-08-24,21,216.607974,,
645,H1088,143,FLAT,13.809,15.686,124.782593428571,2018-07-09,2018-07-03,2018-08-24,21,216.607974,,
562,H1087,124,FLAT,18.618,14.354,157.904925714286,2018-07-09,2018-07-03,2018-09-12,22,267.242772,,
563,H1088,124,FLAT,18.618,14.354,157.904925714286,2018-07-09,2018-07-03,2018-09-12,22,267.242772,,
646,H1088,153,CURVED,18.919,15.5,170.908160285714,2018-07-09,2018-07-03,2018-08-24,21,293.2445,,
647,H1088,153,FLAT,18.919,15.5,170.908160285714,2018-07-09,2018-07-03,2018-08-24,21,293.2445,,
564,H1088,134,FLAT,22.828,14.354,207.758542857143,2018-07-09,2018-07-03,2018-09-12,22,327.673112,,
565,H1088,134,CURVED,22.828,14.354,207.758542857143,2018-07-09,2018-07-03,2018-09-12,22,327.673112,,
652,H1087,102,FLAT,19.76,18.47,209.028142857143,2018-07-10,2018-07-10,2018-08-16,20,364.9672,,
653,H1087,102,FLAT,19.76,18.47,209.028142857143,2018-07-10,2018-07-10,2018-08-16,20,364.9672,,
634,H1088,124,FLAT,21.0,18.1,219.602857142857,2018-07-11,2018-07-04,2018-08-24,26,380.1,,
635,H1087,134,FLAT,21.0,18.1,219.602857142857,2018-07-11,2018-07-04,2018-08-24,26,380.1,,
620,H1087,621,FLAT,8.95,15.97,95.7552571428572,2018-07-11,2018-07-11,2018-08-31,14,142.9315,,
621,H1087,621,FLAT,8.95,15.97,95.7552571428572,2018-07-11,2018-07-11,2018-08-31,14,142.9315,,
607,H1087,631,FLAT,10.53,15.97,104.549085714286,2018-07-11,2018-07-11,2018-09-01,13,168.1641,,
608,H1087,631,FLAT,10.53,15.97,104.549085714286,2018-07-11,2018-07-11,2018-09-01,13,168.1641,,
601,H1088,269,CURVED,10.5,18.9,133.56,2018-07-13,2018-07-06,2018-08-29,29,198.45,,
602,H1088,269,FLAT,10.5,18.9,133.56,2018-07-13,2018-07-06,2018-08-29,29,198.45,,
603,H1087,279,FLAT,10.5,18.9,133.56,2018-07-13,2018-07-06,2018-08-29,29,198.45,,
604,H1087,279,FLAT,10.5,18.9,133.56,2018-07-13,2018-07-06,2018-08-29,29,198.45,,
581,H1088,272,FLAT,14.4,17.28,144.559542857143,2018-07-13,2018-07-13,2018-09-11,31,248.832,,
582,H1088,272,FLAT,14.4,17.28,144.559542857143,2018-07-13,2018-07-13,2018-09-11,31,248.832,,
579,H1088,262,FLAT,14.6,17.28,146.216685714286,2018-07-13,2018-07-13,2018-09-11,31,252.288,,
580,H1088,262,FLAT,14.6,17.28,146.216685714286,2018-07-13,2018-07-13,2018-09-11,31,252.288,,
535,H1088,834,FLAT,7.062,14.636,75.4526685714286,2018-07-14,2018-07-07,2018-09-21,34,103.359432,,
534,H1088,824,FLAT,17.596,14.575,149.157097428571,2018-07-14,2018-07-07,2018-09-21,34,256.4617,,
648,H1088,628,FLAT,15.6,20.0,183.817142857143,2018-07-14,2018-07-07,2018-08-24,23,312.0,,
649,H1088,638,FLAT,15.6,20.0,183.817142857143,2018-07-14,2018-07-07,2018-08-24,23,312.0,,
597,H1088,101,FLAT,30.66,9.4,240.0,2018-07-15,2018-07-15,2018-08-28,30,288.204,,
543,H1087,833,FLAT,7.281,14.575,75.8410245714286,2018-07-16,2018-07-09,2018-09-21,32,106.120575,,
599,H1088,824,FLAT,14.342,13.72,112.551818285714,2018-07-16,2018-07-09,2018-08-29,26,196.77224,,
542,H1087,823,FLAT,17.548,14.578,148.700110857143,2018-07-16,2018-07-09,2018-09-21,32,255.814744,,
598,H1088,824,FLAT,14.342,13.72,112.551818285714,2018-07-17,2018-07-10,2018-08-30,26,196.77224,,
662,H1088,183,FLAT,7.507,14.276,74.3312071428571,2018-07-18,2018-07-13,2018-08-21,20,107.169932,,
663,H1088,193,FLAT,14.445,14.246,117.601868857143,2018-07-18,2018-07-13,2018-08-21,20,205.78347,,
494,H1087,835,FLAT,16.0,17.3,158.654285714286,2018-07-20,2018-07-13,2018-10-02,39,276.8,,
493,H1087,825,CURVED,18.455,17.3,182.822007142857,2018-07-20,2018-07-13,2018-10-02,39,319.2715,,
654,H1087,183,FLAT,7.507,14.276,74.3312071428571,2018-07-20,2018-07-15,2018-08-22,19,107.169932,,
655,H1087,193,CURVED,14.445,14.246,117.601868857143,2018-07-20,2018-07-15,2018-08-22,19,205.78347,,
538,H1088,283,CURVED,13.7,18.32,149.517828571429,2018-07-22,2018-07-16,2018-09-21,31,250.984,,
539,H1087,293,FLAT,22.5,18.32,240.0,2018-07-22,2018-07-16,2018-09-21,31,412.2,,
497,H1087,832,FLAT,6.662,14.583,73.4417522857143,2018-07-23,2018-07-16,2018-10-01,35,97.151946,,
496,H1087,822,FLAT,16.055,14.575,134.341042857143,2018-07-23,2018-07-16,2018-10-01,35,234.001625,,
548,H1088,282,FLAT,14.7,19.5,170.382857142857,2018-07-23,2018-07-17,2018-09-21,30,286.65,,
549,H1088,292,FLAT,16.6,19.5,187.374285714286,2018-07-23,2018-07-17,2018-09-21,30,323.7,,
609,H1087,182,FLAT,21.0,7.3,141.225714285714,2018-07-25,2018-07-21,2018-09-01,18,153.3,,
610,H1087,182,CURVED,22.0,7.3,153.511428571429,2018-07-25,2018-07-21,2018-09-01,18,160.6,,
611,H1088,192,FLAT,13.889,7.3,70.3412345714286,2018-07-25,2018-07-21,2018-09-01,18,101.3897,,
612,H1088,192,FLAT,13.889,7.3,70.3412345714286,2018-07-25,2018-07-21,2018-09-01,18,101.3897,,
622,H1087,123,FLAT,16.106,12.2,116.640924571429,2018-07-25,2018-07-24,2018-08-25,23,196.4932,,
623,H1087,123,FLAT,16.106,12.2,116.640924571429,2018-07-25,2018-07-24,2018-08-25,23,196.4932,,
624,H1087,133,FLAT,24.07,12.2,208.058542857143,2018-07-25,2018-07-24,2018-08-25,23,293.654,,
625,H1087,133,FLAT,24.07,12.2,208.058542857143,2018-07-25,2018-07-24,2018-08-25,23,293.654,,
501,H1088,694,FLAT,16.7,18.4,176.414285714286,2018-07-27,2018-07-20,2018-09-28,38,307.28,,
500,H1088,684,FLAT,17.5,18.4,184.231428571429,2018-07-27,2018-07-20,2018-09-28,38,322.0,,
526,H1087,123,FLAT,19.5,18.75,209.089285714286,2018-07-27,2018-07-21,2018-09-18,39,365.625,,
567,H1088,102,FLAT,19.76,18.47,209.028142857143,2018-07-27,2018-07-27,2018-09-09,38,364.9672,,
423,H1088,110,FLAT,16.0,4.932,80.0927497142857,2018-07-28,2018-07-22,2018-10-01,51,78.912,,
528,H1087,182,FLAT,12.25,9.2,67.0578571428571,2018-07-28,2018-07-22,2018-09-17,37,112.7,,
570,H1088,271,FLAT,17.8,16.0,163.668571428571,2018-07-28,2018-07-22,2018-09-11,31,284.8,,
571,H1087,271,FLAT,17.8,16.0,163.668571428571,2018-07-28,2018-07-22,2018-09-11,31,284.8,,
568,H1088,261,FLAT,20.1,16.0,188.574285714286,2018-07-28,2018-07-22,2018-09-11,31,321.6,,
569,H1088,261,FLAT,20.1,16.0,188.574285714286,2018-07-28,2018-07-22,2018-09-11,31,321.6,,
550,H1088,123,FLAT,16.106,12.2,116.640924571429,2018-07-28,2018-07-24,2018-09-17,28,196.4932,,
561,H1087,133,FLAT,24.07,12.2,208.058542857143,2018-07-28,2018-07-24,2018-09-13,28,293.654,,
592,H1087,231,CURVED,14.308,15.97,131.359932571429,2018-07-29,2018-07-15,2018-09-10,21,228.49876,,
575,H1087,122,FLAT,15.531,12.2,111.443417428571,2018-07-30,2018-07-31,2018-09-12,27,189.4782,,
576,H1087,132,FLAT,18.94,12.2,145.018171428571,2018-07-30,2018-07-31,2018-09-12,27,231.068,,
502,H1088,192,CURVED,16.9,9.2,105.785714285714,2018-08-03,2018-07-28,2018-09-23,37,155.48,,
420,H1088,294,FLAT,20.0,18.4,211.017142857143,2018-08-04,2018-07-28,2018-10-13,45,368.0,,
419,H1088,284,FLAT,20.0,18.4,211.017142857143,2018-08-05,2018-07-29,2018-10-14,45,368.0,,
627,H1088,231,FLAT,15.25,8.2,85.6578571428571,2018-08-05,2018-07-30,2018-09-02,14,125.05,,
626,H1087,221,FLAT,18.25,8.2,114.372142857143,2018-08-05,2018-07-30,2018-09-02,14,149.65,,
523,H1087,633,FLAT,12.7,19.8,158.094285714286,2018-08-05,2018-07-30,2018-09-22,34,251.46,,
522,H1088,623,FLAT,13.6,19.8,164.857142857143,2018-08-05,2018-07-30,2018-09-22,34,269.28,,
566,H1088,111,FLAT,22.2,13.8,195.222857142857,2018-08-06,2018-07-22,2018-09-09,25,306.36,,
424,H1088,293,FLAT,19.5,18.9,210.702857142857,2018-08-06,2018-07-30,2018-10-13,43,368.55,,
438,H1088,111,FLAT,11.85,25.0,218.692142857143,2018-08-06,2018-07-31,2018-09-29,40,296.25,,
467,H1088,103,FLAT,34.122,13.75,240.0,2018-08-06,2018-07-31,2018-09-29,40,469.1775,,
593,H1087,112,FLAT,21.0,8.6,147.131428571429,2018-08-06,2018-08-01,2018-08-31,18,180.6,,
594,H1087,112,FLAT,21.0,8.6,147.131428571429,2018-08-06,2018-08-01,2018-08-31,18,180.6,,
584,H1088,221,FLAT,14.0,15.97,128.868828571429,2018-08-07,2018-07-16,2018-09-18,20,223.58,,
418,H1087,283,FLAT,18.4,18.9,198.791428571429,2018-08-08,2018-08-01,2018-10-16,44,347.76,,
545,H1087,273,FLAT,14.5,18.79,160.946885714286,2018-08-08,2018-08-02,2018-09-22,26,272.455,,
541,H1087,263,FLAT,16.6,18.79,179.606885714286,2018-08-08,2018-08-02,2018-09-23,26,311.914,,
583,H1088,112,CURVED,21.0,8.6,147.131428571429,2018-08-08,2018-08-03,2018-09-07,18,180.6,,
536,H1088,143,FLAT,13.809,15.686,124.782593428571,2018-08-10,2018-08-03,2018-09-22,31,216.607974,,
537,H1088,153,FLAT,18.919,15.5,170.908160285714,2018-08-10,2018-08-03,2018-09-22,31,293.2445,,
509,H1087,683,FLAT,16.6,18.9,180.791428571429,2018-08-10,2018-08-03,2018-09-28,24,313.74,,
510,H1087,693,FLAT,16.6,18.9,180.791428571429,2018-08-10,2018-08-03,2018-09-28,24,313.74,,
531,H1088,632,FLAT,13.5,20.0,166.357142857143,2018-08-11,2018-08-05,2018-09-23,29,270.0,,
530,H1087,622,FLAT,16.9,20.0,195.888571428571,2018-08-11,2018-08-05,2018-09-23,29,338.0,,
553,H1088,182,FLAT,20.0,7.3,129.511428571429,2018-08-12,2018-08-06,2018-09-22,17,146.0,,
554,H1088,192,FLAT,13.889,7.3,70.3412345714286,2018-08-12,2018-08-06,2018-09-22,17,101.3897,,
483,H1088,271,FLAT,17.8,16.0,163.668571428571,2018-08-12,2018-08-06,2018-10-05,31,284.8,,
482,H1087,261,FLAT,20.1,16.0,188.574285714286,2018-08-12,2018-08-06,2018-10-05,31,321.6,,
516,H1088,124,FLAT,18.618,14.354,157.904925714286,2018-08-13,2018-08-03,2018-09-27,32,267.242772,,
517,H1088,134,FLAT,22.828,14.354,207.758542857143,2018-08-13,2018-08-03,2018-09-27,32,327.673112,,
470,H1088,273,FLAT,14.5,18.79,160.946885714286,2018-08-13,2018-08-12,2018-10-10,25,272.455,,
469,H1088,263,FLAT,16.6,18.79,179.606885714286,2018-08-13,2018-08-12,2018-10-10,25,311.914,,
572,H1087,103,FLAT,29.101,15.68,240.0,2018-08-14,2018-08-09,2018-09-13,26,456.30368,,
460,H1087,273,FLAT,14.5,18.79,160.946885714286,2018-08-14,2018-08-13,2018-10-11,25,272.455,,
459,H1087,263,FLAT,16.6,18.79,179.606885714286,2018-08-14,2018-08-13,2018-10-11,25,311.914,,
555,H1087,632,FLAT,13.38,17.28,136.463657142857,2018-08-15,2018-08-03,2018-09-20,16,231.2064,,
503,H1088,144,FLAT,17.566,15.678,158.389725714286,2018-08-15,2018-08-07,2018-09-29,31,275.399748,,
468,H1088,154,FLAT,19.932,15.976,186.433485714286,2018-08-15,2018-08-07,2018-10-07,39,318.433632,,
556,H1087,622,CURVED,13.38,17.28,136.463657142857,2018-08-17,2018-08-05,2018-09-20,15,231.2064,,
513,H1087,835,FLAT,7.416,16.884,97.1618605714286,2018-08-18,2018-08-12,2018-09-28,20,125.211744,,
514,H1087,835,FLAT,7.416,16.884,97.1618605714286,2018-08-18,2018-08-12,2018-09-28,20,125.211744,,
511,H1087,825,CURVED,19.167,16.931,186.866471428571,2018-08-18,2018-08-12,2018-09-28,20,324.516477,,
512,H1087,825,FLAT,19.167,16.931,186.866471428571,2018-08-18,2018-08-12,2018-09-28,20,324.516477,,
573,H1087,104,FLAT,13.35,13.05,99.5785714285714,2018-08-19,2018-08-13,2018-09-17,15,174.2175,,
461,H1087,124,FLAT,15.49,19.15,173.332171428571,2018-08-19,2018-08-13,2018-10-05,33,296.6335,,
525,H1087,832,FLAT,6.767,14.288,71.4112094285714,2018-08-19,2018-08-14,2018-09-30,16,96.686896,,
524,H1087,822,FLAT,16.086,14.292,132.291617142857,2018-08-19,2018-08-14,2018-09-30,16,229.901112,,
406,H1088,801,FLAT,28.614,19.075,240.0,2018-08-19,2018-08-17,2018-11-01,58,545.81205,,
452,H1088,803,FLAT,15.5,20.0,182.928571428571,2018-08-19,2018-08-18,2018-10-04,29,310.0,,
462,H1087,283,FLAT,13.7,18.32,149.517828571429,2018-08-20,2018-08-13,2018-10-09,30,250.984,,
450,H1087,293,FLAT,22.5,18.32,240.0,2018-08-20,2018-08-13,2018-10-10,30,412.2,,
578,H1087,132,FLAT,11.0,9.55,60.6292857142857,2018-08-20,2018-08-14,2018-09-17,14,105.05,,
577,H1087,122,FLAT,18.0,9.55,118.629285714286,2018-08-20,2018-08-14,2018-09-17,14,171.9,,
532,H1088,162,FLAT,17.86,7.8,108.519885714286,2018-08-20,2018-08-14,2018-09-24,21,139.308,,
533,H1088,172,FLAT,18.45,12.45,141.544285714286,2018-08-20,2018-08-14,2018-09-24,21,229.7025,,
504,H1088,662,FLAT,14.6,20.0,175.188571428571,2018-08-20,2018-08-14,2018-09-30,27,292.0,,
505,H1088,672,FLAT,14.6,20.0,175.188571428571,2018-08-20,2018-08-14,2018-09-30,27,292.0,,
451,H1088,134,FLAT,18.74,19.44,208.314628571429,2018-08-20,2018-08-14,2018-10-06,33,364.3056,,
446,H1087,193,FLAT,20.1,20.9,240.0,2018-08-20,2018-08-14,2018-10-08,35,420.09,,
520,H1088,832,CURVED,6.767,14.288,71.4112094285714,2018-08-20,2018-08-15,2018-10-01,16,96.686896,,
519,H1088,822,FLAT,16.086,14.292,132.291617142857,2018-08-20,2018-08-15,2018-10-01,16,229.901112,,
551,H1088,623,FLAT,13.38,18.79,152.025285714286,2018-08-20,2018-08-17,2018-09-23,15,251.4102,,
552,H1088,633,FLAT,13.38,18.79,152.025285714286,2018-08-20,2018-08-17,2018-09-23,15,251.4102,,
449,H1087,803,FLAT,15.5,19.0,171.785714285714,2018-08-20,2018-08-19,2018-10-05,29,294.5,,
544,H1087,631,FLAT,10.53,15.97,104.549085714286,2018-08-21,2018-07-19,2018-09-24,8,168.1641,,
447,H1087,283,FLAT,13.7,18.32,149.517828571429,2018-08-21,2018-08-14,2018-10-11,31,250.984,,
445,H1087,293,FLAT,22.5,18.32,240.0,2018-08-21,2018-08-14,2018-10-12,31,412.2,,
521,H1088,191,FLAT,9.0,11.95,63.9435714285714,2018-08-21,2018-08-15,2018-09-28,24,107.55,,
506,H1088,143,FLAT,10.97,13.152,83.8045725714286,2018-08-21,2018-08-15,2018-09-29,25,144.27744,,
507,H1087,153,FLAT,18.861,13.05,150.297091714286,2018-08-21,2018-08-15,2018-09-29,25,246.13605,,
540,H1087,621,FLAT,8.95,15.97,95.7552571428572,2018-08-22,2018-07-20,2018-09-25,10,142.9315,,
518,H1088,181,FLAT,15.0,11.95,105.086428571429,2018-08-22,2018-08-16,2018-09-29,24,179.25,,
546,H1087,161,FLAT,11.58,12.405,82.2801214285714,2018-08-22,2018-08-16,2018-09-24,19,143.6499,,
547,H1088,171,CURVED,21.526,7.65,149.111764571429,2018-08-22,2018-08-16,2018-09-24,19,164.6739,,
448,H1087,183,CURVED,9.9,20.9,152.805714285714,2018-08-22,2018-08-16,2018-10-08,33,206.91,,
463,H1087,125,FLAT,14.8,19.15,167.360714285714,2018-08-22,2018-08-16,2018-10-06,31,283.42,,
433,H1087,631,FLAT,16.117,19.25,180.091482571429,2018-08-24,2018-08-18,2018-10-14,37,310.25225,,
432,H1087,621,FLAT,18.334,19.25,201.913730285714,2018-08-24,2018-08-18,2018-10-14,37,352.9295,,
453,H1088,135,FLAT,18.6,19.35,205.823571428571,2018-08-24,2018-08-18,2018-10-07,30,359.91,,
484,H1088,623,CURVED,13.38,18.79,152.025285714286,2018-08-24,2018-08-24,2018-10-10,15,251.4102,,
485,H1088,633,FLAT,13.38,18.79,152.025285714286,2018-08-24,2018-08-24,2018-10-10,15,251.4102,,
472,H1088,272,FLAT,14.4,17.28,144.559542857143,2018-08-25,2018-08-19,2018-10-10,31,248.832,,
471,H1088,262,FLAT,14.6,17.28,146.216685714286,2018-08-25,2018-08-19,2018-10-10,31,252.288,,
476,H1087,623,FLAT,13.38,18.79,152.025285714286,2018-08-25,2018-08-25,2018-10-11,15,251.4102,,
477,H1087,633,FLAT,13.38,18.79,152.025285714286,2018-08-25,2018-08-25,2018-10-11,15,251.4102,,
454,H1088,194,FLAT,20.1,21.05,240.0,2018-08-26,2018-08-20,2018-10-07,28,423.105,,
498,H1087,183,FLAT,8.82,15.798,93.5340582857143,2018-08-27,2018-08-21,2018-10-02,22,139.33836,,
455,H1088,184,FLAT,9.804,21.05,154.063118857143,2018-08-27,2018-08-21,2018-10-07,27,206.3742,,
499,H1088,193,FLAT,15.59,15.978,142.384166857143,2018-08-27,2018-08-21,2018-10-02,22,249.09702,,
377,H1088,102,FLAT,22.89,15.65,219.678457142857,2018-08-28,2018-08-22,2018-11-02,52,358.2285,,
436,H1088,112,FLAT,14.612,23.0,212.145869714286,2018-08-29,2018-08-23,2018-10-12,30,336.076,,
402,H1087,101,FLAT,11.577,13.021,86.7352485714286,2018-08-29,2018-08-23,2018-10-31,49,150.744117,,
489,H1088,155,FLAT,14.7,13.05,110.397857142857,2018-08-31,2018-08-25,2018-10-06,22,191.835,,
495,H1087,144,FLAT,10.5,13.05,80.1578571428571,2018-09-01,2018-08-26,2018-10-05,20,137.025,,
456,H1088,671,FLAT,18.6,14.9,162.277142857143,2018-09-01,2018-08-26,2018-10-10,25,277.14,,
478,H1087,642,FLAT,13.412,19.5,160.037641142857,2018-09-01,2018-08-27,2018-10-11,16,261.534,,
479,H1087,652,FLAT,13.412,19.5,160.037641142857,2018-09-01,2018-08-27,2018-10-11,16,261.534,,
490,H1088,154,FLAT,14.94,13.05,112.430314285714,2018-09-02,2018-08-27,2018-10-06,20,194.967,,
473,H1088,642,FLAT,13.412,19.5,160.037641142857,2018-09-02,2018-08-28,2018-10-12,16,261.534,,
474,H1088,652,FLAT,13.412,19.5,160.037641142857,2018-09-02,2018-08-28,2018-10-12,16,261.534,,
486,H1088,145,FLAT,10.1,13.065,77.9154928571428,2018-09-03,2018-08-28,2018-10-07,20,131.9565,,
441,H1088,836,FLAT,8.0,21.0,144.285714285714,2018-09-04,2018-09-01,2018-10-11,33,168.0,,
442,H1088,836,FLAT,8.0,21.0,144.285714285714,2018-09-04,2018-09-01,2018-10-11,33,168.0,,
439,H1088,826,CURVED,20.5,21.0,240.0,2018-09-04,2018-09-01,2018-10-11,33,430.5,,
440,H1088,826,FLAT,20.5,21.0,240.0,2018-09-04,2018-09-01,2018-10-11,33,430.5,,
408,H1088,801,FLAT,28.614,19.075,240.0,2018-09-07,2018-08-29,2018-10-29,37,545.81205,,
434,H1087,803,FLAT,15.5,18.0,161.214285714286,2018-09-07,2018-09-06,2018-10-13,32,279.0,,
407,H1088,801,FLAT,28.614,19.075,240.0,2018-09-08,2018-08-30,2018-10-30,37,545.81205,,
427,H1087,661,FLAT,18.6,14.9,162.277142857143,2018-09-08,2018-09-02,2018-10-21,29,277.14,,
426,H1088,834,FLAT,9.215,10.9,58.2074928571429,2018-09-10,2018-09-04,2018-10-26,19,100.4435,,
425,H1088,824,FLAT,15.665,11.094,105.276874571429,2018-09-10,2018-09-04,2018-10-26,19,173.78751,,
430,H1087,832,CURVED,6.767,14.288,71.4112094285714,2018-09-11,2018-09-05,2018-10-26,18,96.686896,,
431,H1087,833,FLAT,8.709,14.287,79.9900142857143,2018-09-11,2018-09-05,2018-10-26,18,124.425483,,
428,H1087,822,FLAT,16.086,14.292,132.291617142857,2018-09-11,2018-09-05,2018-10-26,18,229.901112,,
429,H1087,823,FLAT,16.231,14.307,133.753031428571,2018-09-11,2018-09-05,2018-10-26,18,232.216917,,
437,H1088,292,FLAT,16.6,19.5,187.374285714286,2018-09-12,2018-09-06,2018-10-18,34,323.7,,
465,H1087,653,FLAT,11.2,17.72,125.553828571429,2018-09-12,2018-09-09,2018-10-13,16,198.464,,
464,H1087,643,FLAT,13.412,17.72,141.108612571429,2018-09-12,2018-09-09,2018-10-13,16,237.66064,,
444,H1087,282,FLAT,14.7,19.5,170.382857142857,2018-09-14,2018-09-07,2018-10-16,32,286.65,,
435,H1088,292,FLAT,16.6,19.5,187.374285714286,2018-09-14,2018-09-08,2018-10-19,33,323.7,,
492,H1087,834,FLAT,9.215,10.9,58.2074928571429,2018-09-14,2018-09-10,2018-10-08,22,100.4435,,
491,H1087,824,FLAT,15.665,11.094,105.276874571429,2018-09-14,2018-09-10,2018-10-08,22,173.78751,,
458,H1088,653,FLAT,11.2,17.72,125.553828571429,2018-09-14,2018-09-11,2018-10-14,15,198.464,,
457,H1088,643,CURVED,13.412,17.72,141.108612571429,2018-09-14,2018-09-11,2018-10-14,15,237.66064,,
515,H1088,833,FLAT,8.709,14.287,79.9900142857143,2018-09-14,2018-09-14,2018-10-04,15,124.425483,,
475,H1087,823,CURVED,16.231,14.307,133.753031428571,2018-09-14,2018-09-14,2018-10-13,21,232.216917,,
443,H1087,282,FLAT,14.7,19.5,170.382857142857,2018-09-15,2018-09-08,2018-10-17,32,286.65,,
488,H1088,834,FLAT,9.215,10.9,58.2074928571429,2018-09-15,2018-09-11,2018-10-09,22,100.4435,,
487,H1088,824,FLAT,15.665,11.094,105.276874571429,2018-09-15,2018-09-11,2018-10-09,22,173.78751,,
508,H1087,833,FLAT,8.709,14.287,79.9900142857143,2018-09-15,2018-09-15,2018-10-05,15,124.425483,,
466,H1087,823,CURVED,16.231,14.307,133.753031428571,2018-09-15,2018-09-15,2018-10-14,21,232.216917,,
415,H1087,836,FLAT,8.0,21.0,144.285714285714,2018-09-16,2018-09-08,2018-10-23,31,168.0,,
414,H1087,826,FLAT,20.5,21.0,240.0,2018-09-16,2018-09-08,2018-10-23,31,430.5,,
390,H1088,182,FLAT,12.25,9.2,67.0578571428571,2018-09-17,2018-09-11,2018-11-11,41,112.7,,
378,H1088,123,FLAT,19.5,18.75,209.089285714286,2018-09-18,2018-09-12,2018-11-14,43,365.625,,
379,H1087,133,FLAT,25.083,18.75,240.0,2018-09-18,2018-09-12,2018-11-14,43,470.30625,,
403,H1088,824,CURVED,24.1,17.41,240.0,2018-09-19,2018-09-13,2018-11-01,34,419.581,,
330,H1088,110,FLAT,15.0,4.932,71.2356068571429,2018-09-21,2018-09-15,2018-11-28,54,73.98,,
413,H1087,834,FLAT,20.0,16.8,194.925714285714,2018-09-21,2018-09-15,2018-10-23,33,336.0,,
373,H1088,192,FLAT,16.9,9.2,105.785714285714,2018-09-23,2018-09-17,2018-11-17,41,155.48,,
412,H1087,653,CURVED,11.2,17.72,125.553828571429,2018-09-23,2018-09-17,2018-11-02,19,198.464,,
417,H1087,643,FLAT,13.412,17.72,141.108612571429,2018-09-23,2018-09-17,2018-10-30,19,237.66064,,
411,H1087,652,FLAT,13.412,19.5,160.037641142857,2018-09-23,2018-09-17,2018-11-02,19,261.534,,
416,H1087,642,FLAT,13.412,19.5,160.037641142857,2018-09-23,2018-09-17,2018-10-30,19,261.534,,
353,H1087,801,FLAT,24.3,17.0,240.0,2018-09-23,2018-09-22,2018-11-27,47,413.1,,
351,H1087,111,FLAT,11.85,24.0,204.692142857143,2018-09-26,2018-09-20,2018-11-23,44,284.4,,
381,H1087,633,FLAT,12.7,19.8,158.094285714286,2018-09-26,2018-09-20,2018-11-17,38,251.46,,
380,H1087,623,FLAT,13.6,19.8,164.857142857143,2018-09-26,2018-09-20,2018-11-17,38,269.28,,
398,H1087,825,FLAT,24.4,10.4,201.005714285714,2018-09-28,2018-09-09,2018-11-09,33,253.76,,
422,H1088,231,FLAT,15.25,8.2,85.6578571428571,2018-09-28,2018-09-22,2018-10-29,17,125.05,,
421,H1088,221,CURVED,18.25,8.2,114.372142857143,2018-09-28,2018-09-22,2018-10-29,17,149.65,,
410,H1088,835,FLAT,7.416,16.884,97.1618605714286,2018-09-28,2018-09-28,2018-10-30,25,125.211744,,
409,H1088,825,FLAT,19.167,16.931,186.866471428571,2018-09-28,2018-09-28,2018-10-30,25,324.516477,,
357,H1088,103,FLAT,34.122,13.75,240.0,2018-09-29,2018-09-23,2018-11-25,43,469.1775,,
392,H1088,632,FLAT,13.5,20.0,166.357142857143,2018-10-06,2018-09-30,2018-11-18,29,270.0,,
391,H1088,622,FLAT,16.9,20.0,195.888571428571,2018-10-06,2018-09-30,2018-11-18,29,338.0,,
324,H1088,101,FLAT,30.66,9.4,240.0,2018-10-07,2018-09-30,2018-12-16,30,288.204,,
325,H1088,101,FLAT,30.66,9.4,240.0,2018-10-07,2018-09-30,2018-12-16,30,288.204,,
394,H1088,833,CURVED,24.0,15.6,234.102857142857,2018-10-08,2018-09-12,2018-11-12,30,374.4,,
393,H1088,823,FLAT,21.1,15.6,196.734285714286,2018-10-08,2018-09-12,2018-11-12,30,329.16,,
372,H1088,835,FLAT,13.5,10.4,82.9742857142857,2018-10-09,2018-09-20,2018-11-19,32,140.4,,
395,H1087,845,FLAT,18.075,12.65,139.065178571429,2018-10-12,2018-09-21,2018-11-11,31,228.64875,,
360,H1088,193,FLAT,20.1,20.9,240.0,2018-10-12,2018-10-06,2018-11-30,35,420.09,,
400,H1087,832,FLAT,22.0,15.4,206.045714285714,2018-10-13,2018-09-18,2018-11-12,24,338.8,,
399,H1087,822,FLAT,19.175,15.4,172.811607142857,2018-10-13,2018-09-18,2018-11-12,24,295.295,,
385,H1087,855,CURVED,14.0,12.6,101.36,2018-10-13,2018-09-22,2018-11-13,31,176.4,,
363,H1087,124,FLAT,15.49,19.15,173.332171428571,2018-10-13,2018-10-07,2018-11-28,32,296.6335,,
361,H1088,183,FLAT,9.9,20.9,152.805714285714,2018-10-14,2018-10-08,2018-11-30,33,206.91,,
374,H1088,662,FLAT,14.6,20.0,175.188571428571,2018-10-14,2018-10-08,2018-11-24,27,292.0,,
375,H1088,672,FLAT,14.6,20.0,175.188571428571,2018-10-14,2018-10-08,2018-11-24,27,292.0,,
387,H1088,191,FLAT,9.0,11.95,63.9435714285714,2018-10-15,2018-10-09,2018-11-21,23,107.55,,
401,H1087,104,FLAT,13.35,13.05,99.5785714285714,2018-10-15,2018-10-09,2018-11-13,15,174.2175,,
356,H1088,134,FLAT,18.74,19.44,208.314628571429,2018-10-15,2018-10-09,2018-12-01,33,364.3056,,
354,H1087,221,FLAT,20.0,15.97,187.154542857143,2018-10-15,2018-10-14,2018-12-18,12,319.4,,
355,H1088,221,FLAT,21.0,15.97,198.868828571429,2018-10-15,2018-10-14,2018-12-18,12,335.37,,
405,H1088,132,FLAT,10.0,9.55,54.6292857142857,2018-10-16,2018-10-10,2018-11-13,14,95.5,,
376,H1088,181,CURVED,14.0,11.95,96.8007142857143,2018-10-16,2018-10-10,2018-11-23,24,167.3,,
404,H1088,122,FLAT,17.0,9.55,108.629285714286,2018-10-16,2018-10-10,2018-11-13,14,162.35,,
388,H1088,162,FLAT,17.86,7.8,108.519885714286,2018-10-16,2018-10-10,2018-11-20,21,139.308,,
389,H1088,172,FLAT,18.45,12.45,141.544285714286,2018-10-16,2018-10-10,2018-11-20,21,229.7025,,
362,H1088,125,FLAT,14.8,19.15,167.360714285714,2018-10-16,2018-10-10,2018-11-30,31,283.42,,
369,H1087,143,FLAT,10.97,13.152,83.8045725714286,2018-10-17,2018-10-11,2018-11-25,25,144.27744,,
370,H1087,153,FLAT,18.861,13.05,150.297091714286,2018-10-17,2018-10-11,2018-11-25,25,246.13605,,
358,H1088,135,CURVED,18.6,19.35,205.823571428571,2018-10-17,2018-10-11,2018-12-01,31,359.91,,
364,H1087,194,FLAT,20.1,21.05,240.0,2018-10-17,2018-10-11,2018-11-28,28,423.105,,
396,H1087,161,FLAT,11.58,12.405,82.2801214285714,2018-10-19,2018-10-13,2018-11-20,18,143.6499,,
397,H1087,171,FLAT,21.526,7.65,149.111764571429,2018-10-19,2018-10-13,2018-11-20,18,164.6739,,
365,H1087,184,FLAT,9.804,21.05,154.063118857143,2018-10-19,2018-10-13,2018-11-28,26,206.3742,,
340,H1088,631,CURVED,16.117,19.25,180.091482571429,2018-10-19,2018-10-13,2018-12-09,37,310.25225,,
339,H1088,621,FLAT,18.334,19.25,201.913730285714,2018-10-19,2018-10-13,2018-12-09,37,352.9295,,
349,H1087,231,CURVED,14.308,15.97,131.359932571429,2018-10-19,2018-10-15,2018-12-18,14,228.49876,,
350,H1087,231,FLAT,14.308,15.97,131.359932571429,2018-10-19,2018-10-15,2018-12-18,14,228.49876,,
382,H1087,683,FLAT,17.8,14.8,153.108571428571,2018-10-20,2018-09-24,2018-11-16,32,263.44,,
383,H1087,693,FLAT,17.8,14.8,153.108571428571,2018-10-20,2018-09-24,2018-11-16,32,263.44,,
386,H1087,643,FLAT,19.9,14.2,170.757142857143,2018-10-23,2018-09-26,2018-11-18,26,282.58,,
384,H1087,653,FLAT,17.9,14.2,149.157142857143,2018-10-24,2018-09-27,2018-11-19,26,254.18,,
341,H1088,112,FLAT,14.612,22.0,199.288726857143,2018-10-24,2018-10-18,2018-12-07,30,321.464,,
368,H1087,155,FLAT,14.7,13.05,110.397857142857,2018-10-24,2018-10-18,2018-11-30,23,191.835,,
333,H1087,684,FLAT,14.7,20.0,176.025714285714,2018-10-26,2018-10-14,2018-12-15,35,294.0,,
336,H1087,694,FLAT,14.7,20.0,176.025714285714,2018-10-26,2018-10-14,2018-12-14,35,294.0,,
371,H1088,144,FLAT,10.5,13.05,80.1578571428571,2018-10-26,2018-10-20,2018-11-28,19,137.025,,
359,H1088,671,FLAT,18.6,14.9,162.277142857143,2018-10-26,2018-10-20,2018-12-04,25,277.14,,
342,H1088,122,FLAT,15.531,12.2,111.443417428571,2018-10-27,2018-10-20,2018-12-13,16,189.4782,,
343,H1088,122,FLAT,15.531,12.2,111.443417428571,2018-10-27,2018-10-20,2018-12-13,16,189.4782,,
344,H1088,132,FLAT,18.94,12.2,145.018171428571,2018-10-27,2018-10-20,2018-12-13,16,231.068,,
345,H1088,132,FLAT,18.94,12.2,145.018171428571,2018-10-27,2018-10-20,2018-12-13,16,231.068,,
307,H1088,632,FLAT,13.38,17.28,136.463657142857,2018-10-27,2018-10-23,2018-12-26,14,231.2064,,
308,H1088,632,FLAT,13.38,17.28,136.463657142857,2018-10-27,2018-10-23,2018-12-26,14,231.2064,,
346,H1088,103,FLAT,29.101,15.68,240.0,2018-10-28,2018-10-21,2018-12-13,16,456.30368,,
347,H1087,103,FLAT,29.101,15.68,240.0,2018-10-28,2018-10-21,2018-12-13,16,456.30368,,
366,H1087,145,FLAT,10.1,13.065,77.9154928571428,2018-10-28,2018-10-22,2018-12-01,20,131.9565,,
367,H1087,154,CURVED,14.94,13.05,112.430314285714,2018-10-28,2018-10-22,2018-12-01,20,194.967,,
326,H1088,622,FLAT,13.38,17.28,136.463657142857,2018-10-28,2018-10-23,2018-12-24,13,231.2064,,
327,H1088,622,FLAT,13.38,17.28,136.463657142857,2018-10-28,2018-10-23,2018-12-24,13,231.2064,,
279,H1088,111,FLAT,22.2,13.8,195.222857142857,2018-10-29,2018-10-22,2018-12-26,25,306.36,,
280,H1088,111,FLAT,22.2,13.8,195.222857142857,2018-10-29,2018-10-22,2018-12-26,25,306.36,,
213,H1088,101,FLAT,30.66,9.4,240.0,2018-11-02,2018-10-26,2019-01-11,30,288.204,,
214,H1088,101,CURVED,30.66,9.4,240.0,2018-11-02,2018-10-26,2019-01-11,30,288.204,,
348,H1087,661,FLAT,18.6,14.9,162.277142857143,2018-11-02,2018-10-27,2018-12-11,25,277.14,,
281,H1088,183,FLAT,8.82,15.798,93.5340582857143,2018-11-02,2018-10-29,2018-12-31,21,139.33836,,
282,H1088,183,FLAT,8.82,15.798,93.5340582857143,2018-11-02,2018-10-29,2018-12-31,21,139.33836,,
283,H1087,193,FLAT,15.59,15.978,142.384166857143,2018-11-02,2018-10-29,2018-12-31,21,249.09702,,
284,H1087,193,FLAT,15.59,15.978,142.384166857143,2018-11-02,2018-10-29,2018-12-31,21,249.09702,,
221,H1087,144,FLAT,17.566,15.678,158.389725714286,2018-11-03,2018-10-27,2019-01-11,23,275.399748,,
222,H1087,144,FLAT,17.566,15.678,158.389725714286,2018-11-03,2018-10-27,2019-01-11,23,275.399748,,
223,H1087,154,CURVED,19.932,15.976,186.433485714286,2018-11-03,2018-10-27,2019-01-11,23,318.433632,,
224,H1087,154,FLAT,19.932,15.976,186.433485714286,2018-11-03,2018-10-27,2019-01-11,23,318.433632,,
229,H1088,124,FLAT,18.618,14.354,157.904925714286,2018-11-04,2018-10-29,2019-01-08,22,267.242772,,
230,H1088,124,FLAT,18.618,14.354,157.904925714286,2018-11-04,2018-10-29,2019-01-08,22,267.242772,,
231,H1088,134,FLAT,22.828,14.354,207.758542857143,2018-11-04,2018-10-29,2019-01-08,22,327.673112,,
232,H1088,134,CURVED,22.828,14.354,207.758542857143,2018-11-04,2018-10-29,2019-01-08,22,327.673112,,
332,H1087,824,FLAT,24.1,17.41,240.0,2018-11-04,2018-10-29,2018-12-13,30,419.581,,
352,H1087,834,FLAT,19.0,16.8,183.782857142857,2018-11-05,2018-10-30,2018-12-04,30,319.2,,
317,H1087,143,FLAT,13.809,15.686,124.782593428571,2018-11-05,2018-10-30,2018-12-21,21,216.607974,,
318,H1087,143,FLAT,13.809,15.686,124.782593428571,2018-11-05,2018-10-30,2018-12-21,21,216.607974,,
319,H1087,153,FLAT,18.919,15.5,170.908160285714,2018-11-05,2018-10-30,2018-12-21,21,293.2445,,
320,H1087,153,FLAT,18.919,15.5,170.908160285714,2018-11-05,2018-10-30,2018-12-21,21,293.2445,,
311,H1088,621,FLAT,8.95,15.97,95.7552571428572,2018-11-05,2018-11-05,2018-12-26,14,142.9315,,
312,H1088,621,FLAT,8.95,15.97,95.7552571428572,2018-11-05,2018-11-05,2018-12-26,14,142.9315,,
305,H1087,631,FLAT,10.53,15.97,104.549085714286,2018-11-05,2018-11-05,2018-12-27,13,168.1641,,
306,H1087,631,FLAT,10.53,15.97,104.549085714286,2018-11-05,2018-11-05,2018-12-27,13,168.1641,,
255,H1087,273,FLAT,14.5,18.79,160.946885714286,2018-11-07,2018-11-06,2019-01-04,25,272.455,,
256,H1087,273,FLAT,14.5,18.79,160.946885714286,2018-11-07,2018-11-06,2019-01-04,25,272.455,,
253,H1087,263,FLAT,16.6,18.79,179.606885714286,2018-11-07,2018-11-06,2019-01-04,25,311.914,,
254,H1087,263,FLAT,16.6,18.79,179.606885714286,2018-11-07,2018-11-06,2019-01-04,25,311.914,,
200,H1088,801,FLAT,24.3,20.03,240.0,2018-11-07,2018-11-06,2019-01-08,44,486.729,,
329,H1088,835,FLAT,7.416,16.884,97.1618605714286,2018-11-09,2018-11-03,2018-12-19,19,125.211744,,
328,H1088,825,FLAT,19.167,16.931,186.866471428571,2018-11-09,2018-11-03,2018-12-19,19,324.516477,,
338,H1087,832,FLAT,6.767,14.288,71.4112094285714,2018-11-09,2018-11-04,2018-12-21,16,96.686896,,
337,H1087,822,FLAT,16.086,14.292,132.291617142857,2018-11-09,2018-11-04,2018-12-21,16,229.901112,,
270,H1087,803,FLAT,15.5,17.0,151.214285714286,2018-11-09,2018-11-08,2018-12-25,29,263.5,,
310,H1088,835,FLAT,7.416,16.884,97.1618605714286,2018-11-10,2018-11-04,2018-12-21,20,125.211744,,
309,H1088,825,FLAT,19.167,16.931,186.866471428571,2018-11-10,2018-11-04,2018-12-21,20,324.516477,,
335,H1087,832,FLAT,6.767,14.288,71.4112094285714,2018-11-10,2018-11-05,2018-12-22,16,96.686896,,
334,H1087,822,FLAT,16.086,14.292,132.291617142857,2018-11-10,2018-11-05,2018-12-22,16,229.901112,,
257,H1087,221,FLAT,18.0,15.97,165.440257142857,2018-11-10,2018-11-09,2019-01-12,11,287.46,,
258,H1087,221,FLAT,19.0,15.97,176.011685714286,2018-11-10,2018-11-09,2019-01-12,11,303.43,,
268,H1087,803,CURVED,15.5,16.0,141.785714285714,2018-11-10,2018-11-09,2018-12-26,29,248.0,,
292,H1088,825,FLAT,24.4,10.4,201.005714285714,2018-11-11,2018-10-23,2018-12-20,30,253.76,,
313,H1088,102,CURVED,19.76,18.47,209.028142857143,2018-11-11,2018-11-11,2018-12-18,20,364.9672,,
314,H1088,102,FLAT,19.76,18.47,209.028142857143,2018-11-11,2018-11-11,2018-12-18,20,364.9672,,
267,H1087,283,FLAT,13.7,18.32,149.517828571429,2018-11-12,2018-11-05,2019-01-01,30,250.984,,
251,H1087,293,FLAT,22.5,18.32,240.0,2018-11-12,2018-11-05,2019-01-02,30,412.2,,
252,H1087,293,FLAT,22.5,18.32,240.0,2018-11-12,2018-11-05,2019-01-02,30,412.2,,
227,H1088,272,FLAT,14.4,17.28,144.559542857143,2018-11-12,2018-11-12,2019-01-12,32,248.832,,
228,H1088,272,FLAT,14.4,17.28,144.559542857143,2018-11-12,2018-11-12,2019-01-12,32,248.832,,
225,H1087,262,FLAT,14.6,17.28,146.216685714286,2018-11-12,2018-11-12,2019-01-12,32,252.288,,
226,H1087,262,FLAT,14.6,17.28,146.216685714286,2018-11-12,2018-11-12,2019-01-12,32,252.288,,
248,H1088,283,FLAT,13.7,18.32,149.517828571429,2018-11-13,2018-11-06,2019-01-03,31,250.984,,
243,H1088,231,FLAT,14.308,15.97,131.359932571429,2018-11-13,2018-11-09,2019-01-12,14,228.49876,,
244,H1088,231,FLAT,14.308,15.97,131.359932571429,2018-11-13,2018-11-09,2019-01-12,14,228.49876,,
266,H1088,654,FLAT,19.2,15.1,170.471428571429,2018-11-18,2018-10-22,2018-12-31,31,289.92,,
265,H1088,644,FLAT,22.9,15.1,214.977142857143,2018-11-18,2018-10-22,2018-12-31,31,345.79,,
271,H1087,623,FLAT,13.38,18.79,152.025285714286,2018-11-18,2018-11-18,2019-01-04,15,251.4102,,
272,H1087,623,FLAT,13.38,18.79,152.025285714286,2018-11-18,2018-11-18,2019-01-04,15,251.4102,,
273,H1087,633,FLAT,13.38,18.79,152.025285714286,2018-11-18,2018-11-18,2019-01-04,15,251.4102,,
274,H1087,633,FLAT,13.38,18.79,152.025285714286,2018-11-18,2018-11-18,2019-01-04,15,251.4102,,
288,H1087,833,FLAT,23.0,15.6,220.674285714286,2018-11-19,2018-10-24,2018-12-24,30,358.8,,
287,H1087,823,FLAT,21.1,15.6,196.734285714286,2018-11-19,2018-10-24,2018-12-24,30,329.16,,
241,H1087,835,CURVED,13.5,10.4,82.9742857142857,2018-11-19,2018-10-31,2018-12-30,32,140.4,,
297,H1088,182,FLAT,18.0,7.3,107.797142857143,2018-11-20,2018-11-16,2018-12-28,18,131.4,,
298,H1088,182,FLAT,19.0,7.3,118.368571428571,2018-11-20,2018-11-16,2018-12-28,18,138.7,,
299,H1087,192,FLAT,13.889,7.3,70.3412345714286,2018-11-20,2018-11-16,2018-12-28,18,101.3897,,
300,H1087,192,FLAT,13.889,7.3,70.3412345714286,2018-11-20,2018-11-16,2018-12-28,18,101.3897,,
289,H1087,845,FLAT,18.075,12.65,139.065178571429,2018-11-21,2018-10-31,2018-12-22,32,228.64875,,
233,H1088,122,FLAT,15.531,12.2,111.443417428571,2018-11-21,2018-11-14,2019-01-08,17,189.4782,,
234,H1088,122,FLAT,15.531,12.2,111.443417428571,2018-11-21,2018-11-14,2019-01-08,17,189.4782,,
235,H1087,132,FLAT,18.94,12.2,145.018171428571,2018-11-21,2018-11-14,2019-01-08,17,231.068,,
236,H1087,132,FLAT,18.94,12.2,145.018171428571,2018-11-21,2018-11-14,2019-01-08,17,231.068,,
205,H1087,632,CURVED,13.38,17.28,136.463657142857,2018-11-21,2018-11-17,2019-01-20,14,231.2064,,
206,H1087,632,FLAT,13.38,17.28,136.463657142857,2018-11-21,2018-11-17,2019-01-20,14,231.2064,,
301,H1087,123,FLAT,16.106,12.2,116.640924571429,2018-11-21,2018-11-20,2018-12-22,23,196.4932,,
302,H1087,123,FLAT,16.106,12.2,116.640924571429,2018-11-21,2018-11-20,2018-12-22,23,196.4932,,
303,H1087,133,FLAT,24.07,12.2,208.058542857143,2018-11-21,2018-11-20,2018-12-22,23,293.654,,
304,H1087,133,CURVED,24.07,12.2,208.058542857143,2018-11-21,2018-11-20,2018-12-22,23,293.654,,
285,H1087,855,FLAT,13.0,12.6,93.6457142857143,2018-11-23,2018-11-02,2018-12-24,31,163.8,,
237,H1087,103,FLAT,29.101,15.68,240.0,2018-11-23,2018-11-16,2019-01-08,16,456.30368,,
238,H1087,103,FLAT,29.101,15.68,240.0,2018-11-23,2018-11-16,2019-01-08,16,456.30368,,
215,H1088,622,FLAT,13.38,17.28,136.463657142857,2018-11-23,2018-11-18,2019-01-18,12,231.2064,,
216,H1088,622,FLAT,13.38,17.28,136.463657142857,2018-11-23,2018-11-18,2019-01-18,12,231.2064,,
296,H1088,832,FLAT,21.0,15.4,193.76,2018-11-24,2018-10-30,2018-12-24,24,323.4,,
295,H1088,822,CURVED,19.175,15.4,172.811607142857,2018-11-24,2018-10-30,2018-12-24,24,295.295,,
180,H1088,111,FLAT,22.2,13.8,195.222857142857,2018-11-25,2018-11-18,2019-01-21,24,306.36,,
181,H1088,111,FLAT,22.2,13.8,195.222857142857,2018-11-25,2018-11-18,2019-01-21,24,306.36,,
275,H1088,642,FLAT,13.412,19.5,160.037641142857,2018-11-25,2018-11-20,2019-01-04,16,261.534,,
276,H1088,642,FLAT,13.412,19.5,160.037641142857,2018-11-25,2018-11-20,2019-01-04,16,261.534,,
277,H1088,652,CURVED,13.412,19.5,160.037641142857,2018-11-25,2018-11-20,2019-01-04,16,261.534,,
278,H1088,652,FLAT,13.412,19.5,160.037641142857,2018-11-25,2018-11-20,2019-01-04,16,261.534,,
260,H1088,836,FLAT,8.0,21.0,144.285714285714,2018-11-26,2018-11-23,2018-12-29,29,168.0,,
259,H1088,826,CURVED,20.5,21.0,240.0,2018-11-26,2018-11-23,2018-12-29,29,430.5,,
152,H1088,144,FLAT,17.566,15.678,158.389725714286,2018-11-27,2018-11-20,2019-02-05,24,275.399748,,
153,H1088,144,FLAT,17.566,15.678,158.389725714286,2018-11-27,2018-11-20,2019-02-05,24,275.399748,,
154,H1088,154,FLAT,19.932,15.976,186.433485714286,2018-11-27,2018-11-20,2019-02-05,24,318.433632,,
155,H1087,154,FLAT,19.932,15.976,186.433485714286,2018-11-27,2018-11-20,2019-02-05,24,318.433632,,
219,H1087,271,FLAT,17.8,16.0,163.668571428571,2018-11-27,2018-11-21,2019-01-12,32,284.8,,
220,H1087,271,FLAT,17.8,16.0,163.668571428571,2018-11-27,2018-11-21,2019-01-12,32,284.8,,
217,H1088,261,FLAT,20.1,16.0,188.574285714286,2018-11-27,2018-11-21,2019-01-12,32,321.6,,
218,H1088,261,FLAT,20.1,16.0,188.574285714286,2018-11-27,2018-11-21,2019-01-12,32,321.6,,
184,H1088,183,FLAT,8.82,15.798,93.5340582857143,2018-11-27,2018-11-23,2019-01-25,21,139.33836,,
185,H1088,183,FLAT,8.82,15.798,93.5340582857143,2018-11-27,2018-11-23,2019-01-25,21,139.33836,,
186,H1088,193,FLAT,15.59,15.978,142.384166857143,2018-11-27,2018-11-23,2019-01-25,21,249.09702,,
187,H1087,193,CURVED,15.59,15.978,142.384166857143,2018-11-27,2018-11-23,2019-01-25,21,249.09702,,
250,H1088,836,CURVED,8.0,21.0,144.285714285714,2018-11-27,2018-11-24,2018-12-30,29,168.0,,
249,H1088,826,FLAT,20.5,21.0,240.0,2018-11-27,2018-11-24,2018-12-30,29,430.5,,
198,H1088,801,FLAT,28.614,19.075,240.0,2018-11-28,2018-11-19,2019-01-16,34,545.81205,,
199,H1088,801,FLAT,28.614,19.075,240.0,2018-11-28,2018-11-19,2019-01-16,34,545.81205,,
162,H1087,124,FLAT,18.618,14.354,157.904925714286,2018-11-28,2018-11-22,2019-02-02,23,267.242772,,
163,H1088,124,FLAT,18.618,14.354,157.904925714286,2018-11-28,2018-11-22,2019-02-02,23,267.242772,,
164,H1088,134,FLAT,22.828,14.354,207.758542857143,2018-11-28,2018-11-22,2019-02-02,23,327.673112,,
165,H1088,134,FLAT,22.828,14.354,207.758542857143,2018-11-28,2018-11-22,2019-02-02,23,327.673112,,
246,H1088,683,FLAT,17.8,14.8,153.108571428571,2018-12-01,2018-11-05,2018-12-30,34,263.44,,
247,H1088,693,FLAT,17.8,14.8,153.108571428571,2018-12-01,2018-11-05,2018-12-30,34,263.44,,
207,H1087,143,FLAT,13.809,15.686,124.782593428571,2018-12-01,2018-11-25,2019-01-16,21,216.607974,,
208,H1087,143,FLAT,13.809,15.686,124.782593428571,2018-12-01,2018-11-25,2019-01-16,21,216.607974,,
209,H1087,153,FLAT,18.919,15.5,170.908160285714,2018-12-01,2018-11-25,2019-01-16,21,293.2445,,
210,H1087,153,FLAT,18.919,15.5,170.908160285714,2018-12-01,2018-11-25,2019-01-16,21,293.2445,,
203,H1087,621,FLAT,8.95,15.97,95.7552571428572,2018-12-01,2018-12-01,2019-01-21,14,142.9315,,
204,H1087,621,FLAT,8.95,15.97,95.7552571428572,2018-12-01,2018-12-01,2019-01-21,14,142.9315,,
201,H1088,631,FLAT,10.53,15.97,104.549085714286,2018-12-01,2018-12-01,2019-01-22,13,168.1641,,
202,H1088,631,FLAT,10.53,15.97,104.549085714286,2018-12-01,2018-12-01,2019-01-22,13,168.1641,,
290,H1087,112,FLAT,21.0,8.6,147.131428571429,2018-12-02,2018-11-27,2018-12-26,17,180.6,,
291,H1088,112,FLAT,21.0,8.6,147.131428571429,2018-12-02,2018-11-27,2018-12-26,17,180.6,,
176,H1087,263,FLAT,16.6,18.79,179.606885714286,2018-12-02,2018-12-01,2019-01-28,24,311.914,,
177,H1087,263,FLAT,16.6,18.79,179.606885714286,2018-12-02,2018-12-01,2019-01-28,24,311.914,,
286,H1087,643,CURVED,19.9,14.2,170.757142857143,2018-12-03,2018-11-06,2018-12-29,26,282.58,,
172,H1087,273,FLAT,14.5,18.79,160.946885714286,2018-12-03,2018-12-02,2019-01-30,25,272.455,,
173,H1087,273,FLAT,14.5,18.79,160.946885714286,2018-12-03,2018-12-02,2019-01-30,25,272.455,,
188,H1087,101,FLAT,30.66,9.4,240.0,2018-12-03,2018-12-03,2019-01-18,32,288.204,,
269,H1087,653,FLAT,17.9,14.2,149.157142857143,2018-12-04,2018-11-07,2018-12-30,26,254.18,,
322,H1087,834,CURVED,9.215,10.9,58.2074928571429,2018-12-04,2018-11-30,2018-12-25,19,100.4435,,
321,H1087,824,FLAT,15.665,11.094,105.276874571429,2018-12-04,2018-11-30,2018-12-25,19,173.78751,,
331,H1087,833,CURVED,8.709,14.287,79.9900142857143,2018-12-04,2018-12-04,2018-12-24,15,124.425483,,
294,H1088,823,FLAT,16.231,14.307,133.753031428571,2018-12-04,2018-12-04,2018-12-30,18,232.216917,,
239,H1087,292,FLAT,16.6,19.5,187.374285714286,2018-12-05,2018-11-29,2019-01-08,32,323.7,,
240,H1087,292,FLAT,16.6,19.5,187.374285714286,2018-12-05,2018-11-29,2019-01-08,32,323.7,,
316,H1087,834,FLAT,9.215,10.9,58.2074928571429,2018-12-05,2018-12-01,2018-12-26,19,100.4435,,
315,H1087,824,FLAT,15.665,11.094,105.276874571429,2018-12-05,2018-12-01,2018-12-26,19,173.78751,,
323,H1088,833,FLAT,8.709,14.287,79.9900142857143,2018-12-05,2018-12-05,2018-12-26,16,124.425483,,
293,H1088,823,FLAT,16.231,14.307,133.753031428571,2018-12-05,2018-12-05,2018-12-31,18,232.216917,,
170,H1088,684,FLAT,14.7,20.0,176.025714285714,2018-12-07,2018-11-25,2019-01-28,37,294.0,,
171,H1087,694,FLAT,14.7,20.0,176.025714285714,2018-12-07,2018-11-25,2019-01-27,37,294.0,,
245,H1088,282,FLAT,14.7,19.5,170.382857142857,2018-12-07,2018-11-30,2019-01-06,30,286.65,,
263,H1088,653,FLAT,11.2,17.72,125.553828571429,2018-12-07,2018-12-04,2019-01-06,15,198.464,,
264,H1088,653,FLAT,11.2,17.72,125.553828571429,2018-12-07,2018-12-04,2019-01-06,15,198.464,,
261,H1088,643,FLAT,13.412,17.72,141.108612571429,2018-12-07,2018-12-04,2019-01-06,15,237.66064,,
262,H1088,643,FLAT,13.412,17.72,141.108612571429,2018-12-07,2018-12-04,2019-01-06,15,237.66064,,
211,H1088,102,FLAT,19.76,18.47,209.028142857143,2018-12-07,2018-12-07,2019-01-12,19,364.9672,,
212,H1088,102,FLAT,19.76,18.47,209.028142857143,2018-12-07,2018-12-07,2019-01-12,19,364.9672,,
242,H1087,282,FLAT,14.7,19.5,170.382857142857,2018-12-08,2018-12-01,2019-01-07,30,286.65,,
139,H1087,283,FLAT,13.7,18.32,149.517828571429,2018-12-08,2018-12-02,2019-02-10,34,250.984,,
140,H1087,293,FLAT,22.5,18.32,240.0,2018-12-08,2018-12-02,2019-02-10,34,412.2,,
150,H1088,272,FLAT,14.4,17.28,144.559542857143,2018-12-08,2018-12-08,2019-02-09,34,248.832,,
151,H1088,272,CURVED,14.4,17.28,144.559542857143,2018-12-08,2018-12-08,2019-02-09,34,248.832,,
148,H1088,262,FLAT,14.6,17.28,146.216685714286,2018-12-08,2018-12-08,2019-02-09,34,252.288,,
149,H1088,262,FLAT,14.6,17.28,146.216685714286,2018-12-08,2018-12-08,2019-02-09,34,252.288,,
146,H1087,282,FLAT,14.7,19.5,170.382857142857,2018-12-09,2018-12-03,2019-02-10,33,286.65,,
147,H1088,292,FLAT,16.6,19.5,187.374285714286,2018-12-09,2018-12-03,2019-02-10,33,323.7,,
182,H1088,623,FLAT,13.38,18.79,152.025285714286,2018-12-12,2018-12-12,2019-01-29,16,251.4102,,
183,H1088,623,FLAT,13.38,18.79,152.025285714286,2018-12-12,2018-12-12,2019-01-29,16,251.4102,,
178,H1087,633,CURVED,13.38,18.79,152.025285714286,2018-12-14,2018-12-14,2019-01-30,15,251.4102,,
179,H1088,633,FLAT,13.38,18.79,152.025285714286,2018-12-14,2018-12-14,2019-01-30,15,251.4102,,
156,H1087,102,FLAT,19.76,18.47,209.028142857143,2018-12-15,2018-12-15,2019-02-02,43,364.9672,,
145,H1087,123,FLAT,16.106,12.2,116.640924571429,2018-12-16,2018-12-12,2019-02-07,30,196.4932,,
157,H1087,133,FLAT,24.07,12.2,208.058542857143,2018-12-16,2018-12-12,2019-02-03,30,293.654,,
189,H1087,231,FLAT,14.308,15.97,131.359932571429,2018-12-17,2018-12-03,2019-01-30,22,228.49876,,
190,H1087,182,FLAT,16.0,7.3,88.3685714285714,2018-12-17,2018-12-13,2019-01-25,19,116.8,,
191,H1087,182,FLAT,17.0,7.3,97.7971428571429,2018-12-17,2018-12-13,2019-01-25,19,124.1,,
192,H1087,192,FLAT,13.889,7.3,70.3412345714286,2018-12-17,2018-12-13,2019-01-25,19,101.3897,,
193,H1087,192,FLAT,13.889,7.3,70.3412345714286,2018-12-17,2018-12-13,2019-01-25,19,101.3897,,
194,H1087,123,FLAT,16.106,12.2,116.640924571429,2018-12-17,2018-12-16,2019-01-19,25,196.4932,,
195,H1088,123,FLAT,16.106,12.2,116.640924571429,2018-12-17,2018-12-16,2019-01-19,25,196.4932,,
196,H1088,133,CURVED,24.07,12.2,208.058542857143,2018-12-17,2018-12-16,2019-01-19,25,293.654,,
197,H1088,133,FLAT,24.07,12.2,208.058542857143,2018-12-17,2018-12-16,2019-01-19,25,293.654,,
166,H1088,122,FLAT,15.531,12.2,111.443417428571,2018-12-18,2018-12-19,2019-02-04,31,189.4782,,
167,H1088,132,FLAT,18.94,12.2,145.018171428571,2018-12-18,2018-12-19,2019-02-04,31,231.068,,
135,H1088,271,FLAT,17.8,16.0,163.668571428571,2018-12-22,2018-12-16,2019-02-10,36,284.8,,
136,H1088,271,FLAT,17.8,16.0,163.668571428571,2018-12-22,2018-12-16,2019-02-10,36,284.8,,
133,H1088,261,CURVED,20.1,16.0,188.574285714286,2018-12-22,2018-12-16,2019-02-10,36,321.6,,
134,H1088,261,FLAT,20.1,16.0,188.574285714286,2018-12-22,2018-12-16,2019-02-10,36,321.6,,
161,H1087,111,FLAT,22.2,13.8,195.222857142857,2018-12-25,2018-12-10,2019-01-31,28,306.36,,
169,H1088,221,CURVED,17.0,15.97,155.440257142857,2018-12-26,2018-12-04,2019-02-10,24,271.49,,
132,H1088,273,FLAT,14.5,18.79,160.946885714286,2018-12-26,2018-12-20,2019-02-14,31,272.455,,
131,H1088,263,FLAT,16.6,18.79,179.606885714286,2018-12-26,2018-12-20,2019-02-15,31,311.914,,
168,H1088,112,FLAT,21.0,8.6,147.131428571429,2018-12-28,2018-12-23,2019-01-30,21,180.6,,
129,H1087,143,FLAT,13.809,15.686,124.782593428571,2018-12-29,2018-12-22,2019-02-16,37,216.607974,,
130,H1087,153,FLAT,18.919,15.5,170.908160285714,2018-12-29,2018-12-22,2019-02-16,37,293.2445,,
174,H1087,112,FLAT,21.0,8.6,147.131428571429,2018-12-29,2018-12-24,2019-01-26,21,180.6,,
175,H1087,112,FLAT,21.0,8.6,147.131428571429,2018-12-29,2018-12-24,2019-01-26,21,180.6,,
120,H1088,654,FLAT,19.2,15.1,170.471428571429,2018-12-30,2018-12-03,2019-02-17,37,289.92,,
119,H1088,644,FLAT,22.9,15.1,214.977142857143,2018-12-30,2018-12-03,2019-02-17,37,345.79,,
107,H1087,271,FLAT,17.8,16.0,163.668571428571,2018-12-30,2018-12-24,2019-02-28,37,284.8,,
106,H1088,261,CURVED,20.1,16.0,188.574285714286,2018-12-30,2018-12-24,2019-02-28,37,321.6,,
117,H1088,124,FLAT,18.618,14.354,157.904925714286,2018-12-31,2018-12-21,2019-02-21,39,267.242772,,
118,H1088,134,FLAT,22.828,14.354,207.758542857143,2018-12-31,2018-12-21,2019-02-21,39,327.673112,,
143,H1087,182,FLAT,15.0,7.3,79.5114285714286,2018-12-31,2018-12-25,2019-02-14,21,109.5,,
144,H1087,192,FLAT,13.889,7.3,70.3412345714286,2018-12-31,2018-12-25,2019-02-14,21,101.3897,,
158,H1087,632,FLAT,13.38,17.28,136.463657142857,2019-01-01,2018-12-20,2019-02-09,19,231.2064,,
159,H1087,622,FLAT,13.38,17.28,136.463657142857,2019-01-04,2018-12-23,2019-02-09,17,231.2064,,
114,H1087,144,FLAT,17.566,15.678,158.389725714286,2019-01-04,2018-12-27,2019-02-23,36,275.399748,,
99,H1088,154,FLAT,19.932,15.976,186.433485714286,2019-01-04,2018-12-27,2019-03-04,45,318.433632,,
123,H1087,835,FLAT,7.416,16.884,97.1618605714286,2019-01-04,2018-12-29,2019-02-17,23,125.211744,,
124,H1087,835,CURVED,7.416,16.884,97.1618605714286,2019-01-04,2018-12-29,2019-02-17,23,125.211744,,
121,H1088,825,FLAT,19.167,16.931,186.866471428571,2019-01-04,2018-12-29,2019-02-17,23,324.516477,,
122,H1088,825,FLAT,19.167,16.931,186.866471428571,2019-01-04,2018-12-29,2019-02-17,23,324.516477,,
160,H1087,103,CURVED,29.101,15.68,240.0,2019-01-04,2018-12-30,2019-02-07,30,456.30368,,
35,H1088,801,FLAT,28.614,19.075,240.0,2019-01-05,2019-01-03,2019-03-27,65,545.81205,,
141,H1087,631,FLAT,10.53,15.97,104.549085714286,2019-01-08,2018-12-06,2019-02-14,11,168.1641,,
127,H1087,832,FLAT,6.767,14.288,71.4112094285714,2019-01-08,2019-01-03,2019-02-23,20,96.686896,,
128,H1087,832,FLAT,6.767,14.288,71.4112094285714,2019-01-08,2019-01-03,2019-02-23,20,96.686896,,
125,H1087,822,FLAT,16.086,14.292,132.291617142857,2019-01-08,2019-01-03,2019-02-23,20,229.901112,,
126,H1087,822,FLAT,16.086,14.292,132.291617142857,2019-01-08,2019-01-03,2019-02-23,20,229.901112,,
137,H1088,623,FLAT,13.38,18.79,152.025285714286,2019-01-08,2019-01-05,2019-02-15,19,251.4102,,
138,H1088,633,FLAT,13.38,18.79,152.025285714286,2019-01-08,2019-01-05,2019-02-15,19,251.4102,,
90,H1087,803,CURVED,15.5,14.0,124.642857142857,2019-01-08,2019-01-07,2019-03-01,35,217.0,,
91,H1087,803,CURVED,15.5,15.0,132.928571428571,2019-01-08,2019-01-07,2019-03-01,35,232.5,,
142,H1087,621,CURVED,8.95,15.97,95.7552571428572,2019-01-11,2018-12-09,2019-02-14,10,142.9315,,
82,H1088,293,FLAT,22.5,18.32,240.0,2019-01-12,2019-01-05,2019-03-10,36,412.2,,
83,H1088,293,FLAT,22.5,18.32,240.0,2019-01-12,2019-01-05,2019-03-10,36,412.2,,
84,H1088,283,CURVED,13.7,18.32,149.517828571429,2019-01-13,2019-01-06,2019-03-10,36,250.984,,
85,H1087,283,CURVED,13.7,18.32,149.517828571429,2019-01-13,2019-01-06,2019-03-10,36,250.984,,
115,H1088,183,CURVED,8.82,15.798,93.5340582857143,2019-01-14,2019-01-08,2019-02-24,27,139.33836,,
94,H1087,272,CURVED,14.4,17.28,144.559542857143,2019-01-14,2019-01-08,2019-03-09,39,248.832,,
116,H1088,193,FLAT,15.59,15.978,142.384166857143,2019-01-14,2019-01-08,2019-02-24,27,249.09702,,
93,H1087,262,FLAT,14.6,17.28,146.216685714286,2019-01-14,2019-01-08,2019-03-09,39,252.288,,
80,H1088,101,CURVED,30.66,9.4,240.0,2019-01-15,2019-01-15,2019-03-08,38,288.204,,
102,H1088,642,FLAT,13.412,19.5,160.037641142857,2019-01-21,2019-01-16,2019-03-06,20,261.534,,
103,H1088,642,FLAT,13.412,19.5,160.037641142857,2019-01-21,2019-01-16,2019-03-06,20,261.534,,
104,H1088,652,FLAT,13.412,19.5,160.037641142857,2019-01-21,2019-01-16,2019-03-06,20,261.534,,
105,H1088,652,FLAT,13.412,19.5,160.037641142857,2019-01-21,2019-01-16,2019-03-06,20,261.534,,
7,H1087,801,FLAT,28.614,19.075,240.0,2019-01-21,2019-01-19,2019-04-14,67,545.81205,,
33,H1087,283,FLAT,13.7,18.32,149.517828571429,2019-01-22,2019-01-16,2019-04-01,39,250.984,,
34,H1087,293,FLAT,22.5,18.32,240.0,2019-01-22,2019-01-16,2019-04-01,39,412.2,1.0,832.0
40,H1088,282,FLAT,14.7,19.5,170.382857142857,2019-01-25,2019-01-19,2019-04-01,36,286.65,,
41,H1088,292,FLAT,16.6,19.5,187.374285714286,2019-01-25,2019-01-19,2019-04-01,36,323.7,,
88,H1087,836,CURVED,8.0,21.0,144.285714285714,2019-01-25,2019-01-22,2019-03-05,35,168.0,,
89,H1087,836,CURVED,8.0,21.0,144.285714285714,2019-01-25,2019-01-22,2019-03-05,35,168.0,,
86,H1087,826,CURVED,20.5,21.0,240.0,2019-01-25,2019-01-22,2019-03-05,35,430.5,,
87,H1087,826,CURVED,20.5,21.0,240.0,2019-01-25,2019-01-22,2019-03-05,35,430.5,,
49,H1088,123,FLAT,16.106,12.2,116.640924571429,2019-01-28,2019-01-24,2019-03-26,34,196.4932,,
54,H1087,133,CURVED,24.07,12.2,208.058542857143,2019-01-28,2019-01-24,2019-03-22,34,293.654,,
79,H1088,803,CURVED,15.5,13.0,116.928571428571,2019-01-28,2019-01-27,2019-03-08,35,201.5,,
50,H1088,102,FLAT,19.76,18.47,209.028142857143,2019-01-29,2019-01-29,2019-03-23,47,364.9672,,
36,H1088,801,FLAT,28.614,19.075,240.0,2019-02-01,2019-01-23,2019-03-27,39,545.81205,,
37,H1088,801,FLAT,28.614,19.075,240.0,2019-02-01,2019-01-23,2019-03-27,39,545.81205,,
81,H1088,231,FLAT,14.308,15.97,131.359932571429,2019-02-02,2019-01-19,2019-03-20,24,228.49876,,
67,H1087,834,CURVED,9.215,10.9,58.2074928571429,2019-02-02,2019-01-27,2019-03-23,22,100.4435,,
66,H1087,824,FLAT,15.665,11.094,105.276874571429,2019-02-02,2019-01-27,2019-03-23,22,173.78751,,
59,H1087,122,CURVED,15.531,12.2,111.443417428571,2019-02-02,2019-02-03,2019-03-22,31,189.4782,,
60,H1087,132,CURVED,18.94,12.2,145.018171428571,2019-02-02,2019-02-03,2019-03-22,31,231.068,,
64,H1087,836,CURVED,8.0,21.0,144.285714285714,2019-02-03,2019-01-26,2019-03-15,34,168.0,,
63,H1087,826,CURVED,20.0,21.0,240.0,2019-02-03,2019-01-26,2019-03-15,34,420.0,,
70,H1087,832,FLAT,6.767,14.288,71.4112094285714,2019-02-03,2019-01-28,2019-03-23,21,96.686896,,
71,H1087,833,FLAT,8.709,14.287,79.9900142857143,2019-02-03,2019-01-28,2019-03-23,21,124.425483,,
68,H1087,822,CURVED,16.086,14.292,132.291617142857,2019-02-03,2019-01-28,2019-03-23,21,229.901112,,
69,H1087,823,FLAT,16.231,14.307,133.753031428571,2019-02-03,2019-01-28,2019-03-23,21,232.216917,,
97,H1087,653,FLAT,11.2,17.72,125.553828571429,2019-02-04,2019-02-01,2019-03-10,19,198.464,,
98,H1087,653,FLAT,11.2,17.72,125.553828571429,2019-02-04,2019-02-01,2019-03-10,19,198.464,,
95,H1087,643,CURVED,13.412,17.72,141.108612571429,2019-02-04,2019-02-01,2019-03-10,19,237.66064,,
96,H1087,643,FLAT,13.412,17.72,141.108612571429,2019-02-04,2019-02-01,2019-03-10,19,237.66064,,
57,H1087,111,CURVED,22.2,13.8,195.222857142857,2019-02-09,2019-01-25,2019-03-19,29,306.36,,
73,H1088,292,FLAT,16.6,19.5,187.374285714286,2019-02-09,2019-02-03,2019-03-19,36,323.7,,
74,H1088,292,FLAT,16.6,19.5,187.374285714286,2019-02-09,2019-02-03,2019-03-19,36,323.7,,
110,H1087,834,FLAT,9.215,10.9,58.2074928571429,2019-02-09,2019-02-05,2019-03-05,22,100.4435,,
111,H1087,834,FLAT,9.215,10.9,58.2074928571429,2019-02-09,2019-02-05,2019-03-05,22,100.4435,,
108,H1087,824,FLAT,15.665,11.094,105.276874571429,2019-02-09,2019-02-05,2019-03-05,22,173.78751,,
109,H1087,824,FLAT,15.665,11.094,105.276874571429,2019-02-09,2019-02-05,2019-03-05,22,173.78751,,
112,H1087,833,FLAT,8.709,14.287,79.9900142857143,2019-02-09,2019-02-09,2019-03-03,17,124.425483,,
113,H1087,833,FLAT,8.709,14.287,79.9900142857143,2019-02-09,2019-02-09,2019-03-03,17,124.425483,,
100,H1088,823,FLAT,16.231,14.307,133.753031428571,2019-02-09,2019-02-09,2019-03-10,21,232.216917,,
101,H1088,823,FLAT,16.231,14.307,133.753031428571,2019-02-09,2019-02-09,2019-03-10,21,232.216917,,
45,H1088,273,FLAT,14.5,18.79,160.946885714286,2019-02-10,2019-02-04,2019-03-31,30,272.455,,
42,H1088,263,CURVED,16.6,18.79,179.606885714286,2019-02-10,2019-02-04,2019-04-01,30,311.914,,
77,H1088,282,FLAT,14.7,19.5,170.382857142857,2019-02-11,2019-02-04,2019-03-18,35,286.65,,
78,H1088,282,FLAT,14.7,19.5,170.382857142857,2019-02-11,2019-02-04,2019-03-18,35,286.65,,
72,H1088,112,FLAT,21.0,8.6,147.131428571429,2019-02-11,2019-02-06,2019-03-16,21,180.6,,
58,H1087,221,CURVED,16.0,15.97,146.011685714286,2019-02-12,2019-01-21,2019-03-31,25,255.52,,
22,H1087,143,CURVED,13.809,15.686,124.782593428571,2019-02-12,2019-02-05,2019-04-04,39,216.607974,,
23,H1087,153,CURVED,18.919,15.5,170.908160285714,2019-02-12,2019-02-05,2019-04-04,39,293.2445,,
62,H1087,653,CURVED,11.2,17.72,125.553828571429,2019-02-12,2019-02-06,2019-03-24,19,198.464,,
76,H1088,643,FLAT,13.412,17.72,141.108612571429,2019-02-12,2019-02-06,2019-03-21,19,237.66064,,
61,H1087,652,CURVED,13.412,19.5,160.037641142857,2019-02-12,2019-02-06,2019-03-24,19,261.534,,
75,H1088,642,FLAT,13.412,19.5,160.037641142857,2019-02-12,2019-02-06,2019-03-21,19,261.534,,
48,H1088,803,CURVED,15.5,12.0,109.785714285714,2019-02-12,2019-02-11,2019-03-23,35,186.0,,
13,H1087,124,FLAT,18.618,14.354,157.904925714286,2019-02-16,2019-02-06,2019-04-07,37,267.242772,,
14,H1087,134,CURVED,22.828,14.354,207.758542857143,2019-02-16,2019-02-06,2019-04-07,37,327.673112,,
46,H1088,182,FLAT,25.0,7.3,193.797142857143,2019-02-16,2019-02-10,2019-04-02,21,182.5,,
47,H1088,192,CURVED,13.889,7.3,70.3412345714286,2019-02-16,2019-02-10,2019-04-02,21,101.3897,,
25,H1087,834,CURVED,9.215,10.9,58.2074928571429,2019-02-17,2019-02-11,2019-04-07,22,100.4435,,
24,H1087,824,CURVED,15.665,11.094,105.276874571429,2019-02-17,2019-02-11,2019-04-07,22,173.78751,,
6,H1087,271,CURVED,17.8,16.0,163.668571428571,2019-02-17,2019-02-11,2019-04-18,37,284.8,,
5,H1087,261,CURVED,20.1,16.0,188.574285714286,2019-02-17,2019-02-11,2019-04-18,37,321.6,,
56,H1087,835,CURVED,7.416,16.884,97.1618605714286,2019-02-17,2019-02-17,2019-03-23,27,125.211744,,
55,H1087,825,CURVED,19.167,16.931,186.866471428571,2019-02-17,2019-02-17,2019-03-23,27,324.516477,,
12,H1087,144,FLAT,17.566,15.678,158.389725714286,2019-02-18,2019-02-10,2019-04-09,36,275.399748,,
4,H1087,154,FLAT,19.932,15.976,186.433485714286,2019-02-18,2019-02-10,2019-04-20,47,318.433632,,
29,H1087,832,FLAT,6.767,14.288,71.4112094285714,2019-02-18,2019-02-12,2019-04-07,21,96.686896,,
30,H1087,833,CURVED,8.709,14.287,79.9900142857143,2019-02-18,2019-02-12,2019-04-07,21,124.425483,,
26,H1087,822,CURVED,16.086,14.292,132.291617142857,2019-02-18,2019-02-12,2019-04-07,21,229.901112,,
27,H1087,823,CURVED,16.231,14.307,133.753031428571,2019-02-18,2019-02-12,2019-04-07,21,232.216917,,
51,H1088,632,FLAT,13.38,17.28,136.463657142857,2019-02-19,2019-02-07,2019-03-30,19,231.2064,,
53,H1088,103,FLAT,29.101,15.68,240.0,2019-02-19,2019-02-14,2019-03-27,32,456.30368,,
52,H1088,622,CURVED,13.38,17.28,136.463657142857,2019-02-22,2019-02-10,2019-03-30,17,231.2064,,
19,H1087,836,CURVED,8.0,21.0,144.285714285714,2019-02-23,2019-02-15,2019-04-04,34,168.0,,
18,H1087,826,CURVED,20.0,21.0,240.0,2019-02-23,2019-02-15,2019-04-04,34,420.0,,
43,H1088,623,CURVED,13.38,18.79,152.025285714286,2019-02-24,2019-02-21,2019-04-03,19,251.4102,,
44,H1088,633,FLAT,13.38,18.79,152.025285714286,2019-02-24,2019-02-21,2019-04-03,19,251.4102,,
38,H1088,631,FLAT,10.53,15.97,104.549085714286,2019-02-26,2019-01-24,2019-04-04,11,168.1641,,
39,H1088,621,FLAT,8.95,15.97,95.7552571428572,2019-03-01,2019-01-27,2019-04-04,10,142.9315,,
10,H1087,183,FLAT,8.82,15.798,93.5340582857143,2019-03-02,2019-02-24,2019-04-12,27,139.33836,,
21,H1087,653,CURVED,11.2,17.72,125.553828571429,2019-03-02,2019-02-24,2019-04-09,17,198.464,,
32,H1087,643,FLAT,13.412,17.72,141.108612571429,2019-03-02,2019-02-24,2019-04-06,17,237.66064,,
11,H1087,193,FLAT,15.59,15.978,142.384166857143,2019-03-02,2019-02-24,2019-04-12,27,249.09702,,
20,H1087,652,CURVED,13.412,19.5,160.037641142857,2019-03-02,2019-02-24,2019-04-09,17,261.534,,
31,H1087,642,CURVED,13.412,19.5,160.037641142857,2019-03-02,2019-02-24,2019-04-06,17,261.534,,
2,H1087,272,CURVED,14.4,17.28,144.559542857143,2019-03-04,2019-02-26,2019-04-27,39,248.832,,
1,H1087,262,FLAT,14.6,17.28,146.216685714286,2019-03-04,2019-02-26,2019-04-27,39,252.288,,
9,H1087,835,FLAT,7.416,16.884,97.1618605714286,2019-03-09,2019-03-09,2019-04-12,27,125.211744,1.0,103.0
8,H1087,825,FLAT,19.167,16.931,186.866471428571,2019-03-09,2019-03-09,2019-04-12,27,324.516477,,
