platen_name,platen_id,platen_length_m,platen_width_m,subcontractor_team,ship_id,block_seq_id,block_id,block_length_m,block_width_m,processing_time_days,block_output_value,planned_start_day,planned_end_day,due_date_day,delay_days,early_days,standard_early_days
10号南-5,PPT1003A,20,20,外场ZH,H1087,1,262,14.6,17.28,39,252.288,43612,43651,43621,30,-84,6
10号北-16,PPT1058A,20,20,外场HN,H1087,2,272,14.4,17.28,39,248.832,43564,43603,43621,-18,-36,6
10号南-7,PPT1004A,20,20,外场ZH,H1087,4,154,19.932,15.976,47,318.433632,43591,43638,43622,16,-77,8
8号北-16,PPT0858A,20,22,HL,H1087,5,261,20.1,16,37,321.6,43637,43674,43610,64,-124,6
8号北-16,PPT0858A,20,22,HL,H1087,6,271,17.8,16,37,284.8,43561,43598,43610,-12,-48,6
48南-3,BQM4803A,36,21,MZ,H1087,7,801,28.614,19.075,67,545.81205,43567,43634,43636,-2,-81,2
0号东-14,PPT0057A,20,21,QS,H1087,8,825,19.167,16.931,27,324.516477,43745,43772,43594,178,-212,0
10号南-23,PPT1012A,18,20,外场HN,H1087,9,835,7.416,16.884,27,125.211744,43656,43683,43594,89,-123,0
10号北-8,PPT1054A,20,20,外场ZH,H1087,10,183,8.82,15.798,27,139.33836,43645,43672,43594,78,-119,6
10号南-3,PPT1002A,20,20,外场ZH,H1087,11,193,15.59,15.978,27,249.09702,43591,43618,43594,24,-65,6
0号东-18,PPT0059A,18,21,QS,H1087,12,144,17.566,15.678,36,275.399748,43514,43550,43600,-50,0,8
10号北-24,PPT1062A,20,20,外场HN,H1087,13,124,18.618,14.354,37,267.242772,43512,43549,43599,-50,0,10
48北-3,BQM4853A,36,21,HN,H1087,14,134,22.828,14.354,37,327.673112,43860,43897,43599,298,-348,10
0号西-5,PPT0003A,20,21,MZ,H1087,18,826,20,21,34,420,43618,43652,43593,59,-99,8
0号东-6,PPT0053A,20,21,MZ,H1087,19,836,8,21,34,168,43614,43648,43593,55,-95,8
10号南-9,PPT1005A,20,20,RH,H1087,20,652,13.412,19.5,17,261.534,43557,43574,43581,-7,-31,6
10号北-18,PPT1059A,20,20,外场HN,H1087,21,653,11.2,17.72,17,198.464,43526,43543,43581,-38,0,6
0号西-7,PPT0004A,20,21,MZ,H1087,22,143,13.809,15.686,39,216.607974,43534,43573,43598,-25,-26,7
0号东-8,PPT0054A,20,21,MZ,H1087,23,153,18.919,15.5,39,293.2445,43508,43547,43598,-51,0,7
10号北-2,PPT1051A,20,20,外场ZH,H1087,24,824,15.665,11.094,22,173.78751,43513,43535,43584,-49,0,6
10号北-2,PPT1051A,20,20,外场ZH,H1087,25,834,9.215,10.9,22,100.4435,43585,43607,43584,23,-72,6
0号东-6,PPT0053A,20,21,MZ,H1087,26,822,16.086,14.292,21,229.901112,43514,43535,43583,-48,0,6
8号北-14,PPT0857A,20,22,HL,H1087,27,823,16.231,14.307,21,232.216917,43514,43535,43583,-48,0,6
10号北-12,PPT1056A,20,20,RH,H1087,29,832,6.767,14.288,21,96.686896,43514,43535,43583,-48,0,6
10号北-16,PPT1058A,20,20,外场HN,H1087,30,833,8.709,14.287,21,124.425483,43514,43535,43583,-48,0,6
8号南-7,PPT0804A,20,22,XZY,H1087,31,642,13.412,19.5,17,261.534,43566,43583,43578,5,-40,6
8号南-5,PPT0803A,20,22,HY,H1087,32,643,13.412,17.72,17,237.66064,43640,43657,43578,79,-114,6
10号北-20,PPT1060A,20,20,外场HN,H1087,33,283,13.7,18.32,39,250.984,43729,43768,43595,173,-242,6
48南-3,BQM4803A,36,21,MZ,H1087,34,293,22.5,18.32,39,412.2,44798,44837,43595,1242,-1311,6
45南-3,BQM4503A,33,21,ZH,H1088,35,801,28.614,19.075,65,545.81205,44169,44234,43616,618,-699,2
48南-3,BQM4803A,36,21,MZ,H1088,36,801,28.614,19.075,39,545.81205,44523,44562,43590,972,-1026,9
45南-3,BQM4503A,33,21,ZH,H1088,37,801,28.614,19.075,39,545.81205,44610,44649,43590,1059,-1113,9
0号东-12,PPT0056A,20,21,QS,H1088,38,631,10.53,15.97,11,168.1641,43751,43762,43570,192,-229,33
8号南-19,PPT0810A,20,22,HL,H1088,39,621,8.95,15.97,10,142.9315,43525,43535,43569,-34,0,33
10号北-22,PPT1061A,20,20,外场HN,H1088,40,282,14.7,19.5,36,286.65,43650,43686,43592,94,-160,6
10号南-7,PPT1004A,20,20,外场ZH,H1088,41,292,16.6,19.5,36,323.7,43490,43526,43592,-66,0,6
8号南-17,PPT0809A,20,22,HL,H1088,42,263,16.6,18.79,30,311.914,43506,43536,43586,-50,0,6
0号西-5,PPT0003A,20,21,MZ,H1088,43,623,13.38,18.79,19,251.4102,43520,43539,43577,-38,0,3
10号北-10,PPT1055A,20,20,RH,H1088,44,633,13.38,18.79,19,251.4102,43710,43729,43577,152,-190,3
10号南-25,PPT1013A,18,20,外场HN,H1088,45,273,14.5,18.79,30,272.455,43680,43710,43585,125,-174,6
48南-3,BQM4803A,36,21,MZ,H1088,46,182,25,7.3,21,182.5,44644,44665,43578,1087,-1132,6
10号南-11,PPT1006A,20,20,RH,H1088,47,192,13.889,7.3,21,101.3897,43629,43650,43578,72,-117,6
8号北-28,PPT0864A,20,22,机动,H1088,48,803,15.5,12,35,186,43508,43543,43582,-39,0,1
0号东-12,PPT0056A,20,21,QS,H1088,49,123,16.106,12.2,34,196.4932,43493,43527,43584,-57,0,4
45南-4,BQM4504A,20,21,ZH,H1088,50,102,19.76,18.47,47,364.9672,43494,43541,43594,-53,0,0
10号南-7,PPT1004A,20,20,外场ZH,H1088,51,632,13.38,17.28,19,231.2064,43751,43770,43573,197,-236,12
8号北-18,PPT0859A,20,22,HL,H1088,52,622,13.38,17.28,17,231.2064,43518,43535,43571,-36,0,12
45南-3,BQM4503A,33,21,ZH,H1088,53,103,29.101,15.68,32,456.30368,44343,44375,43583,792,-828,5
48北-3,BQM4853A,36,21,HN,H1087,54,133,24.07,12.2,34,293.654,43795,43829,43580,249,-302,4
0号东-10,PPT0055A,20,21,MZ,H1087,55,825,19.167,16.931,27,324.516477,43513,43540,43574,-34,0,0
10号北-16,PPT1058A,20,20,外场HN,H1087,56,835,7.416,16.884,27,125.211744,43536,43563,43574,-11,-23,0
48北-3,BQM4853A,36,21,HN,H1087,57,111,22.2,13.8,29,306.36,44039,44068,43572,496,-534,15
0号西-7,PPT0004A,20,21,MZ,H1087,58,221,16,15.97,25,255.52,43508,43533,43580,-47,0,22
0号东-10,PPT0055A,20,21,MZ,H1087,59,122,15.531,12.2,31,189.4782,43638,43669,43577,92,-140,-1
10号北-4,PPT1052A,20,20,外场ZH,H1087,60,132,18.94,12.2,31,231.068,43602,43633,43577,56,-104,-1
0号西-5,PPT0003A,20,21,MZ,H1087,61,652,13.412,19.5,19,261.534,43567,43586,43567,19,-59,6
10号南-9,PPT1005A,20,20,RH,H1087,62,653,11.2,17.72,19,198.464,43508,43527,43567,-40,0,6
0号西-5,PPT0003A,20,21,MZ,H1087,63,826,20,21,34,420,43653,43687,43573,114,-154,8
0号西-7,PPT0004A,20,21,MZ,H1087,64,836,8,21,34,168,43574,43608,43573,35,-75,8
42南-2,BQM4202A,18,18,YT,H1087,66,824,15.665,11.094,22,173.78751,43665,43687,43569,118,-167,6
8号北-16,PPT0858A,20,22,HL,H1087,67,834,9.215,10.9,22,100.4435,43538,43560,43569,-9,-40,6
10号北-4,PPT1052A,20,20,外场ZH,H1087,68,822,16.086,14.292,21,229.901112,43499,43520,43568,-48,0,6
8号南-17,PPT0809A,20,22,HL,H1087,69,823,16.231,14.307,21,232.216917,43763,43784,43568,216,-264,6
10号北-22,PPT1061A,20,20,外场HN,H1087,70,832,6.767,14.288,21,96.686896,43499,43520,43568,-48,0,6
8号南-3,PPT0802A,20,22,HY,H1087,71,833,8.709,14.287,21,124.425483,43724,43745,43568,177,-225,6
0号东-14,PPT0057A,20,21,QS,H1088,72,112,21,8.6,21,180.6,43705,43726,43561,165,-198,5
0号东-20,PPT0060A,18,21,QS,H1088,73,292,16.6,19.5,36,323.7,43505,43541,43579,-38,0,6
10号南-13,PPT1007A,18,20,RH,H1088,74,292,16.6,19.5,36,323.7,43686,43722,43579,143,-181,6
8号北-28,PPT0864A,20,22,机动,H1088,75,642,13.412,19.5,19,261.534,43750,43769,43564,205,-242,6
0号东-12,PPT0056A,20,21,QS,H1088,76,643,13.412,17.72,19,237.66064,43603,43622,43564,58,-95,6
10号北-14,PPT1057A,20,20,RH,H1088,77,282,14.7,19.5,35,286.65,43507,43542,43577,-35,0,7
8号北-18,PPT0859A,20,22,HL,H1088,78,282,14.7,19.5,35,286.65,43560,43595,43577,18,-53,7
10号南-19,PPT1010A,18,20,外场HN,H1088,79,803,15.5,13,35,201.5,43493,43528,43567,-39,0,1
48北-3,BQM4853A,36,21,HN,H1088,80,101,30.66,9.4,38,288.204,44095,44133,43570,563,-615,0
10号北-20,PPT1060A,20,20,外场HN,H1088,81,231,14.308,15.97,24,228.49876,43498,43522,43568,-46,0,14
45南-3,BQM4503A,33,21,ZH,H1088,82,293,22.5,18.32,36,412.2,44132,44168,43570,598,-655,7
45南-3,BQM4503A,33,21,ZH,H1088,83,293,22.5,18.32,36,412.2,43718,43754,43570,184,-241,7
10号南-9,PPT1005A,20,20,RH,H1088,84,283,13.7,18.32,36,250.984,43575,43611,43570,41,-97,7
10号南-11,PPT1006A,20,20,RH,H1087,85,283,13.7,18.32,36,250.984,43574,43610,43570,40,-96,7
48南-10,BQM4810A,22,21,MZ,H1087,86,826,20.5,21,35,430.5,44010,44045,43564,481,-520,3
48北-3,BQM4853A,36,21,HN,H1087,87,826,20.5,21,35,430.5,43945,43980,43564,416,-455,3
48北-3,BQM4853A,36,21,HN,H1087,88,836,8,21,35,168,43490,43525,43564,-39,0,3
48南-10,BQM4810A,22,21,MZ,H1087,89,836,8,21,35,168,43490,43525,43564,-39,0,3
10号南-9,PPT1005A,20,20,RH,H1087,90,803,15.5,14,35,217,43612,43647,43560,87,-139,1
0号西-1,PPT0001A,20,21,MZ,H1087,91,803,15.5,15,35,232.5,43473,43508,43560,-52,0,1
42南-2,BQM4202A,18,18,YT,H1087,93,262,14.6,17.28,39,252.288,43779,43818,43572,246,-300,6
8号北-14,PPT0857A,20,22,HL,H1087,94,272,14.4,17.28,39,248.832,43571,43610,43572,38,-92,6
10号北-20,PPT1060A,20,20,外场HN,H1087,95,643,13.412,17.72,19,237.66064,43613,43632,43553,79,-113,3
0号西-3,PPT0002A,20,21,MZ,H1087,96,643,13.412,17.72,19,237.66064,43500,43519,43553,-34,0,3
10号南-7,PPT1004A,20,20,外场ZH,H1087,97,653,11.2,17.72,19,198.464,43709,43728,43553,175,-209,3
10号南-17,PPT1009A,18,20,外场HN,H1087,98,653,11.2,17.72,19,198.464,43500,43519,43553,-34,0,3
10号南-19,PPT1010A,18,20,外场HN,H1088,99,154,19.932,15.976,45,318.433632,43677,43722,43573,149,-208,8
10号北-22,PPT1061A,20,20,外场HN,H1088,100,823,16.231,14.307,21,232.216917,43775,43796,43555,241,-270,0
10号南-3,PPT1002A,20,20,外场ZH,H1088,101,823,16.231,14.307,21,232.216917,43652,43673,43555,118,-147,0
10号南-19,PPT1010A,18,20,外场HN,H1088,102,642,13.412,19.5,20,261.534,43602,43622,43550,72,-116,5
8号南-15,PPT0808A,20,22,HL,H1088,103,642,13.412,19.5,20,261.534,43613,43633,43550,83,-127,5
0号东-20,PPT0060A,18,21,QS,H1088,104,652,13.412,19.5,20,261.534,43652,43672,43550,122,-166,5
8号南-15,PPT0808A,20,22,HL,H1088,105,652,13.412,19.5,20,261.534,43486,43506,43550,-44,0,5
8号北-16,PPT0858A,20,22,HL,H1088,106,261,20.1,16,37,321.6,43599,43636,43561,75,-135,6
10号南-17,PPT1009A,18,20,外场HN,H1087,107,271,17.8,16,37,284.8,43748,43785,43561,224,-284,6
10号南-23,PPT1012A,18,20,外场HN,H1087,108,824,15.665,11.094,22,173.78751,43721,43743,43551,192,-216,4
8号南-13,PPT0807A,20,22,XZY,H1087,109,824,15.665,11.094,22,173.78751,43505,43527,43551,-24,0,4
10号南-15,PPT1008A,18,20,外场HN,H1087,110,834,9.215,10.9,22,100.4435,43505,43527,43551,-24,0,4
0号东-12,PPT0056A,20,21,QS,H1087,111,834,9.215,10.9,22,100.4435,43728,43750,43551,199,-223,4
10号南-13,PPT1007A,18,20,RH,H1087,112,833,8.709,14.287,17,124.425483,43635,43652,43544,108,-130,0
10号南-25,PPT1013A,18,20,外场HN,H1087,113,833,8.709,14.287,17,124.425483,43581,43598,43544,54,-76,0
8号南-15,PPT0808A,20,22,HL,H1087,114,144,17.566,15.678,36,275.399748,43709,43745,43555,190,-240,8
8号北-14,PPT0857A,20,22,HL,H1088,115,183,8.82,15.798,27,139.33836,43479,43506,43547,-41,0,6
10号南-17,PPT1009A,18,20,外场HN,H1088,116,193,15.59,15.978,27,249.09702,43625,43652,43547,105,-146,6
8号南-17,PPT0809A,20,22,HL,H1088,117,124,18.618,14.354,39,267.242772,43679,43718,43556,162,-214,10
45南-3,BQM4503A,33,21,ZH,H1088,118,134,22.828,14.354,39,327.673112,45146,45185,43556,1629,-1681,10
45南-3,BQM4503A,33,21,ZH,H1088,119,644,22.9,15.1,37,345.79,44443,44480,43550,930,-979,27
8号南-13,PPT0807A,20,22,XZY,H1088,120,654,19.2,15.1,37,289.92,43675,43712,43550,162,-211,27
0号东-16,PPT0058A,18,21,QS,H1088,121,825,19.167,16.931,23,324.516477,43469,43492,43536,-44,0,6
10号南-15,PPT1008A,18,20,外场HN,H1088,122,825,19.167,16.931,23,324.516477,43781,43804,43536,268,-312,6
8号南-3,PPT0802A,20,22,HY,H1087,123,835,7.416,16.884,23,125.211744,43746,43769,43536,233,-277,6
10号南-11,PPT1006A,20,20,RH,H1087,124,835,7.416,16.884,23,125.211744,43469,43492,43536,-44,0,6
8号北-26,PPT0863A,20,22,机动,H1087,125,822,16.086,14.292,20,229.901112,43738,43758,43539,219,-265,5
0号东-14,PPT0057A,20,21,QS,H1087,126,822,16.086,14.292,20,229.901112,43596,43616,43539,77,-123,5
10号北-6,PPT1053A,20,20,外场ZH,H1087,127,832,6.767,14.288,20,96.686896,43584,43604,43539,65,-111,5
8号南-1,PPT0801A,20,22,HY,H1087,128,832,6.767,14.288,20,96.686896,43473,43493,43539,-46,0,5
0号东-16,PPT0058A,18,21,QS,H1087,129,143,13.809,15.686,37,216.607974,43579,43616,43549,67,-116,7
10号南-25,PPT1013A,18,20,外场HN,H1087,130,153,18.919,15.5,37,293.2445,43543,43580,43549,31,-80,7
10号南-13,PPT1007A,18,20,RH,H1088,131,263,16.6,18.79,31,311.914,43460,43491,43542,-51,0,6
0号东-14,PPT0057A,20,21,QS,H1088,132,273,14.5,18.79,31,272.455,43460,43491,43541,-50,0,6
8号北-26,PPT0863A,20,22,机动,H1088,133,261,20.1,16,36,321.6,43458,43494,43542,-48,-2,6
8号北-26,PPT0863A,20,22,机动,H1088,134,261,20.1,16,36,321.6,43626,43662,43542,120,-170,6
10号北-8,PPT1054A,20,20,外场ZH,H1088,135,271,17.8,16,36,284.8,43773,43809,43542,267,-317,6
45南-4,BQM4504A,20,21,ZH,H1088,136,271,17.8,16,36,284.8,43713,43749,43542,207,-257,6
10号南-15,PPT1008A,18,20,外场HN,H1088,137,623,13.38,18.79,19,251.4102,43600,43619,43530,89,-127,3
10号南-15,PPT1008A,18,20,外场HN,H1088,138,633,13.38,18.79,19,251.4102,43686,43705,43530,175,-213,3
0号东-2,PPT0051A,20,21,MZ,H1087,139,283,13.7,18.32,34,250.984,43757,43791,43540,251,-315,6
45南-3,BQM4503A,33,21,ZH,H1087,140,293,22.5,18.32,34,412.2,45053,45087,43540,1547,-1611,6
10号北-14,PPT1057A,20,20,RH,H1087,141,631,10.53,15.97,11,168.1641,43752,43763,43521,242,-279,33
0号西-7,PPT0004A,20,21,MZ,H1087,142,621,8.95,15.97,10,142.9315,43476,43486,43520,-34,0,33
0号东-14,PPT0057A,20,21,QS,H1087,143,182,15,7.3,21,109.5,43574,43595,43531,64,-109,6
10号北-10,PPT1055A,20,20,RH,H1087,144,192,13.889,7.3,21,101.3897,43465,43486,43531,-45,0,6
10号南-25,PPT1013A,18,20,外场HN,H1087,145,123,16.106,12.2,30,196.4932,43649,43679,43533,146,-199,4
0号东-18,PPT0059A,18,21,QS,H1087,146,282,14.7,19.5,33,286.65,43766,43799,43539,260,-323,6
10号南-5,PPT1003A,20,20,外场ZH,H1088,147,292,16.6,19.5,33,323.7,43695,43728,43539,189,-252,6
10号南-21,PPT1011A,18,20,外场HN,H1088,148,262,14.6,17.28,34,252.288,43442,43476,43539,-63,0,0
0号西-3,PPT0002A,20,21,MZ,H1088,149,262,14.6,17.28,34,252.288,43646,43680,43539,141,-204,0
10号北-24,PPT1062A,20,20,外场HN,H1088,150,272,14.4,17.28,34,248.832,43564,43598,43539,59,-122,0
10号北-2,PPT1051A,20,20,外场ZH,H1088,151,272,14.4,17.28,34,248.832,43608,43642,43539,103,-166,0
0号西-3,PPT0002A,20,21,MZ,H1088,152,144,17.566,15.678,24,275.399748,43520,43544,43525,19,-89,7
8号南-7,PPT0804A,20,22,XZY,H1088,153,144,17.566,15.678,24,275.399748,43431,43455,43525,-70,0,7
10号南-3,PPT1002A,20,20,外场ZH,H1088,154,154,19.932,15.976,24,318.433632,43482,43506,43525,-19,-51,7
10号南-21,PPT1011A,18,20,外场HN,H1087,155,154,19.932,15.976,24,318.433632,43539,43563,43525,38,-108,7
10号北-10,PPT1055A,20,20,RH,H1087,156,102,19.76,18.47,43,364.9672,43487,43530,43541,-11,-38,0
48南-3,BQM4803A,36,21,MZ,H1087,157,133,24.07,12.2,30,293.654,44273,44303,43529,774,-823,4
8号北-28,PPT0864A,20,22,机动,H1087,158,632,13.38,17.28,19,231.2064,43676,43695,43524,171,-210,12
10号北-10,PPT1055A,20,20,RH,H1087,159,622,13.38,17.28,17,231.2064,43782,43799,43522,277,-313,12
48北-3,BQM4853A,36,21,HN,H1087,160,103,29.101,15.68,30,456.30368,43627,43657,43533,124,-158,5
45南-3,BQM4503A,33,21,ZH,H1087,161,111,22.2,13.8,28,306.36,44029,44057,43524,533,-570,15
10号南-15,PPT1008A,18,20,外场HN,H1087,162,124,18.618,14.354,23,267.242772,43706,43729,43521,208,-274,6
0号东-6,PPT0053A,20,21,MZ,H1088,163,124,18.618,14.354,23,267.242772,43721,43744,43521,223,-289,6
48南-3,BQM4803A,36,21,MZ,H1088,164,134,22.828,14.354,23,327.673112,44666,44689,43521,1168,-1234,6
48南-3,BQM4803A,36,21,MZ,H1088,165,134,22.828,14.354,23,327.673112,44371,44394,43521,873,-939,6
0号西-1,PPT0001A,20,21,MZ,H1088,166,122,15.531,12.2,31,189.4782,43689,43720,43531,189,-237,-1
8号北-28,PPT0864A,20,22,机动,H1088,167,132,18.94,12.2,31,231.068,43566,43597,43531,66,-114,-1
8号南-19,PPT0810A,20,22,HL,H1088,168,112,21,8.6,21,180.6,43580,43601,43516,85,-118,5
10号南-9,PPT1005A,20,20,RH,H1088,169,221,17,15.97,24,271.49,43648,43672,43530,142,-188,22
8号南-3,PPT0802A,20,22,HY,H1088,170,684,14.7,20,37,294,43555,43592,43530,62,-114,12
0号东-2,PPT0051A,20,21,MZ,H1087,171,694,14.7,20,37,294,43639,43676,43529,147,-198,12
10号北-20,PPT1060A,20,20,外场HN,H1087,172,273,14.5,18.79,25,272.455,43571,43596,43520,76,-134,1
10号北-6,PPT1053A,20,20,外场ZH,H1087,173,273,14.5,18.79,25,272.455,43437,43462,43520,-58,0,1
8号南-5,PPT0803A,20,22,HY,H1087,174,112,21,8.6,21,180.6,43677,43698,43512,186,-214,5
0号西-3,PPT0002A,20,21,MZ,H1087,175,112,21,8.6,21,180.6,43761,43782,43512,270,-298,5
10号北-12,PPT1056A,20,20,RH,H1087,176,263,16.6,18.79,24,311.914,43594,43618,43517,101,-158,1
0号东-4,PPT0052A,20,21,MZ,H1087,177,263,16.6,18.79,24,311.914,43717,43741,43517,224,-281,1
8号北-14,PPT0857A,20,22,HL,H1087,178,633,13.38,18.79,15,251.4102,43555,43570,43510,60,-107,0
10号南-15,PPT1008A,18,20,外场HN,H1088,179,633,13.38,18.79,15,251.4102,43570,43585,43510,75,-122,0
48南-3,BQM4803A,36,21,MZ,H1088,180,111,22.2,13.8,24,306.36,44170,44194,43510,684,-741,7
45南-3,BQM4503A,33,21,ZH,H1088,181,111,22.2,13.8,24,306.36,44235,44259,43510,749,-806,7
8号北-18,PPT0859A,20,22,HL,H1088,182,623,13.38,18.79,16,251.4102,43658,43674,43510,164,-212,0
10号南-19,PPT1010A,18,20,外场HN,H1088,183,623,13.38,18.79,16,251.4102,43784,43800,43510,290,-338,0
10号南-23,PPT1012A,18,20,外场HN,H1088,184,183,8.82,15.798,21,139.33836,43604,43625,43511,114,-173,4
0号东-16,PPT0058A,18,21,QS,H1088,185,183,8.82,15.798,21,139.33836,43672,43693,43511,182,-241,4
42南-2,BQM4202A,18,18,YT,H1088,186,193,15.59,15.978,21,249.09702,43530,43551,43511,40,-99,4
48北-3,BQM4853A,36,21,HN,H1087,187,193,15.59,15.978,21,249.09702,43431,43452,43511,-59,0,4
48南-3,BQM4803A,36,21,MZ,H1087,188,101,30.66,9.4,32,288.204,44975,45007,43515,1492,-1538,0
0号东-2,PPT0051A,20,21,MZ,H1087,189,231,14.308,15.97,22,228.49876,43574,43596,43517,79,-123,14
8号北-26,PPT0863A,20,22,机动,H1087,190,182,16,7.3,19,116.8,43680,43699,43509,190,-229,4
10号北-8,PPT1054A,20,20,外场ZH,H1087,191,182,17,7.3,19,124.1,43451,43470,43509,-39,0,4
10号南-15,PPT1008A,18,20,外场HN,H1087,192,192,13.889,7.3,19,101.3897,43528,43547,43509,38,-77,4
10号南-23,PPT1012A,18,20,外场HN,H1087,193,192,13.889,7.3,19,101.3897,43451,43470,43509,-39,0,4
10号北-10,PPT1055A,20,20,RH,H1087,194,123,16.106,12.2,25,196.4932,43684,43709,43509,200,-233,1
8号南-7,PPT0804A,20,22,XZY,H1088,195,123,16.106,12.2,25,196.4932,43713,43738,43509,229,-262,1
48北-3,BQM4853A,36,21,HN,H1088,196,133,24.07,12.2,25,293.654,44069,44094,43509,585,-618,1
45南-3,BQM4503A,33,21,ZH,H1088,197,133,24.07,12.2,25,293.654,44812,44837,43509,1328,-1361,1
45南-3,BQM4503A,33,21,ZH,H1088,198,801,28.614,19.075,34,545.81205,44481,44515,43515,1000,-1049,9
48南-3,BQM4803A,36,21,MZ,H1088,199,801,28.614,19.075,34,545.81205,44195,44229,43515,714,-763,9
45南-3,BQM4503A,33,21,ZH,H1088,200,801,24.3,20.03,44,486.729,44976,45020,43517,1503,-1565,1
10号北-20,PPT1060A,20,20,外场HN,H1088,201,631,10.53,15.97,13,168.1641,43469,43482,43500,-18,-34,0
10号南-1,PPT1001A,20,20,外场ZH,H1088,202,631,10.53,15.97,13,168.1641,43435,43448,43500,-52,0,0
10号南-23,PPT1012A,18,20,外场HN,H1087,203,621,8.95,15.97,14,142.9315,43589,43603,43500,103,-154,0
10号南-19,PPT1010A,18,20,外场HN,H1087,204,621,8.95,15.97,14,142.9315,43662,43676,43500,176,-227,0
0号东-10,PPT0055A,20,21,MZ,H1087,205,632,13.38,17.28,14,231.2064,43601,43615,43499,116,-176,4
10号北-24,PPT1062A,20,20,外场HN,H1087,206,632,13.38,17.28,14,231.2064,43747,43761,43499,262,-322,4
10号北-6,PPT1053A,20,20,外场ZH,H1087,207,143,13.809,15.686,21,216.607974,43661,43682,43502,180,-226,6
10号南-1,PPT1001A,20,20,外场ZH,H1087,208,143,13.809,15.686,21,216.607974,43601,43622,43502,120,-166,6
0号东-18,PPT0059A,18,21,QS,H1087,209,153,18.919,15.5,21,293.2445,43713,43734,43502,232,-278,6
8号南-3,PPT0802A,20,22,HY,H1087,210,153,18.919,15.5,21,293.2445,43503,43524,43502,22,-68,6
48南-3,BQM4803A,36,21,MZ,H1088,211,102,19.76,18.47,19,364.9672,43671,43690,43496,194,-230,0
10号南-7,PPT1004A,20,20,外场ZH,H1088,212,102,19.76,18.47,19,364.9672,43787,43806,43496,310,-346,0
45南-3,BQM4503A,33,21,ZH,H1088,213,101,30.66,9.4,30,288.204,44781,44811,43506,1305,-1375,7
48北-3,BQM4853A,36,21,HN,H1088,214,101,30.66,9.4,30,288.204,43741,43771,43506,265,-335,7
10号南-7,PPT1004A,20,20,外场ZH,H1088,215,622,13.38,17.28,12,231.2064,43427,43439,43495,-56,0,5
10号北-10,PPT1055A,20,20,RH,H1088,216,622,13.38,17.28,12,231.2064,43427,43439,43495,-56,0,5
8号南-5,PPT0803A,20,22,HY,H1088,217,261,20.1,16,32,321.6,43785,43817,43509,308,-354,6
8号南-15,PPT0808A,20,22,HL,H1088,218,261,20.1,16,32,321.6,43541,43573,43509,64,-110,6
10号南-3,PPT1002A,20,20,外场ZH,H1087,219,271,17.8,16,32,284.8,43619,43651,43509,142,-188,6
0号东-16,PPT0058A,18,21,QS,H1087,220,271,17.8,16,32,284.8,43709,43741,43509,232,-278,6
0号东-2,PPT0051A,20,21,MZ,H1087,221,144,17.566,15.678,23,275.399748,43515,43538,43499,39,-108,7
10号南-19,PPT1010A,18,20,外场HN,H1087,222,144,17.566,15.678,23,275.399748,43638,43661,43499,162,-231,7
48南-10,BQM4810A,22,21,MZ,H1087,223,154,19.932,15.976,23,318.433632,43539,43562,43499,63,-132,7
8号南-13,PPT0807A,20,22,XZY,H1087,224,154,19.932,15.976,23,318.433632,43528,43551,43499,52,-121,7
8号南-21,PPT0811A,20,22,HL,H1087,225,262,14.6,17.28,32,252.288,43416,43448,43509,-61,0,0
0号西-3,PPT0002A,20,21,MZ,H1087,226,262,14.6,17.28,32,252.288,43416,43448,43509,-61,0,0
10号南-25,PPT1013A,18,20,外场HN,H1088,227,272,14.4,17.28,32,248.832,43599,43631,43509,122,-183,0
42南-2,BQM4202A,18,18,YT,H1088,228,272,14.4,17.28,32,248.832,43713,43745,43509,236,-297,0
10号北-20,PPT1060A,20,20,外场HN,H1088,229,124,18.618,14.354,22,267.242772,43408,43430,43495,-65,0,6
48南-10,BQM4810A,22,21,MZ,H1088,230,124,18.618,14.354,22,267.242772,43766,43788,43495,293,-358,6
45南-3,BQM4503A,33,21,ZH,H1088,231,134,22.828,14.354,22,327.673112,43861,43883,43495,388,-453,6
48北-3,BQM4853A,36,21,HN,H1088,232,134,22.828,14.354,22,327.673112,44016,44038,43495,543,-608,6
0号东-14,PPT0057A,20,21,QS,H1088,233,122,15.531,12.2,17,189.4782,43727,43744,43490,254,-302,7
8号南-3,PPT0802A,20,22,HY,H1088,234,122,15.531,12.2,17,189.4782,43425,43442,43490,-48,0,7
8号北-28,PPT0864A,20,22,机动,H1087,235,132,18.94,12.2,17,231.068,43696,43713,43490,223,-271,7
8号南-19,PPT0810A,20,22,HL,H1087,236,132,18.94,12.2,17,231.068,43692,43709,43490,219,-267,7
45南-3,BQM4503A,33,21,ZH,H1087,237,103,29.101,15.68,16,456.30368,44115,44131,43489,642,-688,7
45南-3,BQM4503A,33,21,ZH,H1087,238,103,29.101,15.68,16,456.30368,44295,44311,43489,822,-868,7
0号东-20,PPT0060A,18,21,QS,H1087,239,292,16.6,19.5,32,323.7,43439,43471,43505,-34,0,6
8号南-19,PPT0810A,20,22,HL,H1087,240,292,16.6,19.5,32,323.7,43737,43769,43505,264,-298,6
10号北-2,PPT1051A,20,20,外场ZH,H1087,241,835,13.5,10.4,32,140.4,43423,43455,43496,-41,0,19
10号南-1,PPT1001A,20,20,外场ZH,H1087,242,282,14.7,19.5,30,286.65,43518,43548,43502,46,-76,7
10号南-19,PPT1010A,18,20,外场HN,H1088,243,231,14.308,15.97,14,228.49876,43623,43637,43491,146,-206,4
10号北-12,PPT1056A,20,20,RH,H1088,244,231,14.308,15.97,14,228.49876,43640,43654,43491,163,-223,4
45南-3,BQM4503A,33,21,ZH,H1088,245,282,14.7,19.5,30,286.65,43476,43506,43501,5,-35,7
10号南-1,PPT1001A,20,20,外场ZH,H1088,246,683,17.8,14.8,34,263.44,43566,43600,43498,102,-131,26
8号南-3,PPT0802A,20,22,HY,H1088,247,693,17.8,14.8,34,263.44,43610,43644,43498,146,-175,26
10号南-3,PPT1002A,20,20,外场ZH,H1088,248,283,13.7,18.32,31,250.984,43753,43784,43499,285,-336,7
48南-10,BQM4810A,22,21,MZ,H1088,249,826,20.5,21,29,430.5,44156,44185,43493,692,-725,3
0号西-3,PPT0002A,20,21,MZ,H1088,250,836,8,21,29,168,43590,43619,43493,126,-159,3
45南-3,BQM4503A,33,21,ZH,H1087,251,293,22.5,18.32,30,412.2,44084,44114,43497,617,-668,7
45南-3,BQM4503A,33,21,ZH,H1087,252,293,22.5,18.32,30,412.2,44838,44868,43497,1371,-1422,7
10号南-15,PPT1008A,18,20,外场HN,H1087,253,263,16.6,18.79,25,311.914,43620,43645,43494,151,-209,1
8号南-15,PPT0808A,20,22,HL,H1087,254,263,16.6,18.79,25,311.914,43746,43771,43494,277,-335,1
0号东-2,PPT0051A,20,21,MZ,H1087,255,273,14.5,18.79,25,272.455,43597,43622,43494,128,-186,1
8号南-3,PPT0802A,20,22,HY,H1087,256,273,14.5,18.79,25,272.455,43676,43701,43494,207,-265,1
10号南-17,PPT1009A,18,20,外场HN,H1087,257,221,18,15.97,11,287.46,43697,43708,43488,220,-283,1
8号南-17,PPT0809A,20,22,HL,H1087,258,221,19,15.97,11,303.43,43618,43629,43488,141,-204,1
48南-3,BQM4803A,36,21,MZ,H1088,259,826,20.5,21,29,430.5,43729,43758,43492,266,-299,3
8号南-3,PPT0802A,20,22,HY,H1088,260,836,8,21,29,168,43525,43554,43492,62,-95,3
10号南-5,PPT1003A,20,20,外场ZH,H1088,261,643,13.412,17.72,15,237.66064,43441,43456,43486,-30,0,3
10号南-3,PPT1002A,20,20,外场ZH,H1088,262,643,13.412,17.72,15,237.66064,43507,43522,43486,36,-66,3
10号南-7,PPT1004A,20,20,外场ZH,H1088,263,653,11.2,17.72,15,198.464,43771,43786,43486,300,-330,3
42南-2,BQM4202A,18,18,YT,H1088,264,653,11.2,17.72,15,198.464,43441,43456,43486,-30,0,3
48南-3,BQM4803A,36,21,MZ,H1088,265,644,22.9,15.1,31,345.79,44006,44037,43496,541,-584,27
10号南-19,PPT1010A,18,20,外场HN,H1088,266,654,19.2,15.1,31,289.92,43529,43560,43496,64,-107,27
10号北-8,PPT1054A,20,20,外场ZH,H1087,267,283,13.7,18.32,30,250.984,43471,43501,43496,5,-55,7
10号北-18,PPT1059A,20,20,外场HN,H1087,268,803,15.5,16,29,248,43580,43609,43489,120,-166,1
0号西-3,PPT0002A,20,21,MZ,H1087,269,653,17.9,14.2,26,254.18,43449,43475,43490,-15,-11,27
0号东-16,PPT0058A,18,21,QS,H1087,270,803,15.5,17,29,263.5,43413,43442,43488,-46,0,1
0号东-4,PPT0052A,20,21,MZ,H1087,271,623,13.38,18.79,15,251.4102,43796,43811,43484,327,-374,0
0号西-1,PPT0001A,20,21,MZ,H1087,272,623,13.38,18.79,15,251.4102,43643,43658,43484,174,-221,0
0号东-16,PPT0058A,18,21,QS,H1087,273,633,13.38,18.79,15,251.4102,43508,43523,43484,39,-86,0
0号西-3,PPT0002A,20,21,MZ,H1087,274,633,13.38,18.79,15,251.4102,43476,43491,43484,7,-54,0
8号南-7,PPT0804A,20,22,XZY,H1088,275,642,13.412,19.5,16,261.534,43549,43565,43485,80,-120,5
10号北-6,PPT1053A,20,20,外场ZH,H1088,276,642,13.412,19.5,16,261.534,43515,43531,43485,46,-86,5
8号北-16,PPT0858A,20,22,HL,H1088,277,652,13.412,19.5,16,261.534,43429,43445,43485,-40,0,5
8号南-3,PPT0802A,20,22,HY,H1088,278,652,13.412,19.5,16,261.534,43593,43609,43485,124,-164,5
48南-3,BQM4803A,36,21,MZ,H1088,279,111,22.2,13.8,25,306.36,44456,44481,43485,996,-1054,7
45南-3,BQM4503A,33,21,ZH,H1088,280,111,22.2,13.8,25,306.36,43507,43532,43485,47,-105,7
0号东-12,PPT0056A,20,21,QS,H1088,281,183,8.82,15.798,21,139.33836,43411,43432,43486,-54,-5,4
10号北-8,PPT1054A,20,20,外场ZH,H1088,282,183,8.82,15.798,21,139.33836,43722,43743,43486,257,-316,4
10号南-1,PPT1001A,20,20,外场ZH,H1087,283,193,15.59,15.978,21,249.09702,43675,43696,43486,210,-269,4
10号南-7,PPT1004A,20,20,外场ZH,H1087,284,193,15.59,15.978,21,249.09702,43729,43750,43486,264,-323,4
0号东-2,PPT0051A,20,21,MZ,H1087,285,855,13,12.6,31,163.8,43725,43756,43489,267,-298,21
10号南-9,PPT1005A,20,20,RH,H1087,286,643,19.9,14.2,26,282.58,43437,43463,43489,-26,0,27
8号南-7,PPT0804A,20,22,XZY,H1087,287,823,21.1,15.6,30,329.16,43456,43486,43488,-2,-33,26
45南-3,BQM4503A,33,21,ZH,H1087,288,833,23,15.6,30,358.8,44312,44342,43488,854,-889,26
8号北-22,PPT0861A,20,22,HY,H1087,289,845,18.075,12.65,32,228.64875,43425,43457,43488,-31,0,21
0号东-2,PPT0051A,20,21,MZ,H1087,290,112,21,8.6,17,180.6,43556,43573,43477,96,-120,5
0号西-3,PPT0002A,20,21,MZ,H1088,291,112,21,8.6,17,180.6,43796,43813,43477,336,-360,5
45南-3,BQM4503A,33,21,ZH,H1088,292,825,24.4,10.4,30,253.76,44869,44899,43484,1415,-1454,19
10号南-3,PPT1002A,20,20,外场ZH,H1088,293,823,16.231,14.307,18,232.216917,43551,43569,43483,86,-112,0
10号南-3,PPT1002A,20,20,外场ZH,H1088,294,823,16.231,14.307,18,232.216917,43463,43481,43482,-1,-25,0
10号南-11,PPT1006A,20,20,RH,H1088,295,822,19.175,15.4,24,295.295,43549,43573,43482,91,-121,25
8号南-13,PPT0807A,20,22,XZY,H1088,296,832,21,15.4,24,323.4,43650,43674,43482,192,-222,25
10号南-21,PPT1011A,18,20,外场HN,H1088,297,182,18,7.3,18,131.4,43709,43727,43480,247,-285,4
0号西-3,PPT0002A,20,21,MZ,H1088,298,182,19,7.3,18,138.7,43571,43589,43480,109,-147,4
10号南-25,PPT1013A,18,20,外场HN,H1087,299,192,13.889,7.3,18,101.3897,43424,43442,43480,-38,0,4
8号南-15,PPT0808A,20,22,HL,H1087,300,192,13.889,7.3,18,101.3897,43772,43790,43480,310,-348,4
8号南-3,PPT0802A,20,22,HY,H1087,301,123,16.106,12.2,23,196.4932,43443,43466,43479,-13,-18,1
0号东-14,PPT0057A,20,21,QS,H1087,302,123,16.106,12.2,23,196.4932,43509,43532,43479,53,-84,1
45南-3,BQM4503A,33,21,ZH,H1087,303,133,24.07,12.2,23,293.654,44650,44673,43479,1194,-1225,1
48北-3,BQM4853A,36,21,HN,H1087,304,133,24.07,12.2,23,293.654,43898,43921,43479,442,-473,1
10号北-24,PPT1062A,20,20,外场HN,H1087,305,631,10.53,15.97,13,168.1641,43550,43563,43474,89,-141,0
10号南-15,PPT1008A,18,20,外场HN,H1087,306,631,10.53,15.97,13,168.1641,43586,43599,43474,125,-177,0
0号东-16,PPT0058A,18,21,QS,H1088,307,632,13.38,17.28,14,231.2064,43564,43578,43474,104,-164,4
0号东-16,PPT0058A,18,21,QS,H1088,308,632,13.38,17.28,14,231.2064,43694,43708,43474,234,-294,4
10号南-5,PPT1003A,20,20,外场ZH,H1088,309,825,19.167,16.931,20,324.516477,43782,43802,43475,327,-368,6
10号南-21,PPT1011A,18,20,外场HN,H1088,310,835,7.416,16.884,20,125.211744,43414,43434,43475,-41,0,6
0号东-6,PPT0053A,20,21,MZ,H1088,311,621,8.95,15.97,14,142.9315,43649,43663,43474,189,-240,0
10号南-23,PPT1012A,18,20,外场HN,H1088,312,621,8.95,15.97,14,142.9315,43706,43720,43474,246,-297,0
10号南-9,PPT1005A,20,20,RH,H1088,313,102,19.76,18.47,20,364.9672,43415,43435,43472,-37,0,0
10号南-1,PPT1001A,20,20,外场ZH,H1088,314,102,19.76,18.47,20,364.9672,43623,43643,43472,171,-208,0
10号北-6,PPT1053A,20,20,外场ZH,H1087,315,824,15.665,11.094,19,173.78751,43605,43624,43479,145,-166,4
10号南-5,PPT1003A,20,20,外场ZH,H1087,316,834,9.215,10.9,19,100.4435,43562,43581,43479,102,-123,4
10号南-23,PPT1012A,18,20,外场HN,H1087,317,143,13.809,15.686,21,216.607974,43684,43705,43476,229,-275,6
8号北-28,PPT0864A,20,22,机动,H1087,318,143,13.809,15.686,21,216.607974,43544,43565,43476,89,-135,6
10号北-12,PPT1056A,20,20,RH,H1087,319,153,18.919,15.5,21,293.2445,43705,43726,43476,250,-296,6
10号南-5,PPT1003A,20,20,外场ZH,H1087,320,153,18.919,15.5,21,293.2445,43729,43750,43476,274,-320,6
8号北-26,PPT0863A,20,22,机动,H1087,321,824,15.665,11.094,19,173.78751,43438,43457,43478,-21,0,4
10号北-4,PPT1052A,20,20,外场ZH,H1087,322,834,9.215,10.9,19,100.4435,43521,43540,43478,62,-83,4
0号东-2,PPT0051A,20,21,MZ,H1088,323,833,8.709,14.287,16,124.425483,43439,43455,43476,-21,0,0
48南-3,BQM4803A,36,21,MZ,H1088,324,101,30.66,9.4,30,288.204,44340,44370,43480,890,-960,7
48南-3,BQM4803A,36,21,MZ,H1088,325,101,30.66,9.4,30,288.204,44139,44169,43480,689,-759,7
10号北-6,PPT1053A,20,20,外场ZH,H1088,326,622,13.38,17.28,13,231.2064,43760,43773,43471,302,-359,5
10号北-20,PPT1060A,20,20,外场HN,H1088,327,622,13.38,17.28,13,231.2064,43769,43782,43471,311,-368,5
10号南-19,PPT1010A,18,20,外场HN,H1088,328,825,19.167,16.931,19,324.516477,43764,43783,43472,311,-351,6
10号南-3,PPT1002A,20,20,外场ZH,H1088,329,835,7.416,16.884,19,125.211744,43785,43804,43472,332,-372,6
8号南-21,PPT0811A,20,22,HL,H1088,330,110,15,4.932,54,73.98,43449,43503,43486,17,-85,6
0号东-8,PPT0054A,20,21,MZ,H1087,331,833,8.709,14.287,15,124.425483,43548,43563,43473,90,-110,0
48南-3,BQM4803A,36,21,MZ,H1087,332,824,24.1,17.41,30,419.581,45117,45147,43477,1670,-1709,6
45南-3,BQM4503A,33,21,ZH,H1087,333,684,14.7,20,35,294,43404,43439,43484,-45,-5,12
10号南-13,PPT1007A,18,20,RH,H1087,334,822,16.086,14.292,16,229.901112,43579,43595,43472,123,-165,5
10号南-3,PPT1002A,20,20,外场ZH,H1087,335,832,6.767,14.288,16,96.686896,43414,43430,43472,-42,0,5
8号南-13,PPT0807A,20,22,XZY,H1087,336,694,14.7,20,35,294,43587,43622,43483,139,-188,12
45南-4,BQM4504A,20,21,ZH,H1087,337,822,16.086,14.292,16,229.901112,43761,43777,43471,306,-348,5
10号南-21,PPT1011A,18,20,外场HN,H1087,338,832,6.767,14.288,16,96.686896,43522,43538,43471,67,-109,5
45南-4,BQM4504A,20,21,ZH,H1088,339,621,18.334,19.25,37,352.9295,43778,43815,43480,335,-386,6
8号北-16,PPT0858A,20,22,HL,H1088,340,631,16.117,19.25,37,310.25225,43466,43503,43480,23,-74,6
8号北-26,PPT0863A,20,22,机动,H1088,341,112,14.612,22,30,321.464,43786,43816,43471,345,-389,6
10号南-25,PPT1013A,18,20,外场HN,H1088,342,122,15.531,12.2,16,189.4782,43632,43648,43463,185,-232,7
8号南-5,PPT0803A,20,22,HY,H1088,343,122,15.531,12.2,16,189.4782,43408,43424,43463,-39,-8,7
8号北-28,PPT0864A,20,22,机动,H1088,344,132,18.94,12.2,16,231.068,43400,43416,43463,-47,0,7
10号北-6,PPT1053A,20,20,外场ZH,H1088,345,132,18.94,12.2,16,231.068,43774,43790,43463,327,-374,7
45南-3,BQM4503A,33,21,ZH,H1088,346,103,29.101,15.68,16,456.30368,43803,43819,43463,356,-402,7
45南-3,BQM4503A,33,21,ZH,H1087,347,103,29.101,15.68,16,456.30368,43786,43802,43463,339,-385,7
0号东-18,PPT0059A,18,21,QS,H1087,348,661,18.6,14.9,25,277.14,43647,43672,43470,202,-241,6
10号北-4,PPT1052A,20,20,外场ZH,H1087,349,231,14.308,15.97,14,228.49876,43634,43648,43466,182,-242,4
0号东-4,PPT0052A,20,21,MZ,H1087,350,231,14.308,15.97,14,228.49876,43392,43406,43466,-60,0,4
48南-3,BQM4803A,36,21,MZ,H1087,351,111,11.85,24,44,284.4,44838,44882,43471,1411,-1469,6
10号南-13,PPT1007A,18,20,RH,H1087,352,834,19,16.8,30,319.2,43515,43545,43468,77,-106,6
48南-3,BQM4803A,36,21,MZ,H1087,353,801,24.3,17,47,413.1,44038,44085,43478,607,-672,1
10号北-10,PPT1055A,20,20,RH,H1087,354,221,20,15.97,12,319.4,43636,43648,43464,184,-248,1
0号西-3,PPT0002A,20,21,MZ,H1088,355,221,21,15.97,12,335.37,43783,43795,43464,331,-395,1
0号东-12,PPT0056A,20,21,QS,H1088,356,134,18.74,19.44,33,364.3056,43763,43796,43468,328,-375,6
48南-3,BQM4803A,36,21,MZ,H1088,357,103,34.122,13.75,43,469.1775,44728,44771,43472,1299,-1356,6
0号东-8,PPT0054A,20,21,MZ,H1088,358,135,18.6,19.35,31,359.91,43564,43595,43466,129,-174,6
10号北-12,PPT1056A,20,20,RH,H1088,359,671,18.6,14.9,25,277.14,43743,43768,43463,305,-344,6
45南-3,BQM4503A,33,21,ZH,H1088,360,193,20.1,20.9,35,420.09,43603,43638,43469,169,-218,6
8号南-1,PPT0801A,20,22,HY,H1088,361,183,9.9,20.9,33,206.91,43682,43715,43467,248,-295,6
10号南-7,PPT1004A,20,20,外场ZH,H1088,362,125,14.8,19.15,31,283.42,43559,43590,43465,125,-170,6
10号南-23,PPT1012A,18,20,外场HN,H1087,363,124,15.49,19.15,32,296.6335,43397,43429,43464,-35,-11,6
48南-10,BQM4810A,22,21,MZ,H1087,364,194,20.1,21.05,28,423.105,43892,43920,43460,460,-502,6
8号南-13,PPT0807A,20,22,XZY,H1087,365,184,9.804,21.05,26,206.3742,43623,43649,43458,191,-231,6
8号南-19,PPT0810A,20,22,HL,H1087,366,145,10.1,13.065,20,131.9565,43536,43556,43455,101,-135,6
0号东-10,PPT0055A,20,21,MZ,H1087,367,154,14.94,13.05,20,194.967,43580,43600,43455,145,-179,6
45南-4,BQM4504A,20,21,ZH,H1087,368,155,14.7,13.05,23,191.835,43624,43647,43457,190,-227,6
0号东-6,PPT0053A,20,21,MZ,H1087,369,143,10.97,13.152,25,144.27744,43390,43415,43454,-39,0,6
10号北-22,PPT1061A,20,20,外场HN,H1087,370,153,18.861,13.05,25,246.13605,43687,43712,43454,258,-297,6
8号北-26,PPT0863A,20,22,机动,H1088,371,144,10.5,13.05,19,137.025,43700,43719,43451,268,-301,6
8号北-26,PPT0863A,20,22,机动,H1088,372,835,13.5,10.4,32,140.4,43562,43594,43455,139,-180,19
48南-3,BQM4803A,36,21,MZ,H1088,373,192,16.9,9.2,41,155.48,43366,43407,43462,-55,0,6
8号南-1,PPT0801A,20,22,HY,H1088,374,662,14.6,20,27,292,43716,43743,43455,288,-329,6
10号北-14,PPT1057A,20,20,RH,H1088,375,672,14.6,20,27,292,43764,43791,43455,336,-377,6
8号北-14,PPT0857A,20,22,HL,H1088,376,181,14,11.95,24,167.3,43629,43653,43451,202,-240,6
48南-3,BQM4803A,36,21,MZ,H1088,377,102,22.89,15.65,52,358.2285,44086,44138,43458,680,-746,6
0号东-4,PPT0052A,20,21,MZ,H1088,378,123,19.5,18.75,43,365.625,43437,43480,43461,19,-76,6
48南-3,BQM4803A,36,21,MZ,H1087,379,133,25.083,18.75,43,470.30625,44931,44974,43461,1513,-1570,6
10号南-17,PPT1009A,18,20,外场HN,H1087,380,623,13.6,19.8,38,269.28,43709,43747,43459,288,-340,6
10号北-14,PPT1057A,20,20,RH,H1087,381,633,12.7,19.8,38,251.46,43637,43675,43459,216,-268,6
42南-2,BQM4202A,18,18,YT,H1087,382,683,17.8,14.8,32,263.44,43746,43778,43452,326,-353,26
8号南-5,PPT0803A,20,22,HY,H1087,383,693,17.8,14.8,32,263.44,43521,43553,43452,101,-128,26
10号北-22,PPT1061A,20,20,外场HN,H1087,384,653,17.9,14.2,26,254.18,43574,43600,43449,151,-177,27
10号南-11,PPT1006A,20,20,RH,H1087,385,855,14,12.6,31,176.4,43386,43417,43448,-31,0,21
45南-3,BQM4503A,33,21,ZH,H1087,386,643,19.9,14.2,26,282.58,43576,43602,43448,154,-180,27
0号西-1,PPT0001A,20,21,MZ,H1088,387,191,9,11.95,23,107.55,43509,43532,43448,84,-121,6
10号北-6,PPT1053A,20,20,外场ZH,H1088,388,162,17.86,7.8,21,139.308,43532,43553,43445,108,-143,6
10号南-15,PPT1008A,18,20,外场HN,H1088,389,172,18.45,12.45,21,229.7025,43548,43569,43445,124,-159,6
42南-2,BQM4202A,18,18,YT,H1088,390,182,12.25,9.2,41,112.7,43604,43645,43456,189,-244,6
0号东-2,PPT0051A,20,21,MZ,H1088,391,622,16.9,20,29,338,43456,43485,43451,34,-77,6
8号南-7,PPT0804A,20,22,XZY,H1088,392,632,13.5,20,29,270,43487,43516,43451,65,-108,6
8号南-1,PPT0801A,20,22,HY,H1088,393,823,21.1,15.6,30,329.16,43797,43827,43446,381,-416,26
48北-3,BQM4853A,36,21,HN,H1088,394,833,24,15.6,30,374.4,43710,43740,43446,294,-329,26
10号南-7,PPT1004A,20,20,外场ZH,H1087,395,845,18.075,12.65,31,228.64875,43527,43558,43446,112,-142,21
0号东-12,PPT0056A,20,21,QS,H1087,396,161,11.58,12.405,18,143.6499,43392,43410,43442,-32,0,6
8号南-15,PPT0808A,20,22,HL,H1087,397,171,21.526,7.65,18,164.6739,43809,43827,43442,385,-417,6
45南-3,BQM4503A,33,21,ZH,H1087,398,825,24.4,10.4,33,253.76,43884,43917,43446,471,-513,19
10号南-3,PPT1002A,20,20,外场ZH,H1087,399,822,19.175,15.4,24,295.295,43728,43752,43440,312,-342,25
8号北-18,PPT0859A,20,22,HL,H1087,400,832,22,15.4,24,338.8,43615,43639,43440,199,-229,25
10号南-17,PPT1009A,18,20,外场HN,H1087,401,104,13.35,13.05,15,174.2175,43388,43403,43432,-29,0,6
10号南-5,PPT1003A,20,20,外场ZH,H1087,402,101,11.577,13.021,49,150.744117,43512,43561,43453,108,-171,6
48北-3,BQM4853A,36,21,HN,H1088,403,824,24.1,17.41,34,419.581,43981,44015,43439,576,-619,6
45南-3,BQM4503A,33,21,ZH,H1088,404,122,17,9.55,14,162.35,43389,43403,43431,-28,0,6
45南-3,BQM4503A,33,21,ZH,H1088,405,132,10,9.55,14,95.5,43461,43475,43431,44,-72,6
48南-3,BQM4803A,36,21,MZ,H1088,406,801,28.614,19.075,58,545.81205,43857,43915,43463,452,-526,2
45南-3,BQM4503A,33,21,ZH,H1088,407,801,28.614,19.075,37,545.81205,43680,43717,43440,277,-329,9
48南-3,BQM4803A,36,21,MZ,H1088,408,801,28.614,19.075,37,545.81205,44690,44727,43439,1288,-1340,9
8号南-21,PPT0811A,20,22,HL,H1088,409,825,19.167,16.931,25,324.516477,43504,43529,43428,101,-133,0
10号南-23,PPT1012A,18,20,外场HN,H1088,410,835,7.416,16.884,25,125.211744,43371,43396,43428,-32,0,0
8号南-5,PPT0803A,20,22,HY,H1087,411,652,13.412,19.5,19,261.534,43554,43573,43425,148,-188,6
10号北-14,PPT1057A,20,20,RH,H1087,412,653,11.2,17.72,19,198.464,43386,43405,43425,-20,-20,6
8号南-7,PPT0804A,20,22,XZY,H1087,413,834,20,16.8,33,336,43605,43638,43429,209,-241,6
45南-3,BQM4503A,33,21,ZH,H1087,414,826,20.5,21,31,430.5,43957,43988,43427,561,-598,8
8号南-17,PPT0809A,20,22,HL,H1087,415,836,8,21,31,168,43630,43661,43427,234,-271,8
8号南-5,PPT0803A,20,22,HY,H1087,416,642,13.412,19.5,19,261.534,43699,43718,43422,296,-333,6
10号北-10,PPT1055A,20,20,RH,H1087,417,643,13.412,17.72,19,237.66064,43762,43781,43422,359,-396,6
10号北-24,PPT1062A,20,20,外场HN,H1087,418,283,18.4,18.9,44,347.76,43634,43678,43433,245,-314,7
8号北-22,PPT0861A,20,22,HY,H1088,419,284,20,18.4,45,368,43701,43746,43432,314,-384,7
8号南-17,PPT0809A,20,22,HL,H1088,420,294,20,18.4,45,368,43537,43582,43431,151,-221,7
10号南-11,PPT1006A,20,20,RH,H1088,421,221,18.25,8.2,17,149.65,43611,43628,43419,209,-240,6
8号北-22,PPT0861A,20,22,HY,H1088,422,231,15.25,8.2,17,125.05,43371,43388,43419,-31,0,6
10号北-6,PPT1053A,20,20,外场ZH,H1088,423,110,16,4.932,51,78.912,43463,43514,43425,89,-154,6
10号北-22,PPT1061A,20,20,外场HN,H1088,424,293,19.5,18.9,43,368.55,43731,43774,43429,345,-413,7
10号南-23,PPT1012A,18,20,外场HN,H1088,425,824,15.665,11.094,19,173.78751,43498,43517,43418,99,-145,6
10号南-7,PPT1004A,20,20,外场ZH,H1088,426,834,9.215,10.9,19,100.4435,43463,43482,43418,64,-110,6
0号东-4,PPT0052A,20,21,MZ,H1087,427,661,18.6,14.9,29,277.14,43407,43436,43423,13,-56,6
42南-2,BQM4202A,18,18,YT,H1087,428,822,16.086,14.292,18,229.901112,43646,43664,43417,247,-292,6
0号东-14,PPT0057A,20,21,QS,H1087,429,823,16.231,14.307,18,232.216917,43533,43551,43417,134,-179,6
10号南-11,PPT1006A,20,20,RH,H1087,430,832,6.767,14.288,18,96.686896,43493,43511,43417,94,-139,6
10号北-8,PPT1054A,20,20,外场ZH,H1087,431,833,8.709,14.287,18,124.425483,43673,43691,43417,274,-319,6
8号南-5,PPT0803A,20,22,HY,H1087,432,621,18.334,19.25,37,352.9295,43483,43520,43424,96,-147,6
10号南-25,PPT1013A,18,20,外场HN,H1087,433,631,16.117,19.25,37,310.25225,43505,43542,43424,118,-169,6
48南-10,BQM4810A,22,21,MZ,H1087,434,803,15.5,18,32,279,43700,43732,43418,314,-350,1
10号南-25,PPT1013A,18,20,外场HN,H1088,435,292,16.6,19.5,33,323.7,43443,43476,43425,51,-86,6
48南-3,BQM4803A,36,21,MZ,H1088,436,112,14.612,23,30,336.076,43759,43789,43415,374,-418,6
10号北-10,PPT1055A,20,20,RH,H1088,437,292,16.6,19.5,34,323.7,43649,43683,43425,258,-294,6
48南-3,BQM4803A,36,21,MZ,H1088,438,111,11.85,25,40,296.25,44482,44522,43412,1110,-1164,6
48南-10,BQM4810A,22,21,MZ,H1088,439,826,20.5,21,33,430.5,43822,43855,43417,438,-475,3
48南-10,BQM4810A,22,21,MZ,H1088,440,826,20.5,21,33,430.5,43976,44009,43417,592,-629,3
8号南-15,PPT0808A,20,22,HL,H1088,441,836,8,21,33,168,43507,43540,43417,123,-160,3
8号南-1,PPT0801A,20,22,HY,H1088,442,836,8,21,33,168,43494,43527,43417,110,-147,3
8号南-5,PPT0803A,20,22,HY,H1087,443,282,14.7,19.5,32,286.65,43358,43390,43422,-32,0,7
8号北-18,PPT0859A,20,22,HL,H1087,444,282,14.7,19.5,32,286.65,43781,43813,43421,392,-424,7
48南-3,BQM4803A,36,21,MZ,H1087,445,293,22.5,18.32,31,412.2,44563,44594,43416,1178,-1230,7
48南-10,BQM4810A,22,21,MZ,H1087,446,193,20.1,20.9,35,420.09,43856,43891,43416,475,-524,6
10号北-14,PPT1057A,20,20,RH,H1087,447,283,13.7,18.32,31,250.984,43720,43751,43415,336,-387,7
8号北-16,PPT0858A,20,22,HL,H1087,448,183,9.9,20.9,33,206.91,43504,43537,43414,123,-170,6
10号南-23,PPT1012A,18,20,外场HN,H1087,449,803,15.5,19,29,294.5,43626,43655,43407,248,-294,1
45南-3,BQM4503A,33,21,ZH,H1087,450,293,22.5,18.32,30,412.2,45088,45118,43413,1705,-1756,7
10号南-3,PPT1002A,20,20,外场ZH,H1088,451,134,18.74,19.44,33,364.3056,43674,43707,43412,295,-342,6
10号北-14,PPT1057A,20,20,RH,H1088,452,803,15.5,20,29,310,43569,43598,43406,192,-238,1
8号南-13,PPT0807A,20,22,XZY,H1088,453,135,18.6,19.35,30,359.91,43713,43743,43410,333,-377,6
48南-10,BQM4810A,22,21,MZ,H1088,454,194,20.1,21.05,28,423.105,44186,44214,43408,806,-848,6
8号北-22,PPT0861A,20,22,HY,H1088,455,184,9.804,21.05,27,206.3742,43792,43819,43407,412,-453,6
8号北-22,PPT0861A,20,22,HY,H1088,456,671,18.6,14.9,25,277.14,43675,43700,43408,292,-331,6
42南-2,BQM4202A,18,18,YT,H1088,457,643,13.412,17.72,15,237.66064,43514,43529,43402,127,-157,3
10号南-23,PPT1012A,18,20,外场HN,H1088,458,653,11.2,17.72,15,198.464,43761,43776,43402,374,-404,3
10号南-13,PPT1007A,18,20,RH,H1087,459,263,16.6,18.79,25,311.914,43723,43748,43409,339,-397,1
8号南-1,PPT0801A,20,22,HY,H1087,460,273,14.5,18.79,25,272.455,43744,43769,43409,360,-418,1
10号南-23,PPT1012A,18,20,外场HN,H1087,461,124,15.49,19.15,33,296.6335,43518,43551,43411,140,-187,6
0号东-20,PPT0060A,18,21,QS,H1087,462,283,13.7,18.32,30,250.984,43588,43618,43412,206,-256,7
10号南-15,PPT1008A,18,20,外场HN,H1087,463,125,14.8,19.15,31,283.42,43749,43780,43410,370,-415,6
10号南-23,PPT1012A,18,20,外场HN,H1087,464,643,13.412,17.72,16,237.66064,43744,43760,43402,358,-389,3
8号南-17,PPT0809A,20,22,HL,H1087,465,653,11.2,17.72,16,198.464,43662,43678,43402,276,-307,3
0号东-10,PPT0055A,20,21,MZ,H1087,466,823,16.231,14.307,21,232.216917,43616,43637,43408,229,-258,0
48南-3,BQM4803A,36,21,MZ,H1088,467,103,34.122,13.75,40,469.1775,45037,45077,43412,1665,-1719,6
0号东-18,PPT0059A,18,21,QS,H1088,468,154,19.932,15.976,39,318.433632,43673,43712,43419,293,-346,8
10号北-14,PPT1057A,20,20,RH,H1088,469,263,16.6,18.79,25,311.914,43543,43568,43408,160,-218,1
0号西-3,PPT0002A,20,21,MZ,H1088,470,273,14.5,18.79,25,272.455,43620,43645,43408,237,-295,1
10号南-3,PPT1002A,20,20,外场ZH,H1088,471,262,14.6,17.28,31,252.288,43431,43462,43414,48,-94,6
8号南-1,PPT0801A,20,22,HY,H1088,472,272,14.4,17.28,31,248.832,43650,43681,43414,267,-313,6
0号东-2,PPT0051A,20,21,MZ,H1088,473,642,13.412,19.5,16,261.534,43539,43555,43401,154,-194,5
10号北-22,PPT1061A,20,20,外场HN,H1088,474,652,13.412,19.5,16,261.534,43633,43649,43401,248,-288,5
10号北-4,PPT1052A,20,20,外场ZH,H1087,475,823,16.231,14.307,21,232.216917,43541,43562,43407,155,-184,0
8号北-28,PPT0864A,20,22,机动,H1087,476,623,13.38,18.79,15,251.4102,43770,43785,43399,386,-433,0
10号北-20,PPT1060A,20,20,外场HN,H1087,477,633,13.38,18.79,15,251.4102,43597,43612,43399,213,-260,0
10号南-1,PPT1001A,20,20,外场ZH,H1087,478,642,13.412,19.5,16,261.534,43549,43565,43400,165,-205,5
8号北-22,PPT0861A,20,22,HY,H1087,479,652,13.412,19.5,16,261.534,43638,43654,43400,254,-294,5
48南-10,BQM4810A,22,21,MZ,H1087,480,826,20.852,21.691,54,452.300732,43921,43975,43423,552,-641,7
8号南-13,PPT0807A,20,22,XZY,H1087,481,836,6.45,21.691,54,139.90695,43800,43854,43423,431,-520,7
45南-4,BQM4504A,20,21,ZH,H1087,482,261,20.1,16,31,321.6,43542,43573,43409,164,-218,6
10号北-24,PPT1062A,20,20,外场HN,H1088,483,271,17.8,16,31,284.8,43324,43355,43409,-54,0,6
0号东-10,PPT0055A,20,21,MZ,H1088,484,623,13.38,18.79,15,251.4102,43336,43351,43398,-47,0,0
10号北-12,PPT1056A,20,20,RH,H1088,485,633,13.38,18.79,15,251.4102,43578,43593,43398,195,-242,0
8号南-7,PPT0804A,20,22,XZY,H1088,486,145,10.1,13.065,20,131.9565,43772,43792,43400,392,-426,6
0号东-16,PPT0058A,18,21,QS,H1088,487,824,15.665,11.094,22,173.78751,43649,43671,43404,267,-291,4
48南-10,BQM4810A,22,21,MZ,H1088,488,834,9.215,10.9,22,100.4435,43648,43670,43404,266,-290,4
10号南-17,PPT1009A,18,20,外场HN,H1088,489,155,14.7,13.05,22,191.835,43444,43466,43401,65,-101,6
8号北-18,PPT0859A,20,22,HL,H1088,490,154,14.94,13.05,20,194.967,43706,43726,43399,327,-361,6
8号南-19,PPT0810A,20,22,HL,H1087,491,824,15.665,11.094,22,173.78751,43669,43691,43403,288,-312,4
10号南-7,PPT1004A,20,20,外场ZH,H1087,492,834,9.215,10.9,22,100.4435,43440,43462,43403,59,-83,4
10号北-16,PPT1058A,20,20,外场HN,H1087,493,825,18.455,17.3,39,319.2715,43604,43643,43414,229,-303,7
0号东-16,PPT0058A,18,21,QS,H1087,494,835,16,17.3,39,276.8,43524,43563,43414,149,-223,7
8号南-19,PPT0810A,20,22,HL,H1087,495,144,10.5,13.05,20,137.025,43648,43668,43398,270,-304,6
10号北-6,PPT1053A,20,20,外场ZH,H1087,496,822,16.055,14.575,35,234.001625,43625,43660,43409,251,-321,7
0号西-3,PPT0002A,20,21,MZ,H1087,497,832,6.662,14.583,35,97.151946,43725,43760,43409,351,-421,7
10号北-8,PPT1054A,20,20,外场ZH,H1087,498,183,8.82,15.798,22,139.33836,43607,43629,43397,232,-268,6
8号南-19,PPT0810A,20,22,HL,H1088,499,193,15.59,15.978,22,249.09702,43339,43361,43397,-36,0,6
10号南-23,PPT1012A,18,20,外场HN,H1088,500,684,17.5,18.4,38,322,43777,43815,43409,406,-469,7
10号南-13,PPT1007A,18,20,RH,H1088,501,694,16.7,18.4,38,307.28,43596,43634,43409,225,-288,7
10号北-2,PPT1051A,20,20,外场ZH,H1088,502,192,16.9,9.2,37,155.48,43643,43680,43403,277,-328,6
10号北-24,PPT1062A,20,20,外场HN,H1088,503,144,17.566,15.678,31,275.399748,43762,43793,43403,390,-435,8
10号北-14,PPT1057A,20,20,RH,H1088,504,662,14.6,20,27,292,43406,43433,43400,33,-74,6
0号西-1,PPT0001A,20,21,MZ,H1088,505,672,14.6,20,27,292,43745,43772,43400,372,-413,6
10号南-21,PPT1011A,18,20,外场HN,H1088,506,143,10.97,13.152,25,144.27744,43606,43631,43397,234,-273,6
0号西-3,PPT0002A,20,21,MZ,H1087,507,153,18.861,13.05,25,246.13605,43545,43570,43397,173,-212,6
0号西-1,PPT0001A,20,21,MZ,H1087,508,833,8.709,14.287,15,124.425483,43659,43674,43393,281,-301,0
8号北-18,PPT0859A,20,22,HL,H1087,509,683,16.6,18.9,24,313.74,43727,43751,43395,356,-405,7
10号南-7,PPT1004A,20,20,外场ZH,H1087,510,693,16.6,18.9,24,313.74,43639,43663,43395,268,-317,7
0号东-8,PPT0054A,20,21,MZ,H1087,511,825,19.167,16.931,20,324.516477,43596,43616,43391,225,-266,6
0号东-6,PPT0053A,20,21,MZ,H1087,512,825,19.167,16.931,20,324.516477,43593,43613,43391,222,-263,6
10号北-8,PPT1054A,20,20,外场ZH,H1087,513,835,7.416,16.884,20,125.211744,43556,43576,43391,185,-226,6
8号南-1,PPT0801A,20,22,HY,H1087,514,835,7.416,16.884,20,125.211744,43562,43582,43391,191,-232,6
10号南-7,PPT1004A,20,20,外场ZH,H1088,515,833,8.709,14.287,15,124.425483,43664,43679,43392,287,-307,0
10号北-22,PPT1061A,20,20,外场HN,H1088,516,124,18.618,14.354,32,267.242772,43521,43553,43402,151,-196,10
48南-3,BQM4803A,36,21,MZ,H1088,517,134,22.828,14.354,32,327.673112,43824,43856,43402,454,-499,10
10号南-5,PPT1003A,20,20,外场ZH,H1088,518,181,15,11.95,24,179.25,43457,43481,43396,85,-123,6
0号东-14,PPT0057A,20,21,QS,H1088,519,822,16.086,14.292,16,229.901112,43492,43508,43390,118,-160,5
10号南-9,PPT1005A,20,20,RH,H1088,520,832,6.767,14.288,16,96.686896,43464,43480,43390,90,-132,5
0号东-16,PPT0058A,18,21,QS,H1088,521,191,9,11.95,24,107.55,43773,43797,43395,402,-440,6
10号北-8,PPT1054A,20,20,外场ZH,H1088,522,623,13.6,19.8,34,269.28,43521,43555,43399,156,-204,6
10号北-14,PPT1057A,20,20,RH,H1087,523,633,12.7,19.8,34,251.46,43317,43351,43399,-48,0,6
8号南-5,PPT0803A,20,22,HY,H1087,524,822,16.086,14.292,16,229.901112,43391,43407,43389,18,-60,5
0号东-20,PPT0060A,18,21,QS,H1087,525,832,6.767,14.288,16,96.686896,43767,43783,43389,394,-436,5
0号西-1,PPT0001A,20,21,MZ,H1087,526,123,19.5,18.75,39,365.625,43547,43586,43400,186,-239,6
0号东-4,PPT0052A,20,21,MZ,H1087,528,182,12.25,9.2,37,112.7,43513,43550,43397,153,-204,6
48北-3,BQM4853A,36,21,HN,H1087,529,102,22.89,15.65,47,358.2285,44134,44181,43395,786,-847,6
10号北-6,PPT1053A,20,20,外场ZH,H1087,530,622,16.9,20,29,338,43554,43583,43395,188,-231,6
10号南-17,PPT1009A,18,20,外场HN,H1088,531,632,13.5,20,29,270,43520,43549,43395,154,-197,6
0号西-1,PPT0001A,20,21,MZ,H1088,532,162,17.86,7.8,21,139.308,43587,43608,43388,220,-255,6
0号东-18,PPT0059A,18,21,QS,H1088,533,172,18.45,12.45,21,229.7025,43332,43353,43388,-35,0,6
8号南-21,PPT0811A,20,22,HL,H1088,534,824,17.596,14.575,34,256.4617,43745,43779,43398,381,-450,7
0号东-4,PPT0052A,20,21,MZ,H1088,535,834,7.062,14.636,34,103.359432,43761,43795,43398,397,-466,7
10号北-10,PPT1055A,20,20,RH,H1088,536,143,13.809,15.686,31,216.607974,43730,43761,43396,365,-408,7
0号东-2,PPT0051A,20,21,MZ,H1088,537,153,18.919,15.5,31,293.2445,43693,43724,43396,328,-371,7
8号南-7,PPT0804A,20,22,XZY,H1088,538,283,13.7,18.32,31,250.984,43517,43548,43395,153,-214,6
45南-3,BQM4503A,33,21,ZH,H1087,539,293,22.5,18.32,31,412.2,44749,44780,43395,1385,-1446,6
45南-4,BQM4504A,20,21,ZH,H1087,540,621,8.95,15.97,10,142.9315,43750,43760,43378,382,-416,33
10号北-10,PPT1055A,20,20,RH,H1087,541,263,16.6,18.79,26,311.914,43580,43606,43392,214,-260,6
8号北-22,PPT0861A,20,22,HY,H1087,542,823,17.548,14.578,32,255.814744,43605,43637,43396,241,-308,7
10号北-22,PPT1061A,20,20,外场HN,H1087,543,833,7.281,14.575,32,106.120575,43297,43329,43396,-67,0,7
10号北-6,PPT1053A,20,20,外场ZH,H1087,544,631,10.53,15.97,8,168.1641,43704,43712,43375,337,-371,33
8号南-5,PPT0803A,20,22,HY,H1087,545,273,14.5,18.79,26,272.455,43456,43482,43391,91,-136,6
10号南-21,PPT1011A,18,20,外场HN,H1087,546,161,11.58,12.405,19,143.6499,43760,43779,43386,393,-426,6
8号北-16,PPT0858A,20,22,HL,H1088,547,171,21.526,7.65,19,164.6739,43446,43465,43386,79,-112,6
10号南-1,PPT1001A,20,20,外场ZH,H1088,548,282,14.7,19.5,30,286.65,43778,43808,43394,414,-474,6
8号南-5,PPT0803A,20,22,HY,H1088,549,292,16.6,19.5,30,323.7,43425,43455,43394,61,-121,6
42南-2,BQM4202A,18,18,YT,H1088,550,123,16.106,12.2,28,196.4932,43552,43580,43388,192,-243,4
0号东-2,PPT0051A,20,21,MZ,H1088,551,623,13.38,18.79,15,251.4102,43623,43638,43381,257,-291,3
10号北-24,PPT1062A,20,20,外场HN,H1088,552,633,13.38,18.79,15,251.4102,43356,43371,43381,-10,-24,3
8号南-15,PPT0808A,20,22,HL,H1088,553,182,20,7.3,17,146,43791,43808,43382,426,-467,6
0号东-18,PPT0059A,18,21,QS,H1088,554,192,13.889,7.3,17,101.3897,43551,43568,43382,186,-227,6
8号南-13,PPT0807A,20,22,XZY,H1087,555,632,13.38,17.28,16,231.2064,43552,43568,43379,189,-225,12
10号北-18,PPT1059A,20,20,外场HN,H1087,556,622,13.38,17.28,15,231.2064,43643,43658,43378,280,-314,12
10号南-21,PPT1011A,18,20,外场HN,H1087,557,144,17.566,15.678,23,275.399748,43632,43655,43380,275,-344,7
10号南-19,PPT1010A,18,20,外场HN,H1087,558,144,17.566,15.678,23,275.399748,43561,43584,43380,204,-273,7
0号东-16,PPT0058A,18,21,QS,H1087,559,154,19.932,15.976,23,318.433632,43443,43466,43380,86,-155,7
0号西-1,PPT0001A,20,21,MZ,H1087,560,154,19.932,15.976,23,318.433632,43721,43744,43380,364,-433,7
48南-3,BQM4803A,36,21,MZ,H1087,561,133,24.07,12.2,28,293.654,45008,45036,43384,1652,-1699,4
8号北-22,PPT0861A,20,22,HY,H1087,562,124,18.618,14.354,22,267.242772,43290,43312,43377,-65,0,6
10号北-20,PPT1060A,20,20,外场HN,H1088,563,124,18.618,14.354,22,267.242772,43431,43453,43377,76,-141,6
48南-3,BQM4803A,36,21,MZ,H1088,564,134,22.828,14.354,22,327.673112,43933,43955,43377,578,-643,6
48北-3,BQM4853A,36,21,HN,H1088,565,134,22.828,14.354,22,327.673112,43922,43944,43377,567,-632,6
48南-3,BQM4803A,36,21,MZ,H1088,566,111,22.2,13.8,25,306.36,44430,44455,43377,1078,-1112,15
10号北-24,PPT1062A,20,20,外场HN,H1088,567,102,19.76,18.47,38,364.9672,43794,43832,43390,442,-486,0
0号东-20,PPT0060A,18,21,QS,H1088,568,261,20.1,16,31,321.6,43309,43340,43385,-45,0,6
8号南-3,PPT0802A,20,22,HY,H1088,569,261,20.1,16,31,321.6,43770,43801,43385,416,-461,6
48南-3,BQM4803A,36,21,MZ,H1088,570,271,17.8,16,31,284.8,43309,43340,43385,-45,0,6
10号北-22,PPT1061A,20,20,外场HN,H1087,571,271,17.8,16,31,284.8,43601,43632,43385,247,-292,6
45南-3,BQM4503A,33,21,ZH,H1087,572,103,29.101,15.68,26,456.30368,45119,45145,43382,1763,-1793,5
10号北-14,PPT1057A,20,20,RH,H1087,573,104,13.35,13.05,15,174.2175,43676,43691,43375,316,-345,6
0号西-7,PPT0004A,20,21,MZ,H1087,574,101,11.577,13.021,45,150.744117,43631,43676,43392,284,-343,6
10号南-17,PPT1009A,18,20,外场HN,H1087,575,122,15.531,12.2,27,189.4782,43786,43813,43382,431,-475,-1
10号南-1,PPT1001A,20,20,外场ZH,H1087,576,132,18.94,12.2,27,231.068,43697,43724,43382,342,-386,-1
42南-2,BQM4202A,18,18,YT,H1087,577,122,18,9.55,14,171.9,43457,43471,43374,97,-125,6
10号南-17,PPT1009A,18,20,外场HN,H1087,578,132,11,9.55,14,105.05,43467,43481,43374,107,-135,6
10号南-21,PPT1011A,18,20,外场HN,H1088,579,262,14.6,17.28,31,252.288,43728,43759,43385,374,-434,0
10号北-12,PPT1056A,20,20,RH,H1088,580,262,14.6,17.28,31,252.288,43655,43686,43385,301,-361,0
0号东-16,PPT0058A,18,21,QS,H1088,581,272,14.4,17.28,31,248.832,43617,43648,43385,263,-323,0
8号南-15,PPT0808A,20,22,HL,H1088,582,272,14.4,17.28,31,248.832,43677,43708,43385,323,-383,0
0号东-10,PPT0055A,20,21,MZ,H1088,583,112,21,8.6,18,180.6,43541,43559,43368,191,-221,5
10号南-25,PPT1013A,18,20,外场HN,H1088,584,221,14,15.97,20,223.58,43711,43731,43381,350,-392,22
48南-3,BQM4803A,36,21,MZ,H1088,585,111,22.2,13.8,25,306.36,43980,44005,43367,638,-696,7
45南-3,BQM4503A,33,21,ZH,H1088,586,111,22.2,13.8,25,306.36,44417,44442,43367,1075,-1133,7
10号北-24,PPT1062A,20,20,外场HN,H1087,587,183,8.82,15.798,21,139.33836,43725,43746,43368,378,-437,4
10号北-24,PPT1062A,20,20,外场HN,H1087,588,193,15.59,15.978,21,249.09702,43703,43724,43368,356,-415,4
45南-4,BQM4504A,20,21,ZH,H1087,589,284,20,18.4,45,368,43256,43301,43380,-79,0,7
10号北-20,PPT1060A,20,20,外场HN,H1087,590,183,8.82,15.798,21,139.33836,43666,43687,43367,320,-379,4
10号北-20,PPT1060A,20,20,外场HN,H1087,591,193,15.59,15.978,21,249.09702,43549,43570,43367,203,-262,4
10号北-2,PPT1051A,20,20,外场ZH,H1087,592,231,14.308,15.97,21,228.49876,43563,43584,43374,210,-253,14
48南-10,BQM4810A,22,21,MZ,H1087,593,112,21,8.6,18,180.6,43629,43647,43361,286,-311,5
0号东-12,PPT0056A,20,21,QS,H1087,594,112,21,8.6,18,180.6,43797,43815,43361,454,-479,5
10号南-1,PPT1001A,20,20,外场ZH,H1088,595,283,18.4,18.9,43,347.76,43254,43297,43378,-81,0,5
48南-3,BQM4803A,36,21,MZ,H1088,596,294,20,18.4,45,368,43432,43477,43379,98,-177,6
45南-3,BQM4503A,33,21,ZH,H1088,597,101,30.66,9.4,30,288.204,43755,43785,43370,415,-459,0
8号南-1,PPT0801A,20,22,HY,H1088,598,824,14.342,13.72,26,196.77224,43770,43796,43368,428,-472,7
8号北-26,PPT0863A,20,22,机动,H1088,599,824,14.342,13.72,26,196.77224,43495,43521,43367,154,-198,7
0号西-3,PPT0002A,20,21,MZ,H1088,600,293,19.5,18.9,43,368.55,43681,43724,43375,349,-427,5
48北-3,BQM4853A,36,21,HN,H1088,601,269,10.5,18.9,29,198.45,43561,43590,43370,220,-267,7
0号东-20,PPT0060A,18,21,QS,H1088,602,269,10.5,18.9,29,198.45,43784,43813,43370,443,-490,7
10号北-8,PPT1054A,20,20,外场ZH,H1087,603,279,10.5,18.9,29,198.45,43577,43606,43370,236,-283,7
10号南-21,PPT1011A,18,20,外场HN,H1087,604,279,10.5,18.9,29,198.45,43656,43685,43370,315,-362,7
0号东-18,PPT0059A,18,21,QS,H1087,605,268,10.8,20,30,216,43735,43765,43368,397,-445,7
10号北-6,PPT1053A,20,20,外场ZH,H1087,606,278,10.8,20,30,216,43713,43743,43368,375,-423,7
0号西-1,PPT0001A,20,21,MZ,H1087,607,631,10.53,15.97,13,168.1641,43533,43546,43357,189,-241,0
8号北-26,PPT0863A,20,22,机动,H1087,608,631,10.53,15.97,13,168.1641,43292,43305,43357,-52,0,0
8号南-5,PPT0803A,20,22,HY,H1087,609,182,21,7.3,18,153.3,43658,43676,43362,314,-352,4
8号北-14,PPT0857A,20,22,HL,H1087,610,182,22,7.3,18,160.6,43536,43554,43362,192,-230,4
8号北-18,PPT0859A,20,22,HL,H1088,611,192,13.889,7.3,18,101.3897,43596,43614,43362,252,-290,4
0号东-20,PPT0060A,18,21,QS,H1088,612,192,13.889,7.3,18,101.3897,43673,43691,43362,329,-367,4
8号南-19,PPT0810A,20,22,HL,H1088,613,144,15.117,16.07,25,242.93019,43622,43647,43363,284,-365,5
10号北-10,PPT1055A,20,20,RH,H1088,614,154,19.39,16.07,25,311.5973,43257,43282,43363,-81,0,5
10号南-13,PPT1007A,18,20,RH,H1088,615,172,18.5,15.698,32,290.413,43546,43578,43367,211,-286,8
0号东-18,PPT0059A,18,21,QS,H1088,616,632,13.38,17.28,14,231.2064,43293,43307,43357,-50,-10,4
8号南-17,PPT0809A,20,22,HL,H1088,617,632,13.38,17.28,14,231.2064,43719,43733,43357,376,-436,4
10号北-8,PPT1054A,20,20,外场ZH,H1088,618,268,10.8,20,30,216,43289,43319,43367,-48,0,7
10号北-4,PPT1052A,20,20,外场ZH,H1087,619,278,10.8,20,30,216,43649,43679,43367,312,-360,7
10号北-20,PPT1060A,20,20,外场HN,H1087,620,621,8.95,15.97,14,142.9315,43454,43468,43357,111,-162,0
48南-3,BQM4803A,36,21,MZ,H1087,621,621,8.95,15.97,14,142.9315,43478,43492,43357,135,-186,0
8号北-18,PPT0859A,20,22,HL,H1087,622,123,16.106,12.2,23,196.4932,43536,43559,43360,199,-230,1
8号北-22,PPT0861A,20,22,HY,H1087,623,123,16.106,12.2,23,196.4932,43520,43543,43360,183,-214,1
48南-3,BQM4803A,36,21,MZ,H1087,624,133,24.07,12.2,23,293.654,43956,43979,43360,619,-650,1
48南-3,BQM4803A,36,21,MZ,H1087,625,133,24.07,12.2,23,293.654,43408,43431,43360,71,-102,1
10号北-8,PPT1054A,20,20,外场ZH,H1087,626,221,18.25,8.2,14,149.65,43630,43644,43359,285,-313,6
0号东-16,PPT0058A,18,21,QS,H1088,627,231,15.25,8.2,14,125.05,43493,43507,43359,148,-176,6
10号北-2,PPT1051A,20,20,外场ZH,H1088,628,125,9.8,18.5,42,181.3,43261,43303,43377,-74,0,7
10号南-5,PPT1003A,20,20,外场ZH,H1088,629,135,13.1,18.5,42,242.35,43652,43694,43377,317,-391,7
8号南-7,PPT0804A,20,22,XZY,H1088,630,629,15.6,18.9,32,294.84,43739,43771,43369,402,-452,7
10号南-13,PPT1007A,18,20,RH,H1088,631,629,15.6,18.9,32,294.84,43653,43685,43369,316,-366,7
48南-10,BQM4810A,22,21,MZ,H1088,632,639,15.6,18.9,32,294.84,43733,43765,43369,396,-446,7
48南-10,BQM4810A,22,21,MZ,H1088,633,639,15.6,18.9,32,294.84,43789,43821,43369,452,-502,7
8号南-21,PPT0811A,20,22,HL,H1088,634,124,21,18.1,26,380.1,43718,43744,43362,382,-426,7
0号东-2,PPT0051A,20,21,MZ,H1087,635,134,21,18.1,26,380.1,43792,43818,43362,456,-500,7
8号北-26,PPT0863A,20,22,机动,H1087,636,144,15.117,16.07,25,242.93019,43254,43279,43361,-82,0,5
48北-3,BQM4853A,36,21,HN,H1087,637,261,20.5,18.8,34,385.4,43526,43560,43369,191,-243,7
8号南-17,PPT0809A,20,22,HL,H1087,638,261,20.5,18.8,34,385.4,43583,43617,43369,248,-300,7
0号东-20,PPT0060A,18,21,QS,H1087,639,271,15.2,18.8,34,285.76,43692,43726,43369,357,-409,7
10号北-24,PPT1062A,20,20,外场HN,H1087,640,271,15.2,18.8,34,285.76,43599,43633,43369,264,-316,7
42南-2,BQM4202A,18,18,YT,H1087,641,622,13.38,17.28,13,231.2064,43284,43297,43354,-57,0,5
0号西-1,PPT0001A,20,21,MZ,H1087,642,622,13.38,17.28,13,231.2064,43675,43688,43354,334,-391,5
0号东-4,PPT0052A,20,21,MZ,H1088,643,154,19.39,16.07,24,311.5973,43551,43575,43359,216,-297,5
8号南-3,PPT0802A,20,22,HY,H1088,644,143,13.809,15.686,21,216.607974,43702,43723,43357,366,-412,6
8号北-22,PPT0861A,20,22,HY,H1088,645,143,13.809,15.686,21,216.607974,43747,43768,43357,411,-457,6
0号西-7,PPT0004A,20,21,MZ,H1088,646,153,18.919,15.5,21,293.2445,43609,43630,43357,273,-319,6
0号东-14,PPT0057A,20,21,QS,H1088,647,153,18.919,15.5,21,293.2445,43552,43573,43357,216,-262,6
10号南-1,PPT1001A,20,20,外场ZH,H1088,648,628,15.6,20,23,312,43725,43748,43359,389,-430,7
0号东-12,PPT0056A,20,21,QS,H1088,649,638,15.6,20,23,312,43528,43551,43359,192,-233,7
8号北-28,PPT0864A,20,22,机动,H1088,650,628,15.6,20,23,312,43598,43621,43355,266,-336,7
10号北-24,PPT1062A,20,20,外场HN,H1087,651,638,15.6,20,23,312,43679,43702,43355,347,-417,7
45南-3,BQM4503A,33,21,ZH,H1087,652,102,19.76,18.47,20,364.9672,43440,43460,43348,112,-149,0
8号南-7,PPT0804A,20,22,XZY,H1087,653,102,19.76,18.47,20,364.9672,43584,43604,43348,256,-293,0
8号北-28,PPT0864A,20,22,机动,H1087,654,183,7.507,14.276,19,107.169932,43622,43641,43353,288,-321,5
10号南-11,PPT1006A,20,20,RH,H1087,655,193,14.445,14.246,19,205.78347,43301,43320,43353,-33,0,5
8号南-19,PPT0810A,20,22,HL,H1087,656,124,21,18.1,26,380.1,43710,43736,43355,381,-460,7
8号北-26,PPT0863A,20,22,机动,H1087,657,134,21,18.1,26,380.1,43759,43785,43355,430,-509,7
45南-3,BQM4503A,33,21,ZH,H1087,658,101,30.66,9.4,31,288.204,44578,44609,43358,1251,-1322,7
45南-3,BQM4503A,33,21,ZH,H1088,659,101,30.66,9.4,31,288.204,45021,45052,43358,1694,-1765,7
48南-10,BQM4810A,22,21,MZ,H1088,660,826,20.852,21.691,55,452.300732,44046,44101,43376,725,-785,7
8号南-7,PPT0804A,20,22,XZY,H1088,661,836,6.45,21.691,55,139.90695,43812,43867,43376,491,-551,7
10号南-3,PPT1002A,20,20,外场ZH,H1088,662,183,7.507,14.276,20,107.169932,43570,43590,43353,237,-271,5
10号北-6,PPT1053A,20,20,外场ZH,H1088,663,193,14.445,14.246,20,205.78347,43683,43703,43353,350,-384,5
10号北-18,PPT1059A,20,20,外场HN,H1088,664,822,16.055,14.575,35,234.001625,43544,43579,43363,216,-268,7
0号东-6,PPT0053A,20,21,MZ,H1088,665,832,6.662,14.583,35,97.151946,43536,43571,43363,208,-260,7
8号南-5,PPT0803A,20,22,HY,H1088,666,261,19.155,12.423,39,237.962565,43600,43639,43363,276,-346,6
8号北-26,PPT0863A,20,22,机动,H1087,667,271,21.56,12.423,39,267.83988,43306,43345,43363,-18,-52,6
10号南-21,PPT1011A,18,20,外场HN,H1087,668,112,20,5.15,41,103,43564,43605,43349,256,-307,7
10号南-19,PPT1010A,18,20,外场HN,H1087,669,825,18.455,17.3,40,319.2715,43723,43763,43365,398,-453,7
45南-3,BQM4503A,33,21,ZH,H1087,670,835,17,17.3,40,294.1,43639,43679,43365,314,-369,7
8号北-28,PPT0864A,20,22,机动,H1087,671,183,11.2,20,35,224,43714,43749,43357,392,-461,7
10号北-22,PPT1061A,20,20,外场HN,H1087,672,122,15.531,12.2,17,189.4782,43713,43730,43343,387,-435,7
8号北-14,PPT0857A,20,22,HL,H1087,673,122,15.531,12.2,17,189.4782,43611,43628,43343,285,-333,7
8号北-18,PPT0859A,20,22,HL,H1087,674,132,18.94,12.2,17,231.068,43640,43657,43343,314,-362,7
10号北-6,PPT1053A,20,20,外场ZH,H1088,675,132,18.94,12.2,17,231.068,43791,43808,43343,465,-513,7
48南-3,BQM4803A,36,21,MZ,H1088,676,103,29.101,15.68,16,456.30368,43635,43651,43342,309,-355,7
48南-3,BQM4803A,36,21,MZ,H1088,677,103,29.101,15.68,16,456.30368,43916,43932,43342,590,-636,7
48南-10,BQM4810A,22,21,MZ,H1088,678,193,19.9,20,35,398,43593,43628,43356,272,-339,8
48南-3,BQM4803A,36,21,MZ,H1088,679,272,15.89,20.773,33,330.08297,43790,43823,43356,467,-532,9
8号北-28,PPT0864A,20,22,机动,H1088,680,262,11.65,20.773,33,242.00545,43642,43675,43356,319,-383,10
8号南-15,PPT0808A,20,22,HL,H1088,681,684,17.5,18.4,38,322,43574,43612,43359,253,-306,7
10号北-4,PPT1052A,20,20,外场ZH,H1088,682,694,16.7,18.4,38,307.28,43563,43601,43359,242,-295,7
0号东-18,PPT0059A,18,21,QS,H1087,683,182,7.9,19.9,40,157.21,43390,43430,43361,69,-135,8
45南-3,BQM4503A,33,21,ZH,H1087,684,192,23.8,19.9,40,473.62,43820,43860,43361,499,-565,8
42南-2,BQM4202A,18,18,YT,H1087,685,110,12,5.487,41,65.844,43472,43513,43346,167,-228,5
0号东-20,PPT0060A,18,21,QS,H1087,686,162,18.5,15.5,32,286.75,43619,43651,43349,302,-359,8
8号南-1,PPT0801A,20,22,HY,H1087,687,801,20.814,15.31,33,318.66234,43528,43561,43351,210,-271,2
8号南-7,PPT0804A,20,22,XZY,H1087,688,231,14.308,15.97,14,228.49876,43662,43676,43342,334,-394,4
10号南-17,PPT1009A,18,20,外场HN,H1087,689,231,14.308,15.97,14,228.49876,43576,43590,43342,248,-308,4
10号南-25,PPT1013A,18,20,外场HN,H1087,690,143,14.606,16.186,26,236.412716,43732,43758,43343,415,-455,5
0号西-5,PPT0003A,20,21,MZ,H1088,691,153,19.167,16.07,26,308.01369,43540,43566,43343,223,-263,5
45南-3,BQM4503A,33,21,ZH,H1088,692,154,24.839,16.385,39,406.987015,44674,44713,43354,1359,-1415,10
10号南-15,PPT1008A,18,20,外场HN,H1088,693,322,12.4,19.6,39,243.04,43646,43685,43353,332,-386,1
8号北-26,PPT0863A,20,22,机动,H1088,694,332,12.4,19.6,39,243.04,43522,43561,43353,208,-262,1
10号北-14,PPT1057A,20,20,RH,H1088,695,221,15,15.97,12,239.55,43624,43636,43340,296,-360,1
48南-10,BQM4810A,22,21,MZ,H1088,696,221,16,15.97,12,255.52,43526,43538,43340,198,-262,1
10号南-25,PPT1013A,18,20,外场HN,H1088,697,683,16.6,18.9,24,313.74,43759,43783,43340,443,-507,16
8号南-21,PPT0811A,20,22,HL,H1088,698,693,16.6,18.9,24,313.74,43693,43717,43340,377,-441,16
48南-3,BQM4803A,36,21,MZ,H1087,699,144,24.366,16.385,38,399.23691,45078,45116,43351,1765,-1820,9
10号北-2,PPT1051A,20,20,外场ZH,H1087,700,143,14.606,16.186,26,236.412716,43536,43562,43340,222,-277,5
0号西-1,PPT0001A,20,21,MZ,H1087,701,153,19.167,16.07,26,308.01369,43259,43285,43340,-55,0,5
10号南-17,PPT1009A,18,20,外场HN,H1087,702,824,17.596,14.575,33,256.4617,43591,43624,43347,277,-325,7
10号北-14,PPT1057A,20,20,RH,H1087,703,834,7.062,14.636,33,103.359432,43352,43385,43347,38,-86,7
10号南-1,PPT1001A,20,20,外场ZH,H1087,704,163,16.387,11.151,22,182.731437,43495,43517,43337,180,-227,8
8号南-17,PPT0809A,20,22,HL,H1087,705,123,20.9,18.1,28,378.29,43734,43762,43338,424,-470,7
8号南-13,PPT0807A,20,22,XZY,H1087,706,123,20.9,18.1,28,378.29,43744,43772,43338,434,-480,7
8号北-18,PPT0859A,20,22,HL,H1088,707,133,21.1,18.1,28,381.91,43752,43780,43338,442,-488,7
8号北-28,PPT0864A,20,22,机动,H1088,708,133,21.1,18.1,28,381.91,43812,43840,43338,502,-548,7
42南-2,BQM4202A,18,18,YT,H1088,709,173,16.387,11.151,22,182.731437,43581,43603,43336,267,-314,8
45南-3,BQM4503A,33,21,ZH,H1088,710,834,24,13.72,25,329.28,44058,44083,43338,745,-784,5
45南-3,BQM4503A,33,21,ZH,H1088,711,103,23.857,9.5,34,226.6415,44714,44748,43343,1405,-1459,2
0号西-1,PPT0001A,20,21,MZ,H1088,712,134,19.318,18.5,44,357.383,43773,43817,43353,464,-511,7
10号南-21,PPT1011A,18,20,外场HN,H1088,713,124,16.142,18.85,44,304.2767,43477,43521,43353,168,-214,7
0号东-4,PPT0052A,20,21,MZ,H1088,714,823,17.548,14.578,31,255.814744,43481,43512,43345,167,-213,7
45南-4,BQM4504A,20,21,ZH,H1087,715,833,7.281,14.575,31,106.120575,43681,43712,43345,367,-413,7
45南-3,BQM4503A,33,21,ZH,H1087,716,834,25,13.72,26,343,44918,44944,43337,1607,-1647,5
10号南-3,PPT1002A,20,20,外场ZH,H1087,717,182,17,14.248,19,242.216,43708,43727,43334,393,-430,7
0号东-10,PPT0055A,20,21,MZ,H1087,718,192,10.441,14.248,19,148.763368,43560,43579,43334,245,-282,7
0号西-1,PPT0001A,20,21,MZ,H1087,719,801,20.814,15.31,33,318.66234,43609,43642,43341,301,-348,7
48南-3,BQM4803A,36,21,MZ,H1087,720,103,23.857,9.5,34,226.6415,44395,44429,43341,1088,-1134,5
10号南-25,PPT1013A,18,20,外场HN,H1087,721,825,17.18,16.97,27,291.5446,43477,43504,43336,168,-209,5
0号东-12,PPT0056A,20,21,QS,H1087,722,835,5.59,17.008,27,95.07472,43623,43650,43336,314,-355,5
10号北-22,PPT1061A,20,20,外场HN,H1088,723,182,18,14.248,19,256.464,43554,43573,43333,240,-277,7
0号东-14,PPT0057A,20,21,QS,H1088,724,192,10.441,14.248,19,148.763368,43685,43704,43333,371,-408,7
0号东-14,PPT0057A,20,21,QS,H1088,725,123,16.13,18.505,42,298.48565,43642,43684,43349,335,-395,5
48南-3,BQM4803A,36,21,MZ,H1088,726,133,23.777,18.85,42,448.19645,44230,44272,43349,923,-983,5
48北-3,BQM4853A,36,21,HN,H1088,727,102,26.372,14.65,35,386.3498,43591,43626,43340,286,-331,5
48南-3,BQM4803A,36,21,MZ,H1088,728,102,26.372,14.65,35,386.3498,44304,44339,43340,999,-1044,5
8号南-5,PPT0803A,20,22,HY,H1088,729,321,14.8,20.5,32,303.4,43719,43751,43341,410,-456,10
8号南-5,PPT0803A,20,22,HY,H1088,730,331,8.6,20.5,32,176.3,43752,43784,43341,443,-489,10
0号东-2,PPT0051A,20,21,MZ,H1087,731,101,11.523,8.65,28,99.67395,43486,43514,43333,181,-223,5
8号南-21,PPT0811A,20,22,HL,H1087,732,825,17.18,16.97,26,291.5446,43546,43572,43332,240,-280,5
10号南-23,PPT1012A,18,20,外场HN,H1087,733,835,5.59,17.008,26,95.07472,43471,43497,43332,165,-205,5
0号东-18,PPT0059A,18,21,QS,H1087,734,822,12.6,10.3,22,129.78,43270,43292,43332,-40,0,7
8号南-19,PPT0810A,20,22,HL,H1087,735,832,13,10.3,22,133.9,43557,43579,43332,247,-287,7
10号南-9,PPT1005A,20,20,RH,H1087,736,101,11.523,8.65,28,99.67395,43528,43556,43331,225,-285,5
0号东-20,PPT0060A,18,21,QS,H1087,737,142,8.276,16.07,22,132.99532,43542,43564,43330,234,-274,7
0号东-12,PPT0056A,20,21,QS,H1087,738,152,15.186,16.07,22,244.03902,43705,43727,43330,397,-437,7
0号东-18,PPT0059A,18,21,QS,H1088,739,822,12.6,10.3,22,129.78,43308,43330,43330,0,-40,7
10号北-12,PPT1056A,20,20,RH,H1088,740,832,14,10.3,22,144.2,43555,43577,43330,247,-287,7
0号东-18,PPT0059A,18,21,QS,H1088,741,143,5.23,16.375,35,85.64125,43354,43389,43339,50,-106,4
8号南-3,PPT0802A,20,22,HY,H1088,742,153,15,16.375,35,245.625,43467,43502,43339,163,-219,4
10号南-21,PPT1011A,18,20,外场HN,H1088,743,142,8.276,16.07,22,132.99532,43686,43708,43328,380,-420,7
48南-3,BQM4803A,36,21,MZ,H1088,744,152,15.186,16.07,22,244.03902,43544,43566,43328,238,-278,7
10号北-4,PPT1052A,20,20,外场ZH,H1088,745,104,18.3,18.2,21,333.06,43260,43281,43327,-46,0,2
45南-3,BQM4503A,33,21,ZH,H1088,746,103,24,11,38,264,43918,43956,43332,624,-665,6
8号北-22,PPT0861A,20,22,HY,H1087,747,184,13.9,8.3,28,115.37,43544,43572,43324,248,-289,7
10号北-10,PPT1055A,20,20,RH,H1087,748,194,18,8.3,28,149.4,43607,43635,43324,311,-352,7
10号北-12,PPT1056A,20,20,RH,H1087,749,161,13.792,9.4,17,129.6448,43687,43704,43318,386,-421,7
0号东-16,PPT0058A,18,21,QS,H1087,750,161,13.792,9.4,17,129.6448,43266,43283,43318,-35,0,7
8号南-21,PPT0811A,20,22,HL,H1087,751,171,16.655,9.4,17,156.557,43646,43663,43318,345,-380,7
8号北-26,PPT0863A,20,22,机动,H1087,752,171,16.655,9.4,17,156.557,43720,43737,43318,419,-454,7
0号东-6,PPT0053A,20,21,MZ,H1087,753,161,14.057,15.486,37,217.686702,43664,43701,43331,370,-408,8
0号东-8,PPT0054A,20,21,MZ,H1087,754,171,20.177,15.486,37,312.461022,43617,43654,43331,323,-361,8
0号东-4,PPT0052A,20,21,MZ,H1088,755,269,10.5,18.9,29,198.45,43576,43605,43323,282,-335,3
10号南-5,PPT1003A,20,20,外场ZH,H1088,756,279,10.5,18.9,29,198.45,43482,43511,43323,188,-241,3
8号南-21,PPT0811A,20,22,HL,H1088,757,284,20,18.4,72,368,43573,43645,43353,292,-411,7
10号北-14,PPT1057A,20,20,RH,H1088,758,294,20,18.4,71,368,43792,43863,43351,512,-630,7
0号东-4,PPT0052A,20,21,MZ,H1088,759,154,19.932,15.976,51,318.433632,43606,43657,43339,318,-394,7
45南-4,BQM4504A,20,21,ZH,H1088,760,144,17.566,15.678,49,275.399748,43574,43623,43336,287,-362,7
48南-3,BQM4803A,36,21,MZ,H1088,761,134,22.828,14.354,48,327.673112,44595,44643,43335,1308,-1381,6
45南-3,BQM4503A,33,21,ZH,H1088,762,801,28.614,19.075,34,545.81205,44260,44294,43318,976,-1025,9
10号北-18,PPT1059A,20,20,外场HN,H1087,763,629,15.6,18.9,32,294.84,43610,43642,43319,323,-367,11
10号南-21,PPT1011A,18,20,外场HN,H1087,764,639,15.6,18.9,32,294.84,43780,43812,43319,493,-537,11
8号南-1,PPT0801A,20,22,HY,H1087,765,124,18.618,14.354,47,267.242772,43583,43630,43333,297,-369,6
0号东-20,PPT0060A,18,21,QS,H1087,766,268,10.8,20,29,216,43472,43501,43314,187,-250,0
10号南-7,PPT1004A,20,20,外场ZH,H1087,767,278,10.8,20,28,216,43680,43708,43313,395,-457,0
10号北-24,PPT1062A,20,20,外场HN,H1087,768,101,13.007,16.37,22,212.92459,43252,43274,43300,-26,0,2
0号东-4,PPT0052A,20,21,MZ,H1087,769,124,21,18.1,25,380.1,43691,43716,43308,408,-454,9
8号北-28,PPT0864A,20,22,机动,H1087,770,134,21,18.1,25,380.1,43786,43811,43308,503,-549,9
0号东-16,PPT0058A,18,21,QS,H1088,771,628,15.6,20,23,312,43221,43244,43306,-62,0,7
10号北-16,PPT1058A,20,20,外场HN,H1088,772,638,15.6,20,23,312,43644,43667,43306,361,-423,7
0号东-4,PPT0052A,20,21,MZ,H1088,773,261,20.1,16,32,321.6,43658,43690,43314,376,-422,6
45南-4,BQM4504A,20,21,ZH,H1088,774,271,17.8,16,32,284.8,43648,43680,43314,366,-412,6
8号北-22,PPT0861A,20,22,HY,H1088,775,102,16.588,12.377,35,205.309676,43484,43519,43312,207,-242,1
48南-3,BQM4803A,36,21,MZ,H1088,776,271,15.2,18.8,34,285.76,43509,43543,43314,229,-287,0
0号东-14,PPT0057A,20,21,QS,H1088,777,261,20.5,18.8,34,385.4,43773,43807,43313,494,-553,0
0号东-6,PPT0053A,20,21,MZ,H1088,778,262,14.6,17.28,31,252.288,43745,43776,43314,462,-522,0
8号北-22,PPT0861A,20,22,HY,H1087,779,272,14.4,17.28,31,248.832,43573,43604,43314,290,-350,0
10号南-17,PPT1009A,18,20,外场HN,H1087,780,135,13.1,18.5,43,242.35,43653,43696,43321,375,-421,1
0号西-5,PPT0003A,20,21,MZ,H1087,781,142,16.252,5.15,30,83.6978,43587,43617,43316,301,-336,5
10号南-1,PPT1001A,20,20,外场ZH,H1087,782,152,16.252,5.15,30,83.6978,43644,43674,43316,358,-393,5
0号东-6,PPT0053A,20,21,MZ,H1087,783,183,7.507,14.276,20,107.169932,43572,43592,43298,294,-340,6
10号北-12,PPT1056A,20,20,RH,H1087,784,193,14.445,14.246,20,205.78347,43619,43639,43298,341,-387,6
10号南-1,PPT1001A,20,20,外场ZH,H1087,785,122,12,12.3,28,147.6,43749,43777,43310,467,-506,7
10号北-8,PPT1054A,20,20,外场ZH,H1087,786,132,10.219,12.3,28,125.6937,43744,43772,43310,462,-501,7
45南-3,BQM4503A,33,21,ZH,H1088,787,111,22.2,13.8,40,306.36,43207,43247,43310,-63,0,7
10号南-17,PPT1009A,18,20,外场HN,H1088,788,263,16.6,18.79,25,311.914,43550,43575,43301,274,-332,1
10号南-13,PPT1007A,18,20,RH,H1088,789,273,14.5,18.79,25,272.455,43795,43820,43301,519,-577,1
10号南-11,PPT1006A,20,20,RH,H1088,790,822,16.055,14.575,36,234.001625,43512,43548,43309,239,-282,0
10号南-23,PPT1012A,18,20,外场HN,H1088,791,832,6.662,14.583,36,97.151946,43552,43588,43309,279,-322,0
45南-3,BQM4503A,33,21,ZH,H1088,792,154,24.839,16.385,40,406.987015,44376,44416,43310,1106,-1166,24
10号北-20,PPT1060A,20,20,外场HN,H1088,793,182,7.9,19.9,42,157.21,43783,43825,43313,512,-587,10
45南-3,BQM4503A,33,21,ZH,H1088,794,192,23.8,19.9,42,473.62,43533,43575,43313,262,-337,10
10号北-10,PPT1055A,20,20,RH,H1087,795,183,8.82,15.798,22,139.33836,43557,43579,43295,284,-344,4
0号东-20,PPT0060A,18,21,QS,H1087,796,193,15.59,15.978,22,249.09702,43565,43587,43295,292,-352,4
0号东-12,PPT0056A,20,21,QS,H1087,797,801,20.814,15.31,50,318.66234,43552,43602,43318,284,-346,5
8号南-21,PPT0811A,20,22,HL,H1087,798,125,9.8,18.5,34,181.3,43780,43814,43302,512,-548,1
48北-3,BQM4853A,36,21,HN,H1087,799,826,20.5,21,29,430.5,43830,43859,43296,563,-596,3
0号东-12,PPT0056A,20,21,QS,H1087,800,836,8,21,29,168,43675,43704,43296,408,-441,3
8号北-18,PPT0859A,20,22,HL,H1087,801,292,16.6,19.5,30,323.7,43675,43705,43303,402,-434,6
0号东-20,PPT0060A,18,21,QS,H1087,802,684,17.5,18.4,39,322,43727,43766,43307,459,-537,14
10号北-12,PPT1056A,20,20,RH,H1088,803,694,16.7,18.4,39,307.28,43769,43808,43307,501,-579,14
8号南-19,PPT0810A,20,22,HL,H1088,804,134,19.318,18.5,45,357.383,43770,43815,43311,504,-567,12
0号东-18,PPT0059A,18,21,QS,H1088,805,124,16.142,18.85,45,304.2767,43601,43646,43311,335,-397,13
10号南-5,PPT1003A,20,20,外场ZH,H1088,806,282,14.7,19.5,30,286.65,43751,43781,43302,479,-509,7
10号南-19,PPT1010A,18,20,外场HN,H1088,807,643,13.412,17.72,16,237.66064,43585,43601,43290,311,-342,3
10号南-9,PPT1005A,20,20,RH,H1088,808,653,11.2,17.72,16,198.464,43481,43497,43290,207,-238,3
0号东-4,PPT0052A,20,21,MZ,H1088,809,825,18.455,17.3,40,319.2715,43185,43225,43308,-83,0,9
10号北-20,PPT1060A,20,20,外场HN,H1088,810,835,18,17.3,40,311.4,43688,43728,43308,420,-503,9
48南-3,BQM4803A,36,21,MZ,H1087,811,293,22.5,18.32,31,412.2,44899,44930,43300,1630,-1682,7
0号东-16,PPT0058A,18,21,QS,H1087,812,803,15.5,21,30,325.5,43742,43772,43293,479,-526,1
10号南-3,PPT1002A,20,20,外场ZH,H1087,813,824,17.596,14.575,27,256.4617,43523,43550,43295,255,-290,1
0号东-6,PPT0053A,20,21,MZ,H1087,814,112,21,8.6,18,180.6,43702,43720,43285,435,-460,5
0号东-18,PPT0059A,18,21,QS,H1087,815,283,13.7,18.32,31,250.984,43569,43600,43299,301,-352,7
8号北-26,PPT0863A,20,22,机动,H1087,816,642,13.412,19.5,16,261.534,43663,43679,43288,391,-431,5
0号西-7,PPT0004A,20,21,MZ,H1087,817,652,13.412,19.5,16,261.534,43487,43503,43288,215,-255,5
8号南-5,PPT0803A,20,22,HY,H1087,818,834,7.062,14.636,25,103.359432,43574,43599,43292,307,-342,0
45南-3,BQM4503A,33,21,ZH,H1088,819,101,30.66,9.4,61,288.204,44516,44577,43323,1254,-1332,7
8号南-3,PPT0802A,20,22,HY,H1088,820,133,21.1,18.1,29,381.91,43802,43831,43291,540,-581,1
48南-10,BQM4810A,22,21,MZ,H1088,821,123,20.9,18.1,29,378.29,43563,43592,43291,301,-341,1
48南-10,BQM4810A,22,21,MZ,H1088,822,826,20.852,21.691,53,452.300732,44102,44155,43308,847,-925,1
8号南-17,PPT0809A,20,22,HL,H1088,823,836,6.45,21.691,53,139.90695,43785,43838,43308,530,-608,1
8号南-21,PPT0811A,20,22,HL,H1088,824,631,10.53,15.97,15,168.1641,43530,43545,43284,261,-315,0
10号北-6,PPT1053A,20,20,外场ZH,H1088,825,621,8.95,15.97,15,142.9315,43744,43759,43284,475,-527,0
10号南-11,PPT1006A,20,20,RH,H1088,826,823,17.548,14.578,27,255.814744,43418,43445,43293,152,-181,0
0号东-6,PPT0053A,20,21,MZ,H1087,827,833,7.281,14.575,24,106.120575,43777,43801,43290,511,-540,0
8号北-22,PPT0861A,20,22,HY,H1087,828,683,16.6,18.9,25,313.74,43458,43483,43288,195,-255,17
10号北-20,PPT1060A,20,20,外场HN,H1087,829,693,16.6,18.9,25,313.74,43523,43548,43288,260,-320,17
10号南-1,PPT1001A,20,20,外场ZH,H1087,830,143,14.606,16.186,45,236.412716,43449,43494,43307,187,-248,8
10号南-7,PPT1004A,20,20,外场ZH,H1087,831,153,19.167,16.07,45,308.01369,43201,43246,43307,-61,0,8
45南-3,BQM4503A,33,21,ZH,H1087,832,182,23,7.3,17,167.9,44900,44917,43285,1632,-1669,4
8号南-13,PPT0807A,20,22,XZY,H1087,833,192,13.889,7.3,17,101.3897,43569,43586,43285,301,-338,4
8号北-28,PPT0864A,20,22,机动,H1087,834,123,16.106,12.2,22,196.4932,43417,43439,43284,155,-185,1
48北-3,BQM4853A,36,21,HN,H1088,835,133,24.07,12.2,22,293.654,43772,43794,43284,510,-540,1
8号北-26,PPT0863A,20,22,机动,H1088,836,194,18,8.3,30,149.4,43595,43625,43289,336,-371,1
10号北-12,PPT1056A,20,20,RH,H1088,837,823,16.231,14.307,18,232.216917,43536,43554,43286,268,-294,0
10号南-13,PPT1007A,18,20,RH,H1088,838,623,13.38,18.79,15,251.4102,43749,43764,43281,483,-530,1
0号东-2,PPT0051A,20,21,MZ,H1088,839,633,13.38,18.79,15,251.4102,43677,43692,43281,411,-458,1
45南-3,BQM4503A,33,21,ZH,H1088,840,103,23.857,9.5,30,226.6415,44945,44975,43288,1687,-1721,2
8号南-3,PPT0802A,20,22,HY,H1088,841,184,13.9,8.3,30,115.37,43645,43675,43288,387,-420,2
10号北-10,PPT1055A,20,20,RH,H1088,842,824,14.342,13.72,25,196.77224,43531,43556,43285,271,-321,5
48南-3,BQM4803A,36,21,MZ,H1087,843,834,26,13.72,25,356.72,44772,44797,43285,1512,-1562,5
10号北-16,PPT1058A,20,20,外场HN,H1087,844,102,19.76,18.47,21,364.9672,43219,43240,43278,-38,0,0
10号南-15,PPT1008A,18,20,外场HN,H1087,845,182,19,14.248,18,270.712,43730,43748,43282,466,-500,1
8号南-7,PPT0804A,20,22,XZY,H1087,846,192,10.441,14.248,18,148.763368,43793,43811,43282,529,-562,2
8号南-7,PPT0804A,20,22,XZY,H1087,847,272,15.89,20.773,35,330.08297,43677,43712,43295,417,-491,2
10号北-14,PPT1057A,20,20,RH,H1087,848,132,18.94,12.2,27,231.068,43692,43719,43289,430,-488,7
10号南-13,PPT1007A,18,20,RH,H1087,849,143,13.809,15.686,22,216.607974,43492,43514,43282,232,-279,5
8号北-22,PPT0861A,20,22,HY,H1087,850,153,18.919,15.5,22,293.2445,43769,43791,43282,509,-556,5
48南-3,BQM4803A,36,21,MZ,H1088,851,144,24.366,16.385,15,399.23691,44883,44898,43272,1626,-1648,2
8号南-7,PPT0804A,20,22,XZY,H1088,852,825,19.167,16.931,22,324.516477,43639,43661,43280,381,-424,6
8号北-22,PPT0861A,20,22,HY,H1088,853,835,7.416,16.884,22,125.211744,43389,43411,43280,131,-174,6
8号南-19,PPT0810A,20,22,HL,H1088,854,824,15.665,11.094,19,173.78751,43602,43621,43282,339,-360,4
8号北-22,PPT0861A,20,22,HY,H1088,855,834,9.215,10.9,19,100.4435,43655,43674,43282,392,-413,4
8号南-15,PPT0808A,20,22,HL,H1088,856,110,13,5.487,42,71.331,43634,43676,43284,392,-450,0
8号南-13,PPT0807A,20,22,XZY,H1088,857,112,21,5.15,26,108.15,43773,43799,43266,533,-572,0
8号南-21,PPT0811A,20,22,HL,H1088,858,825,17.18,16.97,28,291.5446,43664,43692,43284,408,-453,4
48南-10,BQM4810A,22,21,MZ,H1087,859,835,5.59,17.008,28,95.07472,43671,43699,43284,415,-460,4
10号南-25,PPT1013A,18,20,外场HN,H1087,860,833,8.709,14.287,16,124.425483,43784,43800,43279,521,-542,0
10号北-14,PPT1057A,20,20,RH,H1087,861,122,15.531,12.2,24,189.4782,43599,43623,43283,340,-395,7
48北-3,BQM4853A,36,21,HN,H1087,862,103,29.101,15.68,51,456.30368,43658,43709,43310,399,-453,7
48南-3,BQM4803A,36,21,MZ,H1087,863,622,13.38,17.28,15,231.2064,43493,43508,43276,232,-286,5
42南-2,BQM4202A,18,18,YT,H1087,864,144,15.117,16.07,24,242.93019,43688,43712,43279,433,-485,2
0号东-14,PPT0057A,20,21,QS,H1087,865,154,19.39,16.07,24,311.5973,43617,43641,43279,362,-414,2
10号北-12,PPT1056A,20,20,RH,H1087,866,632,13.38,17.28,15,231.2064,43727,43742,43275,467,-521,4
10号南-5,PPT1003A,20,20,外场ZH,H1088,867,163,16.387,11.151,29,182.731437,43582,43611,43284,327,-384,7
10号北-20,PPT1060A,20,20,外场HN,H1088,869,161,14.057,15.486,32,217.686702,43633,43665,43286,379,-440,1
10号北-8,PPT1054A,20,20,外场ZH,H1088,870,173,16.387,11.151,29,182.731437,43692,43721,43283,438,-494,7
48南-3,BQM4803A,36,21,MZ,H1088,871,102,26.372,14.65,37,386.3498,43691,43728,43286,442,-486,1
0号东-4,PPT0052A,20,21,MZ,H1088,872,822,16.086,14.292,18,229.901112,43742,43760,43274,486,-527,5
8号南-1,PPT0801A,20,22,HY,H1088,873,832,6.767,14.288,18,96.686896,43631,43649,43274,375,-416,5
45南-3,BQM4503A,33,21,ZH,H1088,874,103,24,11,39,264,43989,44028,43281,747,-796,1
48南-3,BQM4803A,36,21,MZ,H1087,875,161,13.792,9.4,18,129.6448,43652,43670,43269,401,-429,0
10号北-8,PPT1054A,20,20,外场ZH,H1087,876,171,16.655,9.4,18,156.557,43502,43520,43269,251,-279,0
0号东-12,PPT0056A,20,21,QS,H1087,877,822,12.6,10.3,23,129.78,43651,43674,43272,402,-440,3
8号南-19,PPT0810A,20,22,HL,H1087,878,832,15,10.3,23,154.5,43362,43385,43272,113,-151,3
10号南-13,PPT1007A,18,20,RH,H1087,879,101,11.523,8.65,29,99.67395,43765,43794,43270,524,-561,1
10号北-8,PPT1054A,20,20,外场ZH,H1087,880,101,13.007,16.37,36,212.92459,43320,43356,43265,91,-129,1
10号南-17,PPT1009A,18,20,外场HN,H1087,881,102,16.588,12.377,39,205.309676,43404,43443,43268,175,-220,1
