col_1,col_2,18,18,col_5,col_6,81,231,14.308,15.97,24,228.49876,43562,43585,43568,18,-64,14
,,18,20,,,71,833,8.709,14.287,21,124.425483,43542,43562,43568,-5,-43,6
,,18,20,,,471,262,14.6,17.28,31,252.288,43428,43458,43414,45,-91,6
,,18,20,,,878,832,15,10.3,23,154.5,43208,43230,43272,-41,3,3
,,18,20,,,344,132,18.94,12.2,16,231.068,43432,43447,43463,-15,-32,7
,,18,20,,,194,123,16.106,12.2,25,196.4932,43489,43513,43509,5,-38,1
,,18,20,,,662,183,7.507,14.276,20,107.169932,43294,43313,43353,-39,5,5
,,18,20,,,648,628,15.6,20,23,312,43310,43332,43359,-26,-15,7
,,18,21,,,831,153,19.167,16.07,45,308.01369,43226,43270,43307,-36,-25,8
,,18,21,,,859,835,5.59,17.008,28,95.07472,43224,43251,43284,-32,-13,4
,,18,21,,,319,153,18.919,15.5,21,293.2445,43555,43575,43476,100,-146,6
,,20,20,,,147,292,16.6,19.5,33,323.7,43485,43517,43539,-21,-42,6
,,20,20,,,774,271,17.8,16,32,284.8,43295,43326,43314,13,-59,6
,,20,20,,,204,621,8.949999999999999,15.97,14,142.9315,43534,43547,43500,48,-99,0
,,20,20,,,55,825,19.167,16.931,27,324.516477,43578,43604,43574,31,-65,0
,,20,20,,,62,653,11.2,17.72,19,198.464,43562,43580,43567,14,-54,6
,,20,20,,,763,629,15.6,18.9,32,294.84,43266,43297,43319,-21,-23,11
,,20,20,,,20,652,13.412,19.5,17,261.534,43549,43565,43581,-15,-23,6
,,20,20,,,619,278,10.8,20,30,216,43298,43327,43367,-39,-9,7
,,20,20,,,532,162,17.86,7.8,21,139.308,43364,43384,43388,-3,-32,6
,,20,20,,,153,144,17.566,15.678,24,275.399748,43545,43568,43525,44,-114,7
,,20,20,,,179,633,13.38,18.79,15,251.4102,43535,43549,43510,40,-87,0
,,20,20,,,767,278,10.8,20,28,216,43268,43295,43313,-17,-45,0
,,20,20,,,828,683,16.6,18.9,25,313.74,43225,43249,43288,-38,-22,17
,,20,20,,,42,263,16.6,18.79,30,311.914,43538,43567,43586,-18,-32,6
,,20,20,,,457,643,13.412,17.72,15,237.66064,43354,43368,43402,-33,3,3
,,20,20,,,492,834,9.215,10.9,22,100.4435,43397,43418,43403,16,-40,4
,,20,20,,,310,835,7.416,16.884,20,125.211744,43449,43468,43475,-6,-35,6
,,20,20,,,490,154,14.94,13.05,20,194.967,43340,43359,43399,-39,5,6
,,20,21,,,218,261,20.1,16,32,321.6,43573,43604,43509,96,-142,6
,,20,21,,,569,261,20.1,16,31,321.6,43316,43346,43385,-38,-7,6
,,20,21,,,777,261,20.5,18.8,34,385.4,43246,43279,43313,-33,-26,0
,,20,21,,,106,261,20.1,16,37,321.6,43486,43522,43561,-38,-22,6
,,20,21,,,583,112,21,8.6,18,180.6,43317,43334,43368,-33,3,5
,,20,21,,,173,273,14.5,18.79,25,272.455,43526,43550,43520,31,-89,1
,,20,21,,,881,102,16.588,12.377,39,205.309676,43183,43221,43268,-46,1,1
,,20,21,,,514,835,7.416,16.884,20,125.211744,43333,43352,43391,-38,-3,6
,,20,21,,,358,135,18.6,19.35,31,359.91,43384,43414,43466,-51,6,6
,,20,21,,,718,192,10.441,14.248,19,148.763368,43271,43289,43334,-44,7,7
,,20,21,,,857,112,21,5.15,26,108.15,43201,43226,43266,-39,0,0
,,20,21,,,516,124,18.618,14.354,32,267.242772,43417,43448,43402,47,-92,10
,,20,22,,,599,824,14.342,13.72,26,196.77224,43377,43402,43367,36,-80,7
,,20,22,,,239,292,16.6,19.5,32,323.7,43544,43575,43505,71,-105,6
,,20,22,,,117,124,18.618,14.354,39,267.242772,43564,43602,43556,47,-99,10
,,20,22,,,678,193,19.9,20,35,398,43276,43310,43356,-45,-22,8
,,20,22,,,729,321,14.8,20.5,32,303.4,43253,43284,43341,-56,10,10
,,20,22,,,635,134,21,18.1,26,380.1,43303,43328,43362,-33,-11,7
,,20,22,,,428,822,16.086,14.292,18,229.901112,43435,43452,43417,36,-81,6
,,20,22,,,135,271,17.8,16,36,284.8,43527,43562,43542,21,-71,6
,,20,22,,,272,623,13.38,18.79,15,251.4102,43482,43496,43484,13,-60,0
,,20,22,,,340,631,16.117,19.25,37,310.25225,43386,43422,43480,-57,6,6
,,20,22,,,277,652,13.412,19.5,16,261.534,43424,43439,43485,-45,5,5
,,20,22,,,615,172,18.5,15.698,32,290.413,43398,43429,43367,63,-138,8
,,20,22,,,663,193,14.445,14.246,20,205.78347,43391,43410,43353,58,-92,5
,,20,22,,,766,268,10.8,20,29,216,43222,43250,43314,-63,0,0
,,20,22,,,560,154,19.932,15.976,23,318.433632,43404,43426,43380,47,-116,7
,,22,21,,,247,693,17.8,14.8,34,263.44,43557,43590,43498,93,-122,26
,,33,21,,,684,192,23.8,19.9,40,473.62,43587,43626,43361,266,-332,8
,,36,21,,,332,824,24.1,17.41,30,419.581,44118,44147,43477,671,-710,6
,,36,21,,,547,171,21.526,7.65,19,164.6739,43418,43436,43386,51,-84,6
,,18,21,,,669,825,18.455,17.3,40,319.2715,43309,43348,43365,-16,-39,7
,,20,20,,,293,823,16.231,14.307,18,232.216917,43534,43551,43483,69,-95,0
,,18,20,,,849,143,13.809,15.686,22,216.607974,43228,43249,43282,-32,-15,5
,,20,21,,,220,271,17.8,16,32,284.8,43525,43556,43509,48,-94,6
,,18,20,,,768,101,13.007,16.37,22,212.92459,43250,43271,43300,-28,2,2
,,20,21,,,425,824,15.665,11.094,19,173.78751,43428,43446,43418,29,-75,6
,,20,20,,,152,144,17.566,15.678,24,275.399748,43608,43631,43525,107,-177,7
,,20,20,,,864,144,15.117,16.07,24,242.93019,43201,43224,43279,-54,2,2
,,20,20,,,215,622,13.38,17.28,12,231.2064,43522,43533,43495,39,-95,5
,,20,21,,,286,643,19.9,14.2,26,282.58,43410,43435,43489,-53,27,27
,,18,20,,,806,282,14.7,19.5,30,286.65,43316,43345,43302,44,-74,7
,,36,21,,,232,134,22.828,14.354,22,327.673112,43553,43574,43495,80,-145,6
,,20,21,,,844,102,19.76,18.47,21,364.9672,43219,43239,43278,-38,0,0
,,20,20,,,861,122,15.531,12.2,24,189.4782,43197,43220,43283,-62,7,7
,,18,20,,,693,322,12.4,19.6,39,243.04,43286,43324,43353,-28,-26,1
,,20,22,,,482,261,20.1,16,31,321.6,43416,43446,43409,38,-92,6
,,20,20,,,655,193,14.445,14.246,19,205.78347,43296,43314,43353,-38,5,5
,,20,21,,,769,124,21,18.1,25,380.1,43316,43340,43308,33,-79,9
,,20,22,,,770,134,21,18.1,25,380.1,43228,43252,43308,-55,9,9
,,20,20,,,744,152,15.186,16.07,22,244.03902,43296,43317,43328,-10,-30,7
,,20,22,,,192,192,13.889,7.3,19,101.3897,43516,43534,43509,26,-65,4
,,20,20,,,205,632,13.38,17.28,14,231.2064,43421,43434,43499,-64,4,4
,,18,18,,,644,143,13.809,15.686,21,216.607974,43322,43342,43357,-14,-32,6
,,20,22,,,537,153,18.919,15.5,31,293.2445,43349,43379,43396,-16,-27,7
,,18,20,,,737,142,8.276,16.07,22,132.99532,43286,43307,43330,-22,-18,7
,,20,20,,,241,835,13.5,10.4,32,140.4,43427,43458,43496,-37,-4,19
,,20,22,,,757,284,20,18.4,72,368,43249,43320,43353,-32,-87,7
,,20,20,,,190,182,16,7.3,19,116.8,43516,43534,43509,26,-65,4
,,18,20,,,842,824,14.342,13.72,25,196.77224,43205,43229,43285,-55,5,5
,,20,22,,,475,823,16.231,14.307,21,232.216917,43359,43379,43407,-27,-2,0
,,20,20,,,808,653,11.2,17.72,16,198.464,43240,43255,43290,-34,3,3
,,22,21,,,236,132,18.94,12.2,17,231.068,43620,43636,43490,147,-195,7
,,20,21,,,855,834,9.215,10.9,19,100.4435,43238,43256,43282,-25,4,4
,,20,22,,,144,192,13.889,7.3,21,101.3897,43506,43526,43531,-4,-41,6
,,20,21,,,613,144,15.117,16.07,25,242.93019,43420,43444,43363,82,-163,5
,,20,20,,,159,622,13.38,17.28,17,231.2064,43569,43585,43522,64,-100,12
,,20,20,,,456,671,18.6,14.9,25,277.14,43358,43382,43408,-25,-14,6
,,20,22,,,230,124,18.618,14.354,22,267.242772,43505,43526,43495,32,-97,6
,,20,22,,,827,833,7.281,14.575,24,106.120575,43245,43268,43290,-21,-8,0
,,18,21,,,725,123,16.13,18.505,42,298.48565,43242,43283,43349,-65,5,5
,,20,20,,,511,825,19.167,16.931,20,324.516477,43324,43343,43391,-47,6,6
,,20,21,,,622,123,16.106,12.2,23,196.4932,43310,43332,43360,-27,-4,1
,,20,22,,,73,292,16.6,19.5,36,323.7,43603,43638,43579,60,-98,6
,,18,21,,,495,144,10.5,13.05,20,137.025,43433,43452,43398,55,-89,6
,,20,22,,,89,836,8,21,35,168,43508,43542,43564,-21,-18,3
,,20,20,,,538,283,13.7,18.32,31,250.984,43297,43327,43395,-67,6,6
,,18,20,,,158,632,13.38,17.28,19,231.2064,43556,43574,43524,51,-90,12
,,20,20,,,558,144,17.566,15.678,23,275.399748,43342,43364,43380,-15,-54,7
,,20,22,,,103,642,13.412,19.5,20,261.534,43551,43570,43550,21,-65,5
,,20,22,,,786,132,10.219,12.3,28,125.6937,43294,43321,43310,12,-51,7
,,20,21,,,411,652,13.412,19.5,19,261.534,43379,43397,43425,-27,-13,6
,,20,21,,,837,823,16.231,14.307,18,232.216917,43253,43270,43286,-15,-11,0
,,20,21,,,754,171,20.177,15.486,37,312.461022,43248,43284,43331,-46,8,8
,,20,22,,,545,273,14.5,18.79,26,272.455,43360,43385,43391,-5,-40,6
,,20,20,,,289,845,18.075,12.65,32,228.64875,43421,43452,43488,-35,4,21
,,18,20,,,607,631,10.53,15.97,13,168.1641,43404,43416,43357,60,-112,0
,,20,20,,,735,832,13,10.3,22,133.9,43323,43344,43332,13,-53,7
,,20,20,,,385,855,14,12.6,31,176.4,43471,43501,43448,54,-85,21
,,18,20,,,512,825,19.167,16.931,20,324.516477,43414,43433,43391,43,-84,6
,,20,21,,,412,653,11.2,17.72,19,198.464,43360,43378,43425,-46,6,6
,,18,20,,,570,271,17.8,16,31,284.8,43377,43407,43385,23,-68,6
,,20,21,,,580,262,14.6,17.28,31,252.288,43352,43382,43385,-2,-58,0
,,20,20,,,452,803,15.5,20,29,310,43365,43393,43406,-12,-34,1
,,20,22,,,226,262,14.6,17.28,32,252.288,43453,43484,43509,-24,-37,0
,,20,20,,,75,642,13.412,19.5,19,261.534,43588,43606,43564,43,-80,6
,,20,20,,,376,181,14,11.95,24,167.3,43383,43406,43451,-44,6,6
,,20,22,,,365,184,9.804,21.05,26,206.3742,43444,43469,43458,12,-52,6
,,20,20,,,608,631,10.53,15.97,13,168.1641,43351,43363,43357,7,-59,0
,,20,20,,,595,283,18.4,18.9,43,347.76,43297,43339,43378,-38,-43,5
,,20,21,,,501,694,16.7,18.4,38,307.28,43340,43377,43409,-31,-32,7
,,20,21,,,434,803,15.5,18,32,279,43429,43460,43418,43,-79,1
,,20,22,,,509,683,16.6,18.9,24,313.74,43464,43487,43395,93,-142,7
,,20,22,,,93,262,14.6,17.28,39,252.288,43633,43671,43572,100,-154,6
,,20,20,,,366,145,10.1,13.065,20,131.9565,43404,43423,43455,-31,-3,6
,,20,20,,,30,833,8.709,14.287,21,124.425483,43600,43620,43583,38,-86,6
,,18,21,,,388,162,17.86,7.8,21,139.308,43470,43490,43445,46,-81,6
,,36,21,,,157,133,24.07,12.2,30,293.654,44579,44608,43529,1080,-1129,4
,,20,21,,,817,652,13.412,19.5,16,261.534,43231,43246,43288,-41,1,5
,,18,20,,,740,832,14,10.3,22,144.2,43264,43285,43330,-44,4,7
,,18,20,,,671,183,11.2,20,35,224,43384,43418,43357,62,-131,7
,,20,22,,,104,652,13.412,19.5,20,261.534,43511,43530,43550,-19,-25,5
,,18,21,,,584,221,14,15.97,20,223.58,43339,43358,43381,-22,-20,22
,,18,18,,,513,835,7.416,16.884,20,125.211744,43365,43384,43391,-6,-35,6
,,20,20,,,23,153,18.919,15.5,39,293.2445,43501,43539,43598,-58,7,7
,,18,20,,,123,835,7.416,16.884,23,125.211744,43611,43633,43536,98,-142,6
,,20,20,,,789,273,14.5,18.79,25,272.455,43298,43322,43301,22,-80,1
,,20,20,,,295,822,19.175,15.4,24,295.295,43403,43426,43482,-55,25,25
,,20,20,,,507,153,18.861,13.05,25,246.13605,43464,43488,43397,92,-131,6
,,33,21,,,438,111,11.85,25,40,296.25,43787,43826,43412,415,-469,6
,,20,22,,,322,834,9.215,10.9,19,100.4435,43434,43452,43478,-25,4,4
,,18,20,,,872,822,16.086,14.292,18,229.901112,43210,43227,43274,-46,5,5
,,36,21,,,214,101,30.66,9.4,30,288.204,43575,43604,43506,99,-169,7
,,20,22,,,610,182,22,7.3,18,160.6,43302,43319,43362,-42,4,4
,,22,21,,,86,826,20.5,21,35,430.5,43637,43671,43564,108,-147,3
,,20,21,,,189,231,14.308,15.97,22,228.49876,43517,43538,43517,22,-66,14
,,20,20,,,130,153,18.919,15.5,37,293.2445,43597,43633,43549,85,-134,7
,,20,20,,,833,192,13.889,7.3,17,101.3897,43227,43243,43285,-41,4,4
,,20,21,,,723,182,18,14.248,19,256.464,43336,43354,43333,22,-59,7
,,20,22,,,823,836,6.45,21.691,53,139.90695,43176,43228,43308,-79,1,1
,,20,22,,,397,171,21.526,7.65,18,164.6739,43472,43489,43442,48,-80,6
,,20,20,,,268,803,15.5,16,29,248,43413,43441,43489,-47,1,1
,,20,20,,,348,661,18.6,14.9,25,277.14,43424,43448,43470,-21,-18,6
,,18,20,,,422,231,15.25,8.199999999999999,17,125.05,43481,43497,43419,79,-110,6
,,20,20,,,646,153,18.919,15.5,21,293.2445,43324,43344,43357,-12,-34,6
,,20,21,,,5,261,20.1,16,37,321.6,43561,43597,43610,-12,-48,6
,,20,20,,,74,292,16.6,19.5,36,323.7,43530,43565,43579,-13,-25,6
,,20,22,,,713,124,16.142,18.85,44,304.2767,43293,43336,43353,-16,-30,7
,,20,20,,,102,642,13.412,19.5,20,261.534,43518,43537,43550,-12,-32,5
,,18,21,,,722,835,5.59,17.008,27,95.07472,43282,43308,43336,-27,-14,5
,,20,21,,,703,834,7.062,14.636,33,103.359432,43349,43381,43347,35,-83,7
,,20,21,,,19,836,8,21,34,168,43576,43609,43593,17,-57,8
,,20,20,,,536,143,13.809,15.686,31,216.607974,43327,43357,43396,-38,-5,7
,,20,20,,,466,823,16.231,14.307,21,232.216917,43365,43385,43408,-22,-7,0
,,18,18,,,371,144,10.5,13.05,19,137.025,43401,43419,43451,-31,-2,6
,,18,20,,,9,835,7.416,16.884,27,125.211744,43634,43660,43594,67,-101,0
,,20,22,,,700,143,14.606,16.186,26,236.412716,43254,43279,43340,-60,5,5
,,20,22,,,391,622,16.9,20,29,338,43373,43401,43451,-49,6,6
,,20,21,,,217,261,20.1,16,32,321.6,43456,43487,43509,-21,-25,6
,,18,20,,,582,272,14.4,17.28,31,248.832,43325,43355,43385,-29,-31,0
,,20,21,,,335,832,6.767,14.288,16,96.686896,43453,43468,43472,-3,-39,5
,,20,22,,,759,154,19.932,15.976,51,318.433632,43253,43303,43339,-35,-41,7
,,20,22,,,455,184,9.804,21.05,27,206.3742,43333,43359,43407,-47,6,6
,,20,20,,,616,632,13.38,17.28,14,231.2064,43307,43320,43357,-36,-24,4
,,18,21,,,477,633,13.38,18.79,15,251.4102,43380,43394,43399,-4,-43,0
,,20,22,,,750,161,13.792,9.4,17,129.6448,43267,43283,43318,-34,-1,7
,,20,20,,,256,273,14.5,18.79,25,272.455,43552,43576,43494,83,-141,1
,,20,20,,,58,221,16,15.97,25,255.52,43571,43595,43580,16,-63,22
,,20,22,,,667,271,21.56,12.423,39,267.83988,43321,43359,43363,-3,-67,6
,,20,21,,,522,623,13.6,19.8,34,269.28,43383,43416,43399,18,-66,6
,,20,22,,,577,122,18,9.550000000000001,14,171.9,43364,43377,43374,4,-32,6
,,20,22,,,423,110,16,4.932,51,78.91200000000001,43438,43488,43425,64,-129,6
,,20,21,,,94,272,14.4,17.28,39,248.832,43558,43596,43572,25,-79,6
,,20,20,,,378,123,19.5,18.75,43,365.625,43389,43431,43461,-29,-28,6
,,18,21,,,650,628,15.6,20,23,312,43349,43371,43355,17,-87,7
,,18,20,,,229,124,18.618,14.354,22,267.242772,43483,43504,43495,10,-75,6
,,20,22,,,174,112,21,8.6,21,180.6,43570,43590,43512,79,-107,5
,,20,22,,,88,836,8,21,35,168,43487,43521,43564,-42,3,3
,,20,21,,,478,642,13.412,19.5,16,261.534,43534,43549,43400,150,-190,5
,,20,22,,,642,622,13.38,17.28,13,231.2064,43403,43415,43354,62,-119,5
,,18,20,,,717,182,17,14.248,19,242.216,43348,43366,43334,33,-70,7
,,18,20,,,523,633,12.7,19.8,34,251.46,43481,43514,43399,116,-164,6
,,18,20,,,531,632,13.5,20,29,270,43347,43375,43395,-19,-24,6
,,18,21,,,269,653,17.9,14.2,26,254.18,43483,43508,43490,19,-45,27
,,20,21,,,222,144,17.566,15.678,23,275.399748,43502,43524,43499,26,-95,7
,,20,20,,,78,282,14.7,19.5,35,286.65,43550,43584,43577,8,-43,7
,,20,21,,,800,836,8,21,29,168,43237,43265,43296,-30,-3,3
,,20,22,,,301,123,16.106,12.2,23,196.4932,43547,43569,43479,91,-122,1
,,20,21,,,167,132,18.94,12.2,31,231.068,43493,43523,43531,-7,-41,-1
,,20,21,,,853,835,7.416,16.884,22,125.211744,43209,43230,43280,-49,6,6
,,18,20,,,818,834,7.062,14.636,25,103.359432,43258,43282,43292,-9,-26,0
,,20,22,,,524,822,16.086,14.292,16,229.901112,43427,43442,43389,54,-96,5
,,20,22,,,342,122,15.531,12.2,16,189.4782,43489,43504,43463,42,-89,7
,,20,20,,,510,693,16.6,18.9,24,313.74,43440,43463,43395,69,-118,7
,,18,18,,,96,643,13.412,17.72,19,237.66064,43543,43561,43553,9,-43,3
,,20,22,,,534,824,17.596,14.575,34,256.4617,43430,43463,43398,66,-135,7
,,36,21,,,677,103,29.101,15.68,16,456.30368,43517,43532,43342,191,-237,7
,,18,20,,,150,272,14.4,17.28,34,248.832,43587,43620,43539,82,-145,0
,,20,21,,,98,653,11.2,17.72,19,198.464,43573,43591,43553,39,-73,3
,,20,22,,,267,283,13.7,18.32,30,250.984,43514,43543,43496,48,-98,7
,,20,21,,,61,652,13.412,19.5,19,261.534,43557,43575,43567,9,-49,6
,,20,20,,,281,183,8.82,15.798,21,139.33836,43521,43541,43486,56,-115,4
,,20,20,,,112,833,8.709,14.287,17,124.425483,43576,43592,43544,49,-71,0
,,20,20,,,574,101,11.577,13.021,45,150.744117,43328,43372,43392,-19,-40,6
,,20,20,,,628,125,9.800000000000001,18.5,42,181.3,43284,43325,43377,-51,-23,7
,,33,21,,,720,103,23.857,9.5,34,226.6415,43460,43493,43341,153,-199,5
,,20,21,,,821,123,20.9,18.1,29,378.29,43221,43249,43291,-41,1,1
,,20,20,,,349,231,14.308,15.97,14,228.49876,43388,43401,43466,-64,4,4
,,20,20,,,156,102,19.76,18.47,43,364.9672,43491,43533,43541,-7,-42,0
,,36,21,,,727,102,26.372,14.65,35,386.3498,43314,43348,43340,9,-54,5
,,20,22,,,350,231,14.308,15.97,14,228.49876,43407,43420,43466,-45,-15,4
,,20,22,,,778,262,14.6,17.28,31,252.288,43272,43302,43314,-11,-49,0
,,20,20,,,142,621,8.949999999999999,15.97,10,142.9315,43443,43452,43520,-67,33,33
,,20,20,,,8,825,19.167,16.931,27,324.516477,43634,43660,43594,67,-101,0
,,18,20,,,695,221,15,15.97,12,239.55,43416,43427,43340,88,-152,1
,,20,20,,,326,622,13.38,17.28,13,231.2064,43489,43501,43471,31,-88,5
,,20,20,,,809,825,18.455,17.3,40,319.2715,43176,43215,43308,-92,9,9
,,20,22,,,187,193,15.59,15.978,21,249.09702,43453,43473,43511,-37,-22,4
,,20,21,,,64,836,8,21,34,168,43491,43524,43573,-48,8,8
,,20,20,,,473,642,13.412,19.5,16,261.534,43442,43457,43401,57,-97,5
,,20,22,,,22,143,13.809,15.686,39,216.607974,43556,43594,43598,-3,-48,7
,,20,22,,,775,102,16.588,12.377,35,205.309676,43241,43275,43312,-36,1,1
,,18,20,,,246,683,17.8,14.8,34,263.44,43409,43442,43498,-55,26,26
,,20,20,,,367,154,14.94,13.05,20,194.967,43407,43426,43455,-28,-6,6
,,18,21,,,131,263,16.6,18.79,31,311.914,43600,43630,43542,89,-140,6
,,20,21,,,863,622,13.38,17.28,15,231.2064,43222,43236,43276,-39,-15,5
,,20,22,,,355,221,21,15.97,12,335.37,43463,43474,43464,11,-75,1
,,20,20,,,170,684,14.7,20,37,294,43539,43575,43530,46,-98,12
,,20,21,,,673,122,15.531,12.2,17,189.4782,43271,43287,43343,-55,7,7
,,20,20,,,600,293,19.5,18.9,43,368.55,43345,43387,43375,13,-91,5
,,20,20,,,107,271,17.8,16,37,284.8,43493,43529,43561,-31,-29,6
,,20,20,,,790,822,16.055,14.575,36,234.001625,43230,43265,43309,-43,0,0
,,20,21,,,90,803,15.5,14,35,217,43523,43557,43560,-2,-50,1
,,20,20,,,500,684,17.5,18.4,38,322,43359,43396,43409,-12,-51,7
,,20,22,,,125,822,16.086,14.292,20,229.901112,43588,43607,43539,69,-115,5
,,20,22,,,461,124,15.49,19.15,33,296.6335,43400,43432,43411,22,-69,6
,,20,21,,,40,282,14.7,19.5,36,286.65,43558,43593,43592,2,-68,6
,,20,22,,,783,183,7.507,14.276,20,107.169932,43229,43248,43298,-49,3,6
,,20,20,,,520,832,6.767,14.288,16,96.686896,43388,43403,43390,14,-56,5
,,20,22,,,557,144,17.566,15.678,23,275.399748,43415,43437,43380,58,-127,7
,,18,20,,,318,143,13.809,15.686,21,216.607974,43434,43454,43476,-21,-25,6
,,20,22,,,399,822,19.175,15.4,24,295.295,43512,43535,43440,96,-126,25
,,20,21,,,554,192,13.889,7.3,17,101.3897,43347,43363,43382,-18,-23,6
,,18,20,,,654,183,7.507,14.276,19,107.169932,43308,43326,43353,-26,-7,5
,,18,20,,,807,643,13.412,17.72,16,237.66064,43368,43383,43290,94,-125,3
,,20,22,,,674,132,18.94,12.2,17,231.068,43287,43303,43343,-39,-9,7
,,20,21,,,525,832,6.767,14.288,16,96.686896,43488,43503,43389,115,-157,5
,,20,21,,,149,262,14.6,17.28,34,252.288,43539,43572,43539,34,-97,0
,,18,21,,,12,144,17.566,15.678,36,275.399748,43610,43645,43600,46,-96,8
,,20,21,,,486,145,10.1,13.065,20,131.9565,43409,43428,43400,29,-63,6
,,22,21,,,822,826,20.852,21.691,53,452.300732,43176,43228,43308,-79,1,1
,,20,22,,,813,824,17.596,14.575,27,256.4617,43233,43259,43295,-35,0,1
,,20,20,,,736,101,11.523,8.65,28,99.67395,43256,43283,43331,-47,-13,5
,,20,20,,,67,834,9.215,10.9,22,100.4435,43516,43537,43569,-31,-18,6
,,18,20,,,498,183,8.82,15.798,22,139.33836,43401,43422,43397,26,-62,6
,,18,18,,,464,643,13.412,17.72,16,237.66064,43385,43400,43402,-1,-30,3
,,20,21,,,576,132,18.94,12.2,27,231.068,43364,43390,43382,9,-53,-1
,,18,21,,,361,183,9.9,20.9,33,206.91,43491,43523,43467,57,-104,6
,,20,20,,,253,263,16.6,18.79,25,311.914,43456,43480,43494,-13,-45,1
,,20,22,,,812,803,15.5,21,30,325.5,43215,43244,43293,-48,1,1
,,18,20,,,345,132,18.94,12.2,16,231.068,43536,43551,43463,89,-136,7
,,20,22,,,755,269,10.5,18.9,29,198.45,43238,43266,43323,-56,3,3
,,20,21,,,664,822,16.055,14.575,35,234.001625,43290,43324,43363,-38,-14,7
,,20,20,,,24,824,15.665,11.094,22,173.78751,43557,43578,43584,-5,-44,6
,,20,21,,,91,803,15.5,15,35,232.5,43486,43520,43560,-39,-13,1
,,33,21,,,624,133,24.07,12.2,23,293.654,43643,43665,43360,306,-337,1
,,20,22,,,749,161,13.792,9.4,17,129.6448,43259,43275,43318,-42,7,7
,,20,20,,,282,183,8.82,15.798,21,139.33836,43469,43489,43486,4,-63,4
,,20,20,,,781,142,16.252,5.15,30,83.6978,43246,43275,43316,-40,5,5
,,20,21,,,1,262,14.6,17.28,39,252.288,43541,43579,43621,-41,-13,6
,,20,21,,,579,262,14.6,17.28,31,252.288,43420,43450,43385,66,-126,0
,,20,20,,,470,273,14.5,18.79,25,272.455,43489,43513,43408,106,-164,1
,,20,22,,,262,643,13.412,17.72,15,237.66064,43438,43452,43486,-33,3,3
,,18,20,,,603,279,10.5,18.9,29,198.45,43327,43355,43370,-14,-33,7
,,20,20,,,709,173,16.387,11.151,22,182.731437,43264,43285,43336,-50,3,8
,,20,22,,,374,662,14.6,20,27,292,43444,43470,43455,16,-57,6
,,20,20,,,68,822,16.086,14.292,21,229.901112,43493,43513,43568,-54,6,6
,,20,20,,,502,192,16.9,9.199999999999999,37,155.48,43328,43364,43403,-38,-13,6
,,20,22,,,772,638,15.6,20,23,312,43214,43236,43306,-69,7,7
,,20,20,,,132,273,14.5,18.79,31,272.455,43632,43662,43541,122,-172,6
,,18,20,,,860,833,8.709,14.287,16,124.425483,43242,43257,43279,-21,0,0
,,20,22,,,219,271,17.8,16,32,284.8,43470,43501,43509,-7,-39,6
,,20,21,,,784,193,14.445,14.246,20,205.78347,43226,43245,43298,-52,6,6
,,20,21,,,484,623,13.38,18.79,15,251.4102,43336,43350,43398,-47,0,0
,,20,22,,,151,272,14.4,17.28,34,248.832,43474,43507,43539,-31,-32,0
,,18,20,,,108,824,15.665,11.094,22,173.78751,43575,43596,43551,46,-70,4
,,20,21,,,647,153,18.919,15.5,21,293.2445,43377,43397,43357,41,-87,6
,,20,20,,,742,153,15,16.375,35,245.625,43250,43284,43339,-54,-2,4
,,20,20,,,21,653,11.2,17.72,17,198.464,43621,43637,43581,57,-95,6
,,18,20,,,465,653,11.2,17.72,16,198.464,43386,43401,43402,0,-31,3
,,20,21,,,313,102,19.76,18.47,20,364.9672,43415,43434,43472,-37,0,0
,,20,20,,,331,833,8.709,14.287,15,124.425483,43438,43452,43473,-20,0,0
,,20,22,,,540,621,8.949999999999999,15.97,10,142.9315,43380,43389,43378,12,-46,33
,,18,20,,,33,283,13.7,18.32,39,250.984,43563,43601,43595,7,-76,6
,,20,20,,,312,621,8.949999999999999,15.97,14,142.9315,43476,43489,43474,16,-67,0
,,20,22,,,415,836,8,21,31,168,43478,43508,43427,82,-119,8
,,20,20,,,233,122,15.531,12.2,17,189.4782,43468,43484,43490,-5,-43,7
,,20,20,,,497,832,6.662,14.583,35,97.151946,43354,43388,43409,-20,-50,7
,,20,20,,,854,824,15.665,11.094,19,173.78751,43238,43256,43282,-25,4,4
,,20,22,,,356,134,18.74,19.44,33,364.3056,43423,43455,43468,-12,-35,6
,,20,21,,,203,621,8.949999999999999,15.97,14,142.9315,43512,43525,43500,26,-77,0
,,20,20,,,283,193,15.59,15.978,21,249.09702,43478,43498,43486,13,-72,4
,,18,20,,,873,832,6.767,14.288,18,96.686896,43231,43248,43274,-25,-16,5
,,18,21,,,368,155,14.7,13.05,23,191.835,43532,43554,43457,98,-135,6
,,20,20,,,632,639,15.6,18.9,32,294.84,43319,43350,43369,-18,-32,7
,,20,20,,,31,642,13.412,19.5,17,261.534,43540,43556,43578,-21,-14,6
,,18,20,,,182,623,13.38,18.79,16,251.4102,43595,43610,43510,101,-149,0
,,36,21,,,835,133,24.07,12.2,22,293.654,43292,43313,43284,30,-60,1
,,18,21,,,121,825,19.167,16.931,23,324.516477,43578,43600,43536,65,-109,6
,,36,21,,,517,134,22.828,14.354,32,327.673112,43709,43740,43402,339,-384,10
,,20,22,,,105,652,13.412,19.5,20,261.534,43583,43602,43550,53,-97,5
,,20,21,,,314,102,19.76,18.47,20,364.9672,43472,43491,43472,20,-57,0
,,20,22,,,829,693,16.6,18.9,25,313.74,43186,43210,43288,-77,17,17
,,20,21,,,665,832,6.662,14.583,35,97.151946,43297,43331,43363,-31,-21,7
,,20,21,,,598,824,14.342,13.72,26,196.77224,43338,43363,43368,-4,-40,7
,,18,18,,,879,101,11.523,8.65,29,99.67395,43203,43231,43270,-38,1,1
,,20,22,,,148,262,14.6,17.28,34,252.288,43537,43570,43539,32,-95,0
,,20,22,,,533,172,18.45,12.45,21,229.7025,43363,43383,43388,-4,-31,6
,,20,22,,,838,623,13.38,18.79,15,251.4102,43218,43232,43281,-48,1,1
,,20,20,,,95,643,13.412,17.72,19,237.66064,43497,43515,43553,-37,3,3
,,18,21,,,308,632,13.38,17.28,14,231.2064,43469,43482,43474,9,-69,4
,,20,22,,,535,834,7.062,14.636,34,103.359432,43424,43457,43398,60,-129,7
,,18,20,,,137,623,13.38,18.79,19,251.4102,43621,43639,43530,110,-148,3
,,20,20,,,541,263,16.6,18.79,26,311.914,43333,43358,43392,-33,-13,6
,,20,20,,,26,822,16.086,14.292,21,229.901112,43508,43528,43583,-54,6,6
,,20,21,,,250,836,8,21,29,168,43436,43464,43493,-28,-5,3
,,20,21,,,880,101,13.007,16.37,36,212.92459,43190,43225,43265,-39,1,1
,,18,20,,,590,183,8.82,15.798,21,139.33836,43356,43376,43367,10,-69,4
,,20,20,,,56,835,7.416,16.884,27,125.211744,43527,43553,43574,-20,-14,0
,,20,20,,,258,221,19,15.97,11,303.43,43490,43500,43488,13,-76,1
,,20,20,,,235,132,18.94,12.2,17,231.068,43542,43558,43490,69,-117,7
,,18,20,,,825,621,8.949999999999999,15.97,15,142.9315,43301,43315,43284,32,-84,0
,,18,20,,,686,162,18.5,15.5,32,286.75,43252,43283,43349,-65,8,8
,,20,22,,,698,693,16.6,18.9,24,313.74,43236,43259,43340,-80,16,16
,,20,21,,,515,833,8.709,14.287,15,124.425483,43364,43378,43392,-13,-7,0
,,20,22,,,708,133,21.1,18.1,28,381.91,43285,43312,43338,-25,-21,7
,,20,21,,,419,284,20,18.4,45,368,43429,43473,43432,42,-112,7
,,20,20,,,178,633,13.38,18.79,15,251.4102,43448,43462,43510,-47,0,0
,,20,20,,,733,835,5.59,17.008,26,95.07472,43276,43301,43332,-30,-10,5
,,20,21,,,765,124,18.618,14.354,47,267.242772,43302,43348,43333,16,-88,6
,,20,21,,,354,221,20,15.97,12,319.4,43517,43528,43464,65,-129,1
,,20,20,,,447,283,13.7,18.32,31,250.984,43394,43424,43415,10,-61,7
,,18,18,,,193,192,13.889,7.3,19,101.3897,43488,43506,43509,-2,-37,4
,,20,20,,,60,132,18.94,12.2,31,231.068,43500,43530,43577,-46,-2,-1
,,33,21,,,303,133,24.07,12.2,23,293.654,44040,44062,43479,584,-615,1
,,20,22,,,395,845,18.075,12.65,31,228.64875,43488,43518,43446,73,-103,21
,,20,20,,,128,832,6.767,14.288,20,96.686896,43577,43596,43539,58,-104,5
,,20,21,,,706,123,20.9,18.1,28,378.29,43286,43313,43338,-24,-22,7
,,20,22,,,743,142,8.276,16.07,22,132.99532,43276,43297,43328,-30,-10,7
,,18,20,,,206,632,13.38,17.28,14,231.2064,43514,43527,43499,29,-89,4
,,20,22,,,481,836,6.45,21.691,54,139.90695,43458,43511,43423,89,-178,7
,,20,21,,,18,826,20,21,34,420,43527,43560,43593,-32,-8,8
,,20,22,,,421,221,18.25,8.199999999999999,17,149.65,43365,43381,43419,-37,6,6
,,20,20,,,299,192,13.889,7.3,18,101.3897,43533,43550,43480,71,-109,4
,,20,20,,,437,292,16.6,19.5,34,323.7,43415,43448,43425,24,-60,6
,,20,20,,,793,182,7.9,19.9,42,157.21,43216,43257,43313,-55,-20,10
,,20,20,,,401,104,13.35,13.05,15,174.2175,43458,43472,43432,41,-70,6
,,20,22,,,614,154,19.39,16.07,25,311.5973,43392,43416,43363,54,-135,5
,,20,22,,,372,835,13.5,10.4,32,140.4,43385,43416,43455,-38,-3,19
,,18,21,,,380,623,13.6,19.8,38,269.28,43453,43490,43459,32,-84,6
,,20,22,,,63,826,20,21,34,420,43522,43555,43573,-17,-23,8
,,20,20,,,79,803,15.5,13,35,201.5,43492,43526,43567,-40,1,1
,,18,20,,,315,824,15.665,11.094,19,173.78751,43464,43482,43479,4,-25,4
,,20,20,,,782,152,16.252,5.15,30,83.6978,43246,43275,43316,-40,5,5
,,18,20,,,562,124,18.618,14.354,22,267.242772,43392,43413,43377,37,-102,6
,,20,21,,,100,823,16.231,14.307,21,232.216917,43505,43525,43555,-29,0,0
,,20,21,,,712,134,19.318,18.5,44,357.383,43255,43298,43353,-54,7,7
,,22,21,,,440,826,20.5,21,33,430.5,43397,43429,43417,13,-50,3
,,20,21,,,343,122,15.531,12.2,16,189.4782,43398,43413,43463,-49,2,7
,,18,18,,,294,823,16.231,14.307,18,232.216917,43438,43455,43482,-26,0,0
,,20,21,,,223,154,19.932,15.976,23,318.433632,43465,43487,43499,-11,-58,7
,,20,20,,,631,629,15.6,18.9,32,294.84,43341,43372,43369,4,-54,7
,,18,20,,,44,633,13.38,18.79,19,251.4102,43584,43602,43577,26,-64,3
,,20,20,,,715,833,7.281,14.575,31,106.120575,43266,43296,43345,-48,2,7
,,20,20,,,185,183,8.82,15.798,21,139.33836,43587,43607,43511,97,-156,4
,,18,20,,,416,642,13.412,19.5,19,261.534,43491,43509,43422,88,-125,6
,,20,22,,,291,112,21,8.6,17,180.6,43475,43491,43477,15,-39,5
,,20,20,,,691,153,19.167,16.07,26,308.01369,43272,43297,43343,-45,5,5
,,20,22,,,589,284,20,18.4,45,368,43298,43342,43380,-37,-42,7
,,18,21,,,741,143,5.23,16.375,35,85.64125,43271,43305,43339,-33,-23,4
,,20,20,,,745,104,18.3,18.2,21,333.06,43258,43278,43327,-48,2,2
,,20,22,,,611,192,13.889,7.3,18,101.3897,43397,43414,43362,53,-91,4
,,20,21,,,25,834,9.215,10.9,22,100.4435,43610,43631,43584,48,-97,6
,,20,22,,,417,643,13.412,17.72,19,237.66064,43433,43451,43422,30,-67,6
,,20,22,,,29,832,6.767,14.288,21,96.686896,43585,43605,43583,23,-71,6
,,20,22,,,186,193,15.59,15.978,21,249.09702,43490,43510,43511,0,-59,4
,,20,20,,,275,642,13.412,19.5,16,261.534,43490,43505,43485,21,-61,5
,,20,20,,,826,823,17.548,14.578,27,255.814744,43237,43263,43293,-29,0,0
,,18,20,,,491,824,15.665,11.094,22,173.78751,43467,43488,43403,86,-110,4
,,20,20,,,209,153,18.919,15.5,21,293.2445,43453,43473,43502,-28,-18,6
,,36,21,,,14,134,22.828,14.354,37,327.673112,43761,43797,43599,199,-249,10
,,20,22,,,84,283,13.7,18.32,36,250.984,43543,43578,43570,9,-65,7
,,20,21,,,27,823,16.231,14.307,21,232.216917,43597,43617,43583,35,-83,6
,,20,20,,,552,633,13.38,18.79,15,251.4102,43417,43431,43381,51,-85,3
,,20,22,,,243,231,14.308,15.97,14,228.49876,43502,43515,43491,25,-85,4
,,20,20,,,602,269,10.5,18.9,29,198.45,43287,43315,43370,-54,7,7
,,20,22,,,680,262,11.65,20.773,33,242.00545,43312,43344,43356,-11,-53,10
,,18,21,,,468,154,19.932,15.976,39,318.433632,43372,43410,43419,-8,-45,8
,,36,21,,,446,193,20.1,20.9,35,420.09,43781,43815,43416,400,-449,6
,,20,20,,,591,193,15.59,15.978,21,249.09702,43321,43341,43367,-25,-34,4
,,20,20,,,111,834,9.215,10.9,22,100.4435,43593,43614,43551,64,-88,4
,,20,22,,,183,623,13.38,18.79,16,251.4102,43535,43550,43510,41,-89,0
,,18,21,,,856,110,13,5.487,42,71.331,43184,43225,43284,-58,0,0
,,20,20,,,550,123,16.106,12.2,28,196.4932,43305,43332,43388,-55,4,4
,,20,20,,,48,803,15.5,12,35,186,43514,43548,43582,-33,-6,1
,,20,20,,,43,623,13.38,18.79,19,251.4102,43581,43599,43577,23,-61,3
,,20,22,,,672,122,15.531,12.2,17,189.4782,43336,43352,43343,10,-58,7
,,18,20,,,764,639,15.6,18.9,32,294.84,43232,43263,43319,-55,11,11
,,20,20,,,519,822,16.086,14.292,16,229.901112,43327,43342,43390,-47,5,5
,,20,21,,,133,261,20.1,16,36,321.6,43450,43485,43542,-56,6,6
,,20,22,,,297,182,18,7.3,18,131.4,43529,43546,43480,67,-105,4
,,18,20,,,143,182,15,7.3,21,109.5,43583,43603,43531,73,-118,6
,,20,21,,,836,194,18,8.300000000000001,30,149.4,43223,43252,43289,-36,1,1
,,18,20,,,690,143,14.606,16.186,26,236.412716,43284,43309,43343,-33,-7,5
,,20,22,,,702,824,17.596,14.575,33,256.4617,43341,43373,43347,27,-75,7
,,20,21,,,758,294,20,18.4,71,368,43155,43225,43351,-125,7,7
,,20,20,,,201,631,10.53,15.97,13,168.1641,43548,43560,43500,61,-113,0
,,20,20,,,396,161,11.58,12.405,18,143.6499,43386,43403,43442,-38,6,6
,,20,20,,,52,622,13.38,17.28,17,231.2064,43554,43570,43571,0,-36,12
,,20,22,,,852,825,19.167,16.931,22,324.516477,43209,43230,43280,-49,6,6
,,20,21,,,212,102,19.76,18.47,19,364.9672,43488,43506,43496,11,-47,0
,,33,21,,,840,103,23.857,9.5,30,226.6415,43248,43277,43288,-10,-24,2
,,18,21,,,99,154,19.932,15.976,45,318.433632,43530,43574,43573,2,-61,8
,,20,21,,,38,631,10.53,15.97,11,168.1641,43594,43604,43570,35,-72,33
,,20,22,,,751,171,16.655,9.4,17,156.557,43276,43292,43318,-25,-10,7
,,20,20,,,418,283,18.4,18.9,44,347.76,43382,43425,43433,-7,-62,7
,,20,21,,,97,653,11.2,17.72,19,198.464,43526,43544,43553,-8,-26,3
,,18,18,,,225,262,14.6,17.28,32,252.288,43456,43487,43509,-21,-40,0
,,18,21,,,442,836,8,21,33,168,43395,43427,43417,11,-48,3
,,18,20,,,429,823,16.231,14.307,18,232.216917,43518,43535,43417,119,-164,6
,,20,21,,,483,271,17.8,16,31,284.8,43378,43408,43409,0,-54,6
,,18,20,,,166,122,15.531,12.2,31,189.4782,43491,43521,43531,-9,-39,-1
,,20,22,,,126,822,16.086,14.292,20,229.901112,43591,43610,43539,72,-118,5
,,20,22,,,834,123,16.106,12.2,22,196.4932,43231,43252,43284,-31,1,1
,,20,20,,,795,183,8.82,15.798,22,139.33836,43273,43294,43295,0,-60,4
,,18,20,,,162,124,18.618,14.354,23,267.242772,43526,43548,43521,28,-94,6
,,18,20,,,605,268,10.8,20,30,216,43451,43480,43368,113,-161,7
,,20,22,,,296,832,21,15.4,24,323.4,43505,43528,43482,47,-77,25
,,20,21,,,657,134,21,18.1,26,380.1,43394,43419,43355,65,-144,7
,,20,22,,,129,143,13.809,15.686,37,216.607974,43571,43607,43549,59,-108,7
,,20,20,,,542,823,17.548,14.578,32,255.814744,43389,43420,43396,25,-92,7
,,18,20,,,685,110,12,5.487,41,65.84399999999999,43375,43415,43346,70,-131,5
,,20,20,,,651,638,15.6,20,23,312,43318,43340,43355,-14,-56,7
,,20,21,,,551,623,13.38,18.79,15,251.4102,43473,43487,43381,107,-141,3
,,20,22,,,785,122,12,12.3,28,147.6,43322,43349,43310,40,-79,7
,,20,21,,,124,835,7.416,16.884,23,125.211744,43463,43485,43536,-50,6,6
,,20,20,,,621,621,8.949999999999999,15.97,14,142.9315,43292,43305,43357,-51,0,0
,,20,22,,,804,134,19.318,18.5,45,357.383,43191,43235,43311,-75,12,12
,,20,20,,,682,694,16.7,18.4,38,307.28,43286,43323,43359,-35,-18,7
,,20,20,,,430,832,6.767,14.288,18,96.686896,43348,43365,43417,-51,6,6
,,20,21,,,637,261,20.5,18.8,34,385.4,43325,43358,43369,-10,-42,7
,,20,20,,,645,143,13.809,15.686,21,216.607974,43343,43363,43357,7,-53,6
,,20,20,,,116,193,15.59,15.978,27,249.09702,43561,43587,43547,41,-82,6
,,20,22,,,4,154,19.932,15.976,47,318.433632,43553,43599,43622,-22,-39,8
,,20,20,,,32,643,13.412,17.72,17,237.66064,43596,43612,43578,35,-70,6
,,20,22,,,2,272,14.4,17.28,39,248.832,43579,43617,43621,-3,-51,6
,,20,20,,,370,153,18.861,13.05,25,246.13605,43459,43483,43454,30,-69,6
,,20,21,,,601,269,10.5,18.9,29,198.45,43288,43316,43370,-53,6,7
,,20,22,,,453,135,18.6,19.35,30,359.91,43386,43415,43410,6,-50,6
,,20,20,,,556,622,13.38,17.28,15,231.2064,43373,43387,43378,10,-44,12
,,20,21,,,171,694,14.7,20,37,294,43557,43593,43529,65,-116,12
,,18,20,,,240,292,16.6,19.5,32,323.7,43531,43562,43505,58,-92,6
,,20,20,,,261,643,13.412,17.72,15,237.66064,43438,43452,43486,-33,3,3
,,20,20,,,739,822,12.6,10.3,22,129.78,43285,43306,43330,-23,-17,7
,,20,20,,,877,822,12.6,10.3,23,129.78,43208,43230,43272,-41,3,3
,,20,22,,,747,184,13.9,8.300000000000001,28,115.37,43248,43275,43324,-48,7,7
,,20,21,,,652,102,19.76,18.47,20,364.9672,43332,43351,43348,4,-41,0
,,20,22,,,242,282,14.7,19.5,30,286.65,43486,43515,43502,14,-44,7
,,20,20,,,6,271,17.8,16,37,284.8,43568,43604,43610,-5,-55,6
,,20,20,,,59,122,15.531,12.2,31,189.4782,43531,43561,43577,-15,-33,-1
,,20,22,,,493,825,18.455,17.3,39,319.2715,43320,43358,43414,-55,-19,7
,,18,20,,,506,143,10.97,13.152,25,144.27744,43376,43400,43397,4,-43,6
,,20,20,,,444,282,14.7,19.5,32,286.65,43383,43414,43421,-6,-26,7
,,18,21,,,617,632,13.38,17.28,14,231.2064,43284,43297,43357,-59,-1,4
,,36,21,,,304,133,24.07,12.2,23,293.654,43501,43523,43479,45,-76,1
,,20,20,,,592,231,14.308,15.97,21,228.49876,43298,43318,43374,-55,12,14
,,20,22,,,211,102,19.76,18.47,19,364.9672,43540,43558,43496,63,-99,0
,,20,22,,,753,161,14.057,15.486,37,217.686702,43304,43340,43331,10,-48,8
,,20,20,,,169,221,17,15.97,24,271.49,43463,43486,43530,-43,-3,22
,,20,21,,,797,801,20.814,15.31,50,318.66234,43266,43315,43318,-2,-60,5
,,22,21,,,439,826,20.5,21,33,430.5,43430,43462,43417,46,-83,3
,,33,21,,,325,101,30.66,9.4,30,288.204,44010,44039,43480,560,-630,7
,,18,21,,,441,836,8,21,33,168,43411,43443,43417,27,-64,3
,,18,20,,,113,833,8.709,14.287,17,124.425483,43588,43604,43544,61,-83,0
,,20,21,,,448,183,9.9,20.9,33,206.91,43328,43360,43414,-53,6,6
,,18,20,,,732,825,17.18,16.97,26,291.5446,43300,43325,43332,-6,-34,5
,,20,22,,,168,112,21,8.6,21,180.6,43485,43505,43516,-10,-23,5
,,20,22,,,649,638,15.6,20,23,312,43350,43372,43359,14,-55,7
,,20,20,,,264,653,11.2,17.72,15,198.464,43551,43565,43486,80,-110,3
,,20,21,,,85,283,13.7,18.32,36,250.984,43521,43556,43570,-13,-43,7
,,18,20,,,581,272,14.4,17.28,31,248.832,43417,43447,43385,63,-123,0
,,18,20,,,405,132,10,9.550000000000001,14,95.5,43515,43528,43431,98,-126,6
,,18,18,,,136,271,17.8,16,36,284.8,43507,43542,43542,1,-51,6
,,20,22,,,110,834,9.215,10.9,22,100.4435,43611,43632,43551,82,-106,4
,,20,22,,,634,124,21,18.1,26,380.1,43337,43362,43362,1,-45,7
,,20,20,,,381,633,12.7,19.8,38,251.46,43473,43510,43459,52,-104,6
,,20,20,,,846,192,10.441,14.248,18,148.763368,43231,43248,43282,-33,0,2
,,20,22,,,820,133,21.1,18.1,29,381.91,43220,43248,43291,-42,1,1
,,20,22,,,359,671,18.6,14.9,25,277.14,43522,43546,43463,84,-123,6
,,18,21,,,575,122,15.531,12.2,27,189.4782,43312,43338,43382,-43,-1,-1
,,20,21,,,638,261,20.5,18.8,34,385.4,43276,43309,43369,-59,7,7
,,18,20,,,752,171,16.655,9.4,17,156.557,43269,43285,43318,-32,-3,7
,,20,21,,,122,825,19.167,16.931,23,324.516477,43524,43546,43536,11,-55,6
,,36,21,,,351,111,11.85,24,44,284.4,43984,44027,43471,557,-615,6
,,18,20,,,413,834,20,16.8,33,336,43448,43480,43429,52,-84,6
,,20,20,,,431,833,8.709,14.287,18,124.425483,43435,43452,43417,36,-81,6
,,20,21,,,47,192,13.889,7.3,21,101.3897,43506,43526,43578,-51,6,6
,,20,20,,,689,231,14.308,15.97,14,228.49876,43264,43277,43342,-64,4,4
,,20,21,,,224,154,19.932,15.976,23,318.433632,43550,43572,43499,74,-143,7
,,20,21,,,847,272,15.89,20.773,35,330.08297,43241,43275,43295,-19,-55,2
,,18,20,,,549,292,16.6,19.5,30,323.7,43356,43385,43394,-8,-52,6
,,20,20,,,688,231,14.308,15.97,14,228.49876,43273,43286,43342,-55,-5,4
,,20,20,,,263,653,11.2,17.72,15,198.464,43524,43538,43486,53,-83,3
,,18,20,,,845,182,19,14.248,18,270.712,43249,43266,43282,-15,-19,1
,,20,20,,,210,153,18.919,15.5,21,293.2445,43501,43521,43502,20,-66,6
,,20,20,,,115,183,8.82,15.798,27,139.33836,43473,43499,43547,-47,6,6
,,20,20,,,298,182,19,7.3,18,138.7,43503,43520,43480,41,-79,4
,,20,22,,,623,123,16.106,12.2,23,196.4932,43337,43359,43360,0,-31,1
,,18,21,,,290,112,21,8.6,17,180.6,43524,43540,43477,64,-88,5
,,20,20,,,138,633,13.38,18.79,19,251.4102,43474,43492,43530,-37,-1,3
,,20,22,,,661,836,6.45,21.691,55,139.90695,43285,43339,43376,-36,-24,7
,,20,20,,,383,693,17.8,14.8,32,263.44,43545,43576,43452,125,-152,26
,,20,22,,,641,622,13.38,17.28,13,231.2064,43411,43423,43354,70,-127,5
,,18,21,,,449,803,15.5,19,29,294.5,43351,43379,43407,-27,-19,1
,,20,22,,,687,801,20.814,15.31,33,318.66234,43313,43345,43351,-5,-56,2
,,20,21,,,390,182,12.25,9.199999999999999,41,112.7,43461,43501,43456,46,-101,6
,,20,22,,,721,825,17.18,16.97,27,291.5446,43269,43295,43336,-40,-1,5
,,20,20,,,216,622,13.38,17.28,12,231.2064,43504,43515,43495,21,-77,5
,,20,20,,,207,143,13.809,15.686,21,216.607974,43566,43586,43502,85,-131,6
,,20,20,,,141,631,10.53,15.97,11,168.1641,43586,43596,43521,76,-113,33
,,20,22,,,866,632,13.38,17.28,15,231.2064,43202,43216,43275,-58,4,4
,,20,21,,,734,822,12.6,10.3,22,129.78,43314,43335,43332,4,-44,7
,,20,22,,,791,832,6.662,14.583,36,97.151946,43236,43271,43309,-37,-6,0
,,20,20,,,816,642,13.412,19.5,16,261.534,43257,43272,43288,-15,-25,5
,,18,20,,,337,822,16.086,14.292,16,229.901112,43448,43463,43471,-7,-35,5
,,18,20,,,780,135,13.1,18.5,43,242.35,43283,43325,43321,5,-51,1
,,36,21,,,862,103,29.101,15.68,51,456.30368,43241,43291,43310,-18,-36,7
,,20,22,,,393,823,21.1,15.6,30,329.16,43468,43497,43446,52,-87,26
,,18,21,,,334,822,16.086,14.292,16,229.901112,43453,43468,43472,-3,-39,5
,,33,21,,,564,134,22.828,14.354,22,327.673112,43739,43760,43377,384,-449,6
,,20,20,,,604,279,10.5,18.9,29,198.45,43388,43416,43370,47,-94,7
,,18,20,,,620,621,8.949999999999999,15.97,14,142.9315,43390,43403,43357,47,-98,0
,,18,20,,,208,143,13.809,15.686,21,216.607974,43470,43490,43502,-11,-35,6
,,20,21,,,618,268,10.8,20,30,216,43398,43427,43367,61,-109,7
,,20,21,,,814,112,21,8.6,18,180.6,43257,43274,43285,-10,-15,5
,,20,22,,,244,231,14.308,15.97,14,228.49876,43547,43560,43491,70,-130,4
,,20,20,,,503,144,17.566,15.678,31,275.399748,43411,43441,43403,39,-84,8
,,20,21,,,476,623,13.38,18.79,15,251.4102,43414,43428,43399,30,-77,0
,,20,22,,,276,642,13.412,19.5,16,261.534,43474,43489,43485,5,-45,5
,,20,20,,,321,824,15.665,11.094,19,173.78751,43459,43477,43478,0,-21,4
,,18,18,,,544,631,10.53,15.97,8,168.1641,43357,43364,43375,-10,-24,33
,,20,22,,,400,832,22,15.4,24,338.8,43361,43384,43440,-55,25,25
,,18,21,,,869,161,14.057,15.486,32,217.686702,43192,43223,43286,-62,1,1
,,20,22,,,266,654,19.2,15.1,31,289.92,43509,43539,43496,44,-87,27
,,20,20,,,273,633,13.38,18.79,15,251.4102,43453,43467,43484,-16,-31,0
,,20,22,,,505,672,14.6,20,27,292,43417,43443,43400,44,-85,6
,,20,22,,,426,834,9.215,10.9,19,100.4435,43453,43471,43418,54,-100,6
,,20,20,,,756,279,10.5,18.9,29,198.45,43244,43272,43323,-50,-3,3
,,20,21,,,612,192,13.889,7.3,18,101.3897,43445,43462,43362,101,-139,4
,,36,21,,,436,112,14.612,23,30,336.076,43816,43845,43415,431,-475,6
,,20,20,,,543,833,7.281,14.575,32,106.120575,43403,43434,43396,39,-106,7
,,18,20,,,45,273,14.5,18.79,30,272.455,43554,43583,43585,-1,-48,6
,,20,20,,,701,153,19.167,16.07,26,308.01369,43254,43279,43340,-60,5,5
,,22,21,,,454,194,20.1,21.05,28,423.105,43369,43396,43408,-11,-31,6
,,20,21,,,705,123,20.9,18.1,28,378.29,43312,43339,43338,2,-48,7
,,20,22,,,404,122,17,9.550000000000001,14,162.35,43536,43549,43431,119,-147,6
,,18,20,,,639,271,15.2,18.8,34,285.76,43314,43347,43369,-21,-31,7
,,20,20,,,626,221,18.25,8.199999999999999,14,149.65,43311,43324,43359,-34,6,6
,,20,22,,,402,101,11.577,13.021,49,150.744117,43384,43432,43453,-20,-43,6
,,20,21,,,462,283,13.7,18.32,30,250.984,43504,43533,43412,122,-172,7
,,18,20,,,327,622,13.38,17.28,13,231.2064,43543,43555,43471,85,-142,5
,,20,20,,,285,855,13,12.6,31,163.8,43502,43532,43489,44,-75,21
,,20,20,,,472,272,14.4,17.28,31,248.832,43514,43544,43414,131,-177,6
,,20,21,,,839,633,13.38,18.79,15,251.4102,43276,43290,43281,10,-57,1
,,20,20,,,681,684,17.5,18.4,38,322,43261,43298,43359,-60,7,7
,,18,20,,,245,282,14.7,19.5,30,286.65,43459,43488,43501,-12,-18,7
,,20,22,,,670,835,17,17.3,40,294.1,43360,43399,43365,35,-90,7
,,20,22,,,363,124,15.49,19.15,32,296.6335,43490,43521,43464,58,-104,6
,,20,22,,,460,273,14.5,18.79,25,272.455,43325,43349,43409,-59,1,1
,,20,21,,,553,182,20,7.3,17,146,43463,43479,43382,98,-139,6
,,20,21,,,369,143,10.97,13.152,25,144.27744,43447,43471,43454,18,-57,6
,,18,20,,,850,153,18.919,15.5,22,293.2445,43208,43229,43282,-52,5,5
,,20,20,,,504,662,14.6,20,27,292,43432,43458,43400,59,-100,6
,,20,21,,,270,803,15.5,17,29,263.5,43529,43557,43488,70,-116,1
,,18,21,,,155,154,19.932,15.976,24,318.433632,43576,43599,43525,75,-145,7
,,18,20,,,317,143,13.809,15.686,21,216.607974,43510,43530,43476,55,-101,6
,,20,22,,,683,182,7.9,19.9,40,157.21,43296,43335,43361,-25,-41,8
,,18,18,,,70,832,6.767,14.288,21,96.686896,43586,43606,43568,39,-87,6
,,20,20,,,668,112,20,5.15,41,103,43302,43342,43349,-6,-45,7
,,18,21,,,494,835,16,17.3,39,276.8,43394,43432,43414,19,-93,7
,,20,20,,,254,263,16.6,18.79,25,311.914,43499,43523,43494,30,-88,1
,,20,20,,,284,193,15.59,15.978,21,249.09702,43470,43490,43486,5,-64,4
,,18,20,,,127,832,6.767,14.288,20,96.686896,43522,43541,43539,3,-49,5
,,20,22,,,120,654,19.2,15.1,37,289.92,43527,43563,43550,14,-63,27
,,20,21,,,307,632,13.38,17.28,14,231.2064,43469,43482,43474,9,-69,4
,,20,22,,,643,154,19.39,16.07,24,311.5973,43373,43396,43359,38,-119,5
,,18,21,,,801,292,16.6,19.5,30,323.7,43252,43281,43303,-21,-11,6
,,20,20,,,382,683,17.8,14.8,32,263.44,43502,43533,43452,82,-109,26
,,20,21,,,724,192,10.441,14.248,19,148.763368,43299,43317,43333,-15,-22,7
,,20,20,,,810,835,18,17.3,40,311.4,43176,43215,43308,-92,9,9
,,20,22,,,341,112,14.612,22,30,321.464,43433,43462,43471,-8,-36,6
,,20,22,,,803,694,16.7,18.4,39,307.28,43176,43214,43307,-92,14,14
,,20,20,,,865,154,19.39,16.07,24,311.5973,43201,43224,43279,-54,2,2
,,20,22,,,568,261,20.1,16,31,321.6,43373,43403,43385,19,-64,6
,,20,20,,,571,271,17.8,16,31,284.8,43358,43388,43385,4,-49,6
,,18,18,,,714,823,17.548,14.578,31,255.814744,43291,43321,43345,-23,-23,7
,,20,20,,,479,652,13.412,19.5,16,261.534,43339,43354,43400,-45,5,5
,,20,22,,,573,104,13.35,13.05,15,174.2175,43345,43359,43375,-15,-14,6
,,20,20,,,387,191,9,11.95,23,107.55,43453,43475,43448,28,-65,6
,,33,21,,,710,834,24,13.72,25,329.28,43562,43586,43338,249,-288,5
,,20,21,,,731,101,11.523,8.65,28,99.67395,43258,43285,43333,-47,5,5
,,18,20,,,748,194,18,8.300000000000001,28,149.4,43272,43299,43324,-24,-17,7
,,20,21,,,508,833,8.709,14.287,15,124.425483,43358,43372,43393,-20,0,0
,,20,22,,,463,125,14.8,19.15,31,283.42,43447,43477,43410,68,-113,6
,,20,22,,,330,110,15,4.932,54,73.98,43471,43524,43486,39,-107,6
,,20,22,,,257,221,18,15.97,11,287.46,43542,43552,43488,65,-128,1
,,18,20,,,329,835,7.416,16.884,19,125.211744,43524,43542,43472,71,-111,6
,,20,22,,,134,261,20.1,16,36,321.6,43516,43551,43542,10,-60,6
,,18,20,,,796,193,15.59,15.978,22,249.09702,43346,43367,43295,73,-133,4
,,20,21,,,567,102,19.76,18.47,38,364.9672,43382,43419,43390,30,-74,0
,,20,20,,,69,823,16.231,14.307,21,232.216917,43597,43617,43568,50,-98,6
,,20,21,,,788,263,16.6,18.79,25,311.914,43291,43315,43301,15,-73,1
,,18,20,,,760,144,17.566,15.678,49,275.399748,43326,43374,43336,39,-114,7
,,20,21,,,323,833,8.709,14.287,16,124.425483,43496,43511,43476,36,-57,0
,,20,22,,,202,631,10.53,15.97,13,168.1641,43557,43569,43500,70,-122,0
,,20,20,,,176,263,16.6,18.79,24,311.914,43521,43544,43517,28,-85,1
,,18,20,,,629,135,13.1,18.5,42,242.35,43348,43389,43377,13,-87,7
,,36,21,,,238,103,29.101,15.68,16,456.30368,44356,44371,43489,883,-929,7
,,36,21,,,259,826,20.5,21,29,430.5,43524,43552,43492,61,-94,3
,,20,21,,,559,154,19.932,15.976,23,318.433632,43391,43413,43380,34,-103,7
,,20,20,,,487,824,15.665,11.094,22,173.78751,43385,43406,43404,3,-27,4
,,20,22,,,719,801,20.814,15.31,33,318.66234,43254,43286,43341,-54,7,7
,,18,20,,,177,263,16.6,18.79,24,311.914,43528,43551,43517,35,-92,1
,,20,21,,,255,273,14.5,18.79,25,272.455,43492,43516,43494,23,-81,1
,,20,22,,,287,823,21.1,15.6,30,329.16,43452,43481,43488,-6,-29,26
,,20,22,,,420,294,20,18.4,45,368,43390,43434,43431,4,-74,7
,,20,21,,,704,163,16.387,11.151,22,182.731437,43275,43296,43337,-40,-7,8
,,20,21,,,696,221,16,15.97,12,255.52,43365,43376,43340,37,-101,1
,,20,20,,,320,153,18.919,15.5,21,293.2445,43449,43469,43476,-6,-40,6
,,18,20,,,738,152,15.186,16.07,22,244.03902,43326,43347,43330,18,-58,7
,,20,20,,,362,125,14.8,19.15,31,283.42,43425,43455,43465,-9,-36,6
,,18,20,,,184,183,8.82,15.798,21,139.33836,43505,43525,43511,15,-74,4
,,20,22,,,338,832,6.767,14.288,16,96.686896,43498,43513,43471,43,-85,5
,,20,20,,,191,182,17,7.3,19,124.1,43559,43577,43509,69,-108,4
,,18,21,,,175,112,21,8.6,21,180.6,43509,43529,43512,18,-46,5
,,18,20,,,384,653,17.9,14.2,26,254.18,43498,43523,43449,75,-101,27
,,20,21,,,328,825,19.167,16.931,19,324.516477,43474,43492,43472,21,-61,6
,,20,22,,,594,112,21,8.6,18,180.6,43346,43363,43361,3,-28,5
,,18,21,,,824,631,10.53,15.97,15,168.1641,43215,43229,43284,-54,0,0
,,20,20,,,489,155,14.7,13.05,22,191.835,43360,43381,43401,-19,-17,6
,,20,20,,,432,621,18.334,19.25,37,352.9295,43434,43470,43424,47,-98,6
,,20,21,,,145,123,16.106,12.2,30,196.4932,43551,43580,43533,48,-101,4
,,22,21,,,799,826,20.5,21,29,430.5,43231,43259,43296,-36,3,3
,,20,22,,,679,272,15.89,20.773,33,330.08297,43340,43372,43356,17,-82,9
,,18,18,,,858,825,17.18,16.97,28,291.5446,43232,43259,43284,-24,-21,4
,,20,20,,,309,825,19.167,16.931,20,324.516477,43469,43488,43475,14,-55,6
,,20,22,,,458,653,11.2,17.72,15,198.464,43416,43430,43402,29,-59,3
,,20,20,,,101,823,16.231,14.307,21,232.216917,43538,43558,43555,4,-33,0
,,18,21,,,306,631,10.53,15.97,13,168.1641,43541,43553,43474,80,-132,0
,,20,22,,,227,272,14.4,17.28,32,248.832,43525,43556,43509,48,-109,0
,,20,20,,,530,622,16.9,20,29,338,43325,43353,43395,-41,-2,6
,,20,22,,,72,112,21,8.6,21,180.6,43564,43584,43561,24,-57,5
,,20,20,,,867,163,16.387,11.151,29,182.731437,43225,43253,43284,-30,-27,7
,,20,20,,,555,632,13.38,17.28,16,231.2064,43365,43380,43379,2,-38,12
,,20,20,,,805,124,16.142,18.85,45,304.2767,43253,43297,43311,-13,-49,13
,,20,22,,,305,631,10.53,15.97,13,168.1641,43492,43504,43474,31,-83,0
,,18,20,,,802,684,17.5,18.4,39,322,43230,43268,43307,-38,-40,14
,,20,22,,,640,271,15.2,18.8,34,285.76,43343,43376,43369,8,-60,7
,,20,22,,,776,271,15.2,18.8,34,285.76,43260,43293,43314,-20,-38,0
,,20,20,,,528,182,12.25,9.199999999999999,37,112.7,43403,43439,43397,43,-94,6
,,18,20,,,630,629,15.6,18.9,32,294.84,43419,43450,43369,82,-132,7
,,20,21,,,469,263,16.6,18.79,25,311.914,43449,43473,43408,66,-124,1
,,33,21,,,445,293,22.5,18.32,31,412.2,43857,43887,43416,472,-524,7
,,20,22,,,302,123,16.106,12.2,23,196.4932,43519,43541,43479,63,-94,1
,,18,20,,,336,694,14.7,20,35,294,43552,43586,43483,104,-153,12
,,18,21,,,77,282,14.7,19.5,35,286.65,43575,43609,43577,33,-68,7
,,18,21,,,521,191,9,11.95,24,107.55,43327,43350,43395,-44,6,6
,,18,20,,,443,282,14.7,19.5,32,286.65,43459,43490,43422,69,-101,7
,,20,22,,,392,632,13.5,20,29,270,43378,43406,43451,-44,1,6
,,20,22,,,146,282,14.7,19.5,33,286.65,43552,43584,43539,46,-109,6
,,20,21,,,410,835,7.416,16.884,25,125.211744,43428,43452,43428,25,-57,0
,,18,20,,,636,144,15.117,16.07,25,242.93019,43367,43391,43361,31,-113,5
,,20,20,,,830,143,14.606,16.186,45,236.412716,43221,43265,43307,-41,-20,8
,,20,21,,,49,123,16.106,12.2,34,196.4932,43507,43540,43584,-43,-14,4
,,20,21,,,488,834,9.215,10.9,22,100.4435,43406,43427,43404,24,-48,4
,,20,20,,,526,123,19.5,18.75,39,365.625,43364,43402,43400,3,-56,6
,,20,21,,,694,332,12.4,19.6,39,243.04,43355,43393,43353,41,-95,1
,,20,20,,,876,171,16.655,9.4,18,156.557,43223,43240,43269,-28,0,0
,,20,21,,,172,273,14.5,18.79,25,272.455,43594,43618,43520,99,-157,1
,,18,20,,,627,231,15.25,8.199999999999999,14,125.05,43333,43346,43359,-12,-16,6
,,18,20,,,114,144,17.566,15.678,36,275.399748,43552,43587,43555,33,-83,8
,,18,21,,,386,643,19.9,14.2,26,282.58,43444,43469,43448,22,-48,27
,,20,21,,,815,283,13.7,18.32,31,250.984,43271,43301,43299,3,-54,7
,,20,20,,,76,643,13.412,17.72,19,237.66064,43534,43552,43564,-11,-26,6
,,20,22,,,352,834,19,16.8,30,319.2,43456,43485,43468,18,-47,6
,,20,20,,,499,193,15.59,15.978,22,249.09702,43343,43364,43397,-32,-4,6
,,20,22,,,433,631,16.117,19.25,37,310.25225,43431,43467,43424,44,-95,6
,,20,22,,,50,102,19.76,18.47,47,364.9672,43563,43609,43594,16,-69,0
,,20,22,,,311,621,8.949999999999999,15.97,14,142.9315,43550,43563,43474,90,-141,0
,,20,22,,,234,122,15.531,12.2,17,189.4782,43497,43513,43490,24,-72,7
,,20,20,,,11,193,15.59,15.978,27,249.09702,43566,43592,43594,-1,-40,6
,,18,21,,,409,825,19.167,16.931,25,324.516477,43428,43452,43428,25,-57,0
,,20,20,,,66,824,15.665,11.094,22,173.78751,43559,43580,43569,12,-61,6
,,20,21,,,451,134,18.74,19.44,33,364.3056,43373,43405,43412,-6,-41,6
,,20,22,,,300,192,13.889,7.3,18,101.3897,43570,43587,43480,108,-146,4
,,20,21,,,39,621,8.949999999999999,15.97,10,142.9315,43547,43556,43569,-12,-22,33
,,20,22,,,633,639,15.6,18.9,32,294.84,43360,43391,43369,23,-73,7
,,20,20,,,548,282,14.7,19.5,30,286.65,43381,43410,43394,17,-77,6
,,20,21,,,697,683,16.6,18.9,24,313.74,43341,43364,43340,25,-89,16
,,20,22,,,596,294,20,18.4,45,368,43353,43397,43379,19,-98,6
,,18,18,,,779,272,14.4,17.28,31,248.832,43260,43290,43314,-23,-37,0
,,36,21,,,529,102,22.89,15.65,47,358.2285,43349,43395,43395,1,-62,6
,,18,20,,,459,263,16.6,18.79,25,311.914,43423,43447,43409,39,-97,1
,,36,21,,,280,111,22.2,13.8,25,306.36,44270,44294,43485,810,-868,7
,,20,20,,,485,633,13.38,18.79,15,251.4102,43419,43433,43398,36,-83,0
,,20,22,,,109,824,15.665,11.094,22,173.78751,43561,43582,43551,32,-56,4
,,20,20,,,771,628,15.6,20,23,312,43214,43236,43306,-69,7,7
,,20,20,,,848,132,18.94,12.2,27,231.068,43241,43267,43289,-21,-37,7
,,20,22,,,13,124,18.618,14.354,37,267.242772,43559,43595,43599,-3,-47,10
,,20,22,,,248,283,13.7,18.32,31,250.984,43443,43473,43499,-25,-26,7
,,20,20,,,316,834,9.215,10.9,19,100.4435,43484,43502,43479,24,-45,4
,,20,21,,,875,161,13.792,9.4,18,129.6448,43223,43240,43269,-28,0,0
,,20,22,,,675,132,18.94,12.2,17,231.068,43374,43390,43343,48,-96,7
,,20,22,,,593,112,21,8.6,18,180.6,43313,43330,43361,-30,5,5
,,18,20,,,195,123,16.106,12.2,25,196.4932,43529,43553,43509,45,-78,1
,,20,20,,,339,621,18.334,19.25,37,352.9295,43432,43468,43480,-11,-40,6
,,18,20,,,518,181,15,11.95,24,179.25,43408,43431,43396,36,-74,6
,,20,21,,,424,293,19.5,18.9,43,368.55,43474,43516,43429,88,-156,7
,,20,20,,,435,292,16.6,19.5,33,323.7,43426,43458,43425,34,-69,6
,,18,21,,,496,822,16.055,14.575,35,234.001625,43359,43393,43409,-15,-55,7
,,18,20,,,271,623,13.38,18.79,15,251.4102,43455,43469,43484,-14,-33,0
,,18,20,,,546,161,11.58,12.405,19,143.6499,43448,43466,43386,81,-114,6
,,20,22,,,730,331,8.6,20.5,32,176.3,43253,43284,43341,-56,10,10
,,20,21,,,773,261,20.1,16,32,321.6,43280,43311,43314,-2,-44,6
,,20,22,,,163,124,18.618,14.354,23,267.242772,43514,43536,43521,16,-82,6
,,18,20,,,228,272,14.4,17.28,32,248.832,43563,43594,43509,86,-147,0
,,22,21,,,249,826,20.5,21,29,430.5,43591,43619,43493,127,-160,3
,,20,21,,,474,652,13.412,19.5,16,261.534,43480,43495,43401,95,-135,5
,,20,22,,,375,672,14.6,20,27,292,43417,43443,43455,-11,-30,6
,,20,20,,,587,183,8.82,15.798,21,139.33836,43316,43336,43368,-31,-28,4
,,20,20,,,41,292,16.6,19.5,36,323.7,43553,43588,43592,-3,-63,6
,,20,21,,,563,124,18.618,14.354,22,267.242772,43451,43472,43377,96,-161,6
,,20,20,,,221,144,17.566,15.678,23,275.399748,43481,43503,43499,5,-74,7
,,20,20,,,841,184,13.9,8.300000000000001,30,115.37,43223,43252,43288,-35,2,2
,,20,21,,,653,102,19.76,18.47,20,364.9672,43318,43337,43348,-10,-27,0
,,18,20,,,278,652,13.412,19.5,16,261.534,43443,43458,43485,-26,-14,5
,,20,20,,,666,261,19.155,12.423,39,237.962565,43280,43318,43363,-44,-26,6
,,18,21,,,154,154,19.932,15.976,24,318.433632,43554,43577,43525,53,-123,7
,,20,21,,,260,836,8,21,29,168,43427,43455,43492,-36,3,3
,,33,21,,,746,103,24,11,38,264,43422,43459,43332,128,-169,6
,,20,22,,,870,173,16.387,11.151,29,182.731437,43191,43219,43283,-63,7,7
,,20,22,,,389,172,18.45,12.45,21,229.7025,43402,43422,43445,-22,-13,6
,,20,22,,,707,133,21.1,18.1,28,381.91,43284,43311,43338,-26,-20,7
,,20,20,,,274,633,13.38,18.79,15,251.4102,43506,43520,43484,37,-84,0
,,18,18,,,578,132,11,9.550000000000001,14,105.05,43343,43356,43374,-17,-11,6
,,18,20,,,427,661,18.6,14.9,29,277.14,43489,43517,43423,95,-138,6
,,20,22,,,609,182,21,7.3,18,153.3,43331,43348,43362,-13,-25,4
,,18,21,,,373,192,16.9,9.199999999999999,41,155.48,43491,43531,43462,70,-125,6
,,18,20,,,139,283,13.7,18.32,34,250.984,43549,43582,43540,43,-107,6
,,20,20,,,333,684,14.7,20,35,294,43511,43545,43484,62,-112,12
,,18,20,,,798,125,9.800000000000001,18.5,34,181.3,43267,43300,43302,-1,-35,1
,,20,20,,,606,278,10.8,20,30,216,43373,43402,43368,35,-83,7
,,20,20,,,10,183,8.82,15.798,27,139.33836,43605,43631,43594,38,-79,6
,,20,20,,,588,193,15.59,15.978,21,249.09702,43337,43357,43368,-10,-49,4
,,20,22,,,656,124,21,18.1,26,380.1,43311,43336,43355,-18,-61,7
,,20,20,,,51,632,13.38,17.28,19,231.2064,43577,43595,43573,23,-62,12
,,36,21,,,832,182,23,7.3,17,167.9,43238,43254,43285,-30,-7,4
,,36,21,,,565,134,22.828,14.354,22,327.673112,43396,43417,43377,41,-106,6
,,33,21,,,164,134,22.828,14.354,23,327.673112,44247,44269,43521,749,-815,6
,,36,21,,,165,134,22.828,14.354,23,327.673112,44556,44578,43521,1058,-1124,6
,,22,21,,,480,826,20.852,21.691,54,452.300732,43315,43368,43423,-54,-35,7
,,36,21,,,196,133,24.07,12.2,25,293.654,43605,43629,43509,121,-154,1
,,33,21,,,398,825,24.4,10.4,33,253.76,43977,44009,43446,564,-606,19
,,36,21,,,467,103,34.122,13.75,40,469.1775,43741,43780,43412,369,-423,6
,,36,21,,,80,101,30.66,9.4,38,288.204,43660,43697,43570,128,-180,0
,,22,21,,,414,826,20.5,21,31,430.5,43463,43493,43427,67,-104,8
,,33,21,,,83,293,22.5,18.32,36,412.2,44343,44378,43570,809,-866,7
,,36,21,,,54,133,24.07,12.2,34,293.654,43727,43760,43580,181,-234,4
,,36,21,,,288,833,23,15.6,30,358.8,44240,44269,43488,782,-817,26
,,22,21,,,364,194,20.1,21.05,28,423.105,43494,43521,43460,62,-104,6
,,33,21,,,377,102,22.89,15.65,52,358.2285,43925,43976,43458,519,-585,6
,,36,21,,,871,102,26.372,14.65,37,386.3498,43204,43240,43286,-45,1,1
,,36,21,,,180,111,22.2,13.8,24,306.36,44504,44527,43510,1018,-1075,7
,,33,21,,,46,182,25,7.3,21,182.5,44597,44617,43578,1040,-1085,6
,,22,21,,,360,193,20.1,20.9,35,420.09,43522,43556,43469,88,-137,6
,,36,21,,,160,103,29.101,15.68,30,456.30368,43630,43659,43533,127,-161,5
,,36,21,,,794,192,23.8,19.9,42,473.62,43295,43336,43313,24,-99,10
,,33,21,,,716,834,25,13.72,26,343,43536,43561,43337,225,-265,5
,,22,21,,,660,826,20.852,21.691,55,452.300732,43260,43314,43376,-61,1,7
,,33,21,,,34,293,22.5,18.32,39,412.2,44558,44596,43595,1002,-1071,6
,,36,21,,,403,824,24.1,17.41,34,419.581,43437,43470,43439,32,-75,6
,,36,21,,,119,644,22.9,15.1,37,345.79,44609,44645,43550,1096,-1145,27
,,22,21,,,87,826,20.5,21,35,430.5,43672,43706,43564,143,-182,3
,,33,21,,,140,293,22.5,18.32,34,412.2,44270,44303,43540,764,-828,6
,,36,21,,,597,101,30.66,9.4,30,288.204,43595,43624,43370,255,-299,0
,,36,21,,,394,833,24,15.6,30,374.4,43471,43500,43446,55,-90,26
,,36,21,,,324,101,30.66,9.4,30,288.204,44180,44209,43480,730,-800,7
,,33,21,,,585,111,22.2,13.8,25,306.36,43689,43713,43367,347,-405,7
,,36,21,,,57,111,22.2,13.8,29,306.36,43698,43726,43572,155,-193,15
,,36,21,,,406,801,28.614,19.075,58,545.81205,43883,43940,43463,478,-552,2
,,33,21,,,213,101,30.66,9.4,30,288.204,44134,44163,43506,658,-728,7
,,33,21,,,198,801,28.614,19.075,34,545.81205,44164,44197,43515,683,-732,9
,,36,21,,,539,293,22.5,18.32,31,412.2,43678,43708,43395,314,-375,6
,,33,21,,,408,801,28.614,19.075,37,545.81205,43888,43924,43439,486,-538,9
,,36,21,,,658,101,30.66,9.4,31,288.204,43533,43563,43358,206,-277,7
,,36,21,,,357,103,34.122,13.75,43,469.1775,44028,44070,43472,599,-656,6
,,33,21,,,726,133,23.777,18.85,42,448.19645,43494,43535,43349,187,-247,5
,,36,21,,,231,134,22.828,14.354,22,327.673112,44372,44393,43495,899,-964,6
,,33,21,,,36,801,28.614,19.075,39,545.81205,44415,44453,43590,864,-918,9
,,36,21,,,711,103,23.857,9.5,34,226.6415,43406,43439,43343,97,-151,2
,,36,21,,,819,101,30.66,9.4,61,288.204,43177,43237,43323,-85,7,7
,,33,21,,,118,134,22.828,14.354,39,327.673112,44304,44342,43556,787,-839,10
,,36,21,,,561,133,24.07,12.2,28,293.654,43650,43677,43384,294,-341,4
,,33,21,,,676,103,29.101,15.68,16,456.30368,43627,43642,43342,301,-347,7
,,36,21,,,407,801,28.614,19.075,37,545.81205,43846,43882,43440,443,-495,9
,,33,21,,,82,293,22.5,18.32,36,412.2,44379,44414,43570,845,-902,7
,,36,21,,,188,101,30.66,9.4,32,288.204,44472,44503,43515,989,-1035,0
,,33,21,,,761,134,22.828,14.354,48,327.673112,43374,43421,43335,87,-160,6
,,36,21,,,379,133,25.083,18.75,43,470.30625,43941,43983,43461,523,-580,6
,,33,21,,,251,293,22.5,18.32,30,412.2,44088,44117,43497,621,-672,7
,,36,21,,,346,103,29.101,15.68,16,456.30368,44148,44163,43463,701,-747,7
,,33,21,,,787,111,22.2,13.8,40,306.36,43334,43373,43310,64,-127,7
,,36,21,,,699,144,24.366,16.385,38,399.23691,43440,43477,43351,127,-182,9
,,33,21,,,811,293,22.5,18.32,31,412.2,43303,43333,43300,34,-86,7
,,36,21,,,347,103,29.101,15.68,16,456.30368,44164,44179,43463,717,-763,7
,,33,21,,,851,144,24.366,16.385,15,399.23691,43233,43247,43272,-24,2,2
,,36,21,,,353,801,24.3,17,47,413.1,44071,44117,43478,640,-705,1
,,33,21,,,625,133,24.07,12.2,23,293.654,43666,43688,43360,329,-360,1
,,33,21,,,450,293,22.5,18.32,30,412.2,43827,43856,43413,444,-495,7
,,36,21,,,659,101,30.66,9.4,31,288.204,43564,43594,43358,237,-308,7
,,36,21,,,252,293,22.5,18.32,30,412.2,44326,44355,43497,859,-910,7
,,33,21,,,7,801,28.614,19.075,67,545.81205,44618,44684,43636,1049,-1132,2
,,36,21,,,161,111,22.2,13.8,28,306.36,44528,44555,43524,1032,-1069,15
,,33,21,,,279,111,22.2,13.8,25,306.36,44063,44087,43485,603,-661,7
,,36,21,,,199,801,28.614,19.075,34,545.81205,44438,44471,43515,957,-1006,9
,,33,21,,,874,103,24,11,39,264,43192,43230,43281,-50,1,1
,,33,21,,,572,103,29.101,15.68,26,456.30368,43761,43786,43382,405,-435,5
,,36,21,,,728,102,26.372,14.65,35,386.3498,43371,43405,43340,66,-111,5
,,36,21,,,586,111,22.2,13.8,25,306.36,43625,43649,43367,283,-341,7
,,33,21,,,566,111,22.2,13.8,25,306.36,43714,43738,43377,362,-396,15
,,36,21,,,200,801,24.3,20.03,44,486.729,44394,44437,43517,921,-983,1
,,33,21,,,35,801,28.614,19.075,65,545.81205,44454,44518,43616,903,-984,2
,,36,21,,,692,154,24.839,16.385,39,406.987015,43478,43516,43354,163,-219,10
,,33,21,,,181,111,22.2,13.8,24,306.36,44223,44246,43510,737,-794,7
,,33,21,,,843,834,26,13.72,25,356.72,43278,43302,43285,18,-68,5
,,36,21,,,292,825,24.4,10.4,30,253.76,44210,44239,43484,756,-795,19
,,36,21,,,265,644,22.9,15.1,31,345.79,44295,44325,43496,830,-873,27
,,33,21,,,197,133,24.07,12.2,25,293.654,44198,44222,43509,714,-747,1
,,36,21,,,762,801,28.614,19.075,34,545.81205,43337,43370,43318,53,-102,9
,,33,21,,,37,801,28.614,19.075,39,545.81205,44519,44557,43590,968,-1022,9
,,36,21,,,792,154,24.839,16.385,40,406.987015,43255,43294,43310,-15,-45,24
,,33,21,,,237,103,29.101,15.68,16,456.30368,44118,44133,43489,645,-691,7
,,36,21,,,53,103,29.101,15.68,32,456.30368,44646,44677,43583,1095,-1131,5
