col_1,col_2,33,21,col_5,col_6,625,133,24.07,12.2,23,293.654,43306,43329,43360,-31,0,1
,,18,20,,,253,263,16.6,18.79,25,311.914,43411,43436,43494,-58,0,1
,,36,21,,,539,293,22.5,18.32,31,412.2,43303,43334,43395,-61,0,6
,,18,20,,,479,652,13.412,19.5,16,261.534,43344,43360,43400,-40,0,5
,,18,20,,,485,633,13.38,18.79,15,251.4102,43336,43351,43398,-47,0,0
,,18,20,,,352,834,19,16.8,30,319.2,43409,43439,43468,-29,0,6
,,18,18,,,670,835,17,17.3,40,294.1,43270,43310,43365,-55,0,7
,,18,21,,,680,262,11.65,20.773,33,242.00545,43259,43292,43356,-64,0,10
,,18,20,,,210,153,18.919,15.5,21,293.2445,43435,43456,43502,-46,0,6
,,20,20,,,718,192,10.441,14.248,19,148.763368,43278,43297,43334,-37,0,7
,,33,21,,,699,144,24.366,16.385,38,399.23691,43330,43368,43351,17,-72,9
,,18,20,,,618,268,10.8,20,30,216,43289,43319,43367,-48,0,7
,,18,20,,,478,642,13.412,19.5,16,261.534,43344,43360,43400,-40,0,5
,,18,21,,,130,153,18.919,15.5,37,293.2445,43463,43500,43549,-49,0,7
,,20,20,,,646,153,18.919,15.5,21,293.2445,43290,43311,43357,-46,0,6
,,18,21,,,857,112,21,5.15,26,108.15,43201,43227,43266,-39,0,0
,,20,20,,,245,282,14.7,19.5,30,286.65,43441,43471,43501,-30,0,7
,,20,22,,,708,133,21.1,18.1,28,381.91,43264,43292,43338,-46,0,7
,,20,20,,,461,124,15.49,19.15,33,296.6335,43331,43364,43411,-47,0,6
,,20,20,,,193,192,13.889,7.3,19,101.3897,43451,43470,43509,-39,0,4
,,20,20,,,306,631,10.53,15.97,13,168.1641,43409,43422,43474,-52,0,0
,,20,20,,,825,621,8.949999999999999,15.97,15,142.9315,43217,43232,43284,-52,0,0
,,20,20,,,177,263,16.6,18.79,24,311.914,43436,43460,43517,-57,0,1
,,20,20,,,793,182,7.9,19.9,42,157.21,43196,43238,43313,-75,0,10
,,20,20,,,284,193,15.59,15.978,21,249.09702,43406,43427,43486,-59,0,4
,,20,20,,,111,834,9.215,10.9,22,100.4435,43505,43527,43551,-24,0,4
,,20,20,,,300,192,13.889,7.3,18,101.3897,43424,43442,43480,-38,0,4
,,20,21,,,634,124,21,18.1,26,380.1,43292,43318,43362,-44,0,7
,,20,21,,,356,134,18.74,19.44,33,364.3056,43388,43421,43468,-47,0,6
,,20,21,,,812,803,15.5,21,30,325.5,43216,43246,43293,-47,0,1
,,20,20,,,21,653,11.2,17.72,17,198.464,43526,43543,43581,-38,0,6
,,20,20,,,26,822,16.086,14.292,21,229.901112,43514,43535,43583,-48,0,6
,,20,21,,,273,633,13.38,18.79,15,251.4102,43422,43437,43484,-47,0,0
,,36,21,,,238,103,29.101,15.68,16,456.30368,43427,43443,43489,-46,0,7
,,20,21,,,518,181,15,11.95,24,179.25,43334,43358,43396,-38,0,6
,,20,21,,,328,825,19.167,16.931,19,324.516477,43413,43432,43472,-40,0,6
,,20,21,,,40,282,14.7,19.5,36,286.65,43490,43526,43592,-66,0,6
,,20,21,,,248,283,13.7,18.32,31,250.984,43417,43448,43499,-51,0,7
,,20,22,,,170,684,14.7,20,37,294,43441,43478,43530,-52,0,12
,,20,22,,,422,231,15.25,8.199999999999999,17,125.05,43371,43388,43419,-31,0,6
,,20,22,,,621,621,8.949999999999999,15.97,14,142.9315,43292,43306,43357,-51,0,0
,,20,22,,,449,803,15.5,19,29,294.5,43332,43361,43407,-46,0,1
,,33,21,,,711,103,23.857,9.5,34,226.6415,43369,43403,43343,60,-114,2
,,20,22,,,155,154,19.932,15.976,24,318.433632,43431,43455,43525,-70,0,7
,,20,20,,,30,833,8.709,14.287,21,124.425483,43514,43535,43583,-48,0,6
,,20,22,,,522,623,13.6,19.8,34,269.28,43317,43351,43399,-48,0,6
,,22,21,,,360,193,20.1,20.9,35,420.09,43385,43420,43469,-49,0,6
,,20,22,,,418,283,18.4,18.9,44,347.76,43320,43364,43433,-69,0,7
,,20,20,,,457,643,13.412,17.72,15,237.66064,43357,43372,43402,-30,0,3
,,20,22,,,481,836,6.45,21.691,54,139.90695,43280,43334,43423,-89,0,7
,,20,22,,,606,278,10.8,20,30,216,43290,43320,43368,-48,0,7
,,20,22,,,373,192,16.9,9.199999999999999,41,155.48,43366,43407,43462,-55,0,6
,,20,20,,,68,822,16.086,14.292,21,229.901112,43499,43520,43568,-48,0,6
,,20,20,,,62,653,11.2,17.72,19,198.464,43508,43527,43567,-40,0,6
,,20,22,,,135,271,17.8,16,36,284.8,43456,43492,43542,-50,0,6
,,20,22,,,145,123,16.106,12.2,30,196.4932,43450,43480,43533,-53,0,4
,,18,21,,,491,824,15.665,11.094,22,173.78751,43357,43379,43403,-24,0,4
,,20,20,,,737,142,8.276,16.07,22,132.99532,43268,43290,43330,-40,0,7
,,20,20,,,791,832,6.662,14.583,36,97.151946,43239,43275,43309,-34,-9,0
,,20,21,,,482,261,20.1,16,31,321.6,43324,43355,43409,-54,0,6
,,20,20,,,453,135,18.6,19.35,30,359.91,43336,43366,43410,-44,0,6
,,20,20,,,530,622,16.9,20,29,338,43323,43352,43395,-43,0,6
,,18,21,,,557,144,17.566,15.678,23,275.399748,43293,43316,43380,-64,-5,7
,,20,21,,,55,825,19.167,16.931,27,324.516477,43513,43540,43574,-34,0,0
,,20,21,,,106,261,20.1,16,37,321.6,43464,43501,43561,-60,0,6
,,33,21,,,659,101,30.66,9.4,31,288.204,43404,43435,43358,77,-148,7
,,20,22,,,558,144,17.566,15.678,23,275.399748,43293,43316,43380,-64,-5,7
,,20,20,,,864,144,15.117,16.07,24,242.93019,43298,43322,43279,43,-95,2
,,20,22,,,471,262,14.6,17.28,31,252.288,43337,43368,43414,-46,0,6
,,20,21,,,22,143,13.809,15.686,39,216.607974,43508,43547,43598,-51,0,7
,,20,21,,,250,836,8,21,29,168,43431,43460,43493,-33,0,3
,,18,18,,,486,145,10.1,13.065,20,131.9565,43346,43366,43400,-34,0,6
,,36,21,,,394,833,24,15.6,30,374.4,43381,43411,43446,-35,0,26
,,20,20,,,101,823,16.231,14.307,21,232.216917,43505,43526,43555,-29,0,0
,,18,21,,,599,824,14.342,13.72,26,196.77224,43317,43343,43367,-24,-20,7
,,20,22,,,365,184,9.804,21.05,26,206.3742,43392,43418,43458,-40,0,6
,,20,21,,,312,621,8.949999999999999,15.97,14,142.9315,43409,43423,43474,-51,0,0
,,36,21,,,439,826,20.5,21,33,430.5,43412,43445,43417,28,-65,3
,,18,20,,,496,822,16.055,14.575,35,234.001625,43320,43355,43409,-54,-16,7
,,20,22,,,879,101,11.523,8.65,29,99.67395,43321,43350,43270,80,-117,1
,,20,20,,,760,144,17.566,15.678,49,275.399748,43323,43372,43336,36,-111,7
,,20,22,,,494,835,16,17.3,39,276.8,43335,43374,43414,-40,-34,7
,,33,21,,,140,293,22.5,18.32,34,412.2,43442,43476,43540,-64,0,6
,,20,22,,,385,855,14,12.6,31,176.4,43386,43417,43448,-31,0,21
,,18,21,,,104,652,13.412,19.5,20,261.534,43486,43506,43550,-44,0,5
,,20,22,,,435,292,16.6,19.5,33,323.7,43357,43390,43425,-35,0,6
,,18,20,,,266,654,19.2,15.1,31,289.92,43422,43453,43496,-43,0,27
,,20,22,,,559,154,19.932,15.976,23,318.433632,43352,43375,43380,-5,-64,7
,,20,21,,,568,261,20.1,16,31,321.6,43356,43387,43385,2,-47,6
,,36,21,,,403,824,24.1,17.41,34,419.581,43444,43478,43439,39,-82,6
,,20,22,,,736,101,11.523,8.65,28,99.67395,43243,43271,43331,-60,0,5
,,20,20,,,534,824,17.596,14.575,34,256.4617,43353,43387,43398,-11,-58,7
,,33,21,,,586,111,22.2,13.8,25,306.36,43477,43502,43367,135,-193,7
,,36,21,,,14,134,22.828,14.354,37,327.673112,43512,43549,43599,-50,0,10
,,18,20,,,204,621,8.949999999999999,15.97,14,142.9315,43435,43449,43500,-51,0,0
,,20,21,,,654,183,7.507,14.276,19,107.169932,43359,43378,43353,25,-58,5
,,18,20,,,209,153,18.919,15.5,21,293.2445,43435,43456,43502,-46,0,6
,,20,22,,,58,221,16,15.97,25,255.52,43508,43533,43580,-47,0,22
,,18,20,,,751,171,16.655,9.4,17,156.557,43361,43378,43318,60,-95,7
,,36,21,,,379,133,25.083,18.75,43,470.30625,43479,43522,43461,61,-118,6
,,20,22,,,120,654,19.2,15.1,37,289.92,43464,43501,43550,-49,0,27
,,20,20,,,158,632,13.38,17.28,19,231.2064,43466,43485,43524,-39,0,12
,,20,22,,,876,171,16.655,9.4,18,156.557,43365,43383,43269,114,-142,0
,,33,21,,,445,293,22.5,18.32,31,412.2,43503,43534,43416,118,-170,7
,,20,20,,,493,825,18.455,17.3,39,319.2715,43367,43406,43414,-8,-66,7
,,18,18,,,429,823,16.231,14.307,18,232.216917,43367,43385,43417,-32,-13,6
,,20,22,,,344,132,18.94,12.2,16,231.068,43400,43416,43463,-47,0,7
,,20,20,,,184,183,8.82,15.798,21,139.33836,43431,43452,43511,-59,0,4
,,20,22,,,701,153,19.167,16.07,26,308.01369,43375,43401,43340,61,-116,5
,,20,22,,,863,622,13.38,17.28,15,231.2064,43376,43391,43276,115,-169,5
,,18,20,,,463,125,14.8,19.15,31,283.42,43379,43410,43410,0,-45,6
,,20,21,,,749,161,13.792,9.4,17,129.6448,43379,43396,43318,78,-113,7
,,20,20,,,79,803,15.5,13,35,201.5,43493,43528,43567,-39,0,1
,,36,21,,,726,133,23.777,18.85,42,448.19645,43523,43565,43349,216,-276,5
,,18,21,,,739,822,12.6,10.3,22,129.78,43380,43402,43330,72,-112,7
,,20,22,,,507,153,18.861,13.05,25,246.13605,43384,43409,43397,12,-51,6
,,20,20,,,391,622,16.9,20,29,338,43388,43417,43451,-34,-9,6
,,20,21,,,451,134,18.74,19.44,33,364.3056,43388,43421,43412,9,-56,6
,,36,21,,,727,102,26.372,14.65,35,386.3498,43550,43585,43340,245,-290,5
,,20,22,,,211,102,19.76,18.47,19,364.9672,43441,43460,43496,-36,0,0
,,18,18,,,790,822,16.055,14.575,36,234.001625,43386,43422,43309,113,-156,0
,,20,22,,,767,278,10.8,20,28,216,43391,43419,43313,106,-168,0
,,20,22,,,98,653,11.2,17.72,19,198.464,43500,43519,43553,-34,0,3
,,20,21,,,420,294,20,18.4,45,368,43397,43442,43431,11,-81,7
,,20,22,,,343,122,15.531,12.2,16,189.4782,43402,43418,43463,-45,-2,7
,,36,21,,,871,102,26.372,14.65,37,386.3498,43566,43603,43286,317,-361,1
,,18,21,,,468,154,19.932,15.976,39,318.433632,43403,43442,43419,23,-76,8
,,20,20,,,96,643,13.412,17.72,19,237.66064,43500,43519,43553,-34,0,3
,,20,22,,,464,643,13.412,17.72,16,237.66064,43408,43424,43402,22,-53,3
,,20,22,,,227,272,14.4,17.28,32,248.832,43416,43448,43509,-61,0,0
,,18,20,,,13,124,18.618,14.354,37,267.242772,43512,43549,43599,-50,0,10
,,20,22,,,397,171,21.526,7.65,18,164.6739,43417,43435,43442,-7,-25,6
,,33,21,,,561,133,24.07,12.2,28,293.654,43535,43563,43384,179,-226,4
,,20,20,,,194,123,16.106,12.2,25,196.4932,43451,43476,43509,-33,0,1
,,20,22,,,526,123,19.5,18.75,39,365.625,43419,43458,43400,58,-111,6
,,20,22,,,766,268,10.8,20,29,216,43419,43448,43314,134,-197,0
,,20,22,,,583,112,21,8.6,18,180.6,43418,43436,43368,68,-98,5
,,20,22,,,653,102,19.76,18.47,20,364.9672,43420,43440,43348,92,-129,0
,,33,21,,,119,644,22.9,15.1,37,345.79,43564,43601,43550,51,-100,27
,,22,21,,,590,183,8.82,15.798,21,139.33836,43421,43442,43367,75,-134,4
,,20,21,,,552,633,13.38,18.79,15,251.4102,43422,43437,43381,56,-90,3
,,20,21,,,644,143,13.809,15.686,21,216.607974,43422,43443,43357,86,-132,6
,,18,18,,,598,824,14.342,13.72,26,196.77224,43423,43449,43368,81,-125,7
,,20,20,,,143,182,15,7.3,21,109.5,43465,43486,43531,-45,0,6
,,20,21,,,717,182,17,14.248,19,242.216,43424,43443,43334,109,-146,7
,,20,22,,,125,822,16.086,14.292,20,229.901112,43473,43493,43539,-46,0,5
,,20,20,,,633,639,15.6,18.9,32,294.84,43428,43460,43369,91,-141,7
,,20,21,,,220,271,17.8,16,32,284.8,43433,43465,43509,-44,-2,6
,,20,22,,,706,123,20.9,18.1,28,378.29,43436,43464,43338,126,-172,7
,,18,20,,,371,144,10.5,13.05,19,137.025,43437,43456,43451,5,-38,6
,,20,21,,,867,163,16.387,11.151,29,182.731437,43438,43467,43284,183,-240,7
,,20,21,,,224,154,19.932,15.976,23,318.433632,43438,43461,43499,-38,-31,7
,,18,20,,,641,622,13.38,17.28,13,231.2064,43440,43453,43354,99,-156,5
,,20,22,,,256,273,14.5,18.79,25,272.455,43441,43466,43494,-28,-30,1
,,18,21,,,402,101,11.577,13.021,49,150.744117,43443,43492,43453,39,-102,6
,,33,21,,,35,801,28.614,19.075,65,545.81205,43602,43667,43616,51,-132,2
,,20,20,,,764,639,15.6,18.9,32,294.84,43443,43475,43319,156,-200,11
,,20,21,,,719,801,20.814,15.31,33,318.66234,43443,43476,43341,135,-182,7
,,22,21,,,841,184,13.9,8.300000000000001,30,115.37,43443,43473,43288,185,-218,2
,,20,21,,,183,623,13.38,18.79,16,251.4102,43446,43462,43510,-48,0,0
,,20,21,,,139,283,13.7,18.32,34,250.984,43444,43478,43540,-62,-2,6
,,20,21,,,648,628,15.6,20,23,312,43449,43472,43359,113,-154,7
,,36,21,,,53,103,29.101,15.68,32,456.30368,43604,43636,43583,53,-89,5
,,20,22,,,655,193,14.445,14.246,19,205.78347,43437,43456,43353,103,-136,5
,,20,22,,,314,102,19.76,18.47,20,364.9672,43449,43469,43472,-3,-34,0
,,20,22,,,51,632,13.38,17.28,19,231.2064,43515,43534,43573,-39,0,12
,,36,21,,,677,103,29.101,15.68,16,456.30368,43637,43653,43342,311,-357,7
,,18,18,,,556,622,13.38,17.28,15,231.2064,43450,43465,43378,87,-121,12
,,20,20,,,169,221,17,15.97,24,271.49,43460,43484,43530,-46,0,22
,,20,22,,,687,801,20.814,15.31,33,318.66234,43456,43489,43351,138,-199,2
,,36,21,,,357,103,34.122,13.75,43,469.1775,43654,43697,43472,225,-282,6
,,33,21,,,658,101,30.66,9.4,31,288.204,43668,43699,43358,341,-412,7
,,18,20,,,837,823,16.231,14.307,18,232.216917,43450,43468,43286,182,-208,0
,,18,20,,,270,803,15.5,17,29,263.5,43454,43483,43488,-5,-41,1
,,20,22,,,89,836,8,21,35,168,43490,43525,43564,-39,0,3
,,18,20,,,60,132,18.94,12.2,31,231.068,43498,43529,43577,-48,0,-1
,,18,20,,,752,171,16.655,9.4,17,156.557,43457,43474,43318,156,-191,7
,,20,21,,,133,261,20.1,16,36,321.6,43461,43497,43542,-45,-5,6
,,18,20,,,803,694,16.7,18.4,39,307.28,43457,43496,43307,189,-267,14
,,20,20,,,781,142,16.252,5.15,30,83.6978,43461,43491,43316,175,-210,5
,,18,20,,,8,825,19.167,16.931,27,324.516477,43533,43560,43594,-34,0,0
,,20,22,,,779,272,14.4,17.28,31,248.832,43459,43490,43314,176,-236,0
,,22,21,,,660,826,20.852,21.691,55,452.300732,43474,43529,43376,153,-213,7
,,20,20,,,162,124,18.618,14.354,23,267.242772,43461,43484,43521,-37,-29,6
,,36,21,,,280,111,22.2,13.8,25,306.36,43698,43723,43485,238,-296,7
,,20,22,,,563,124,18.618,14.354,22,267.242772,43461,43483,43377,106,-171,6
,,20,22,,,853,835,7.416,16.884,22,125.211744,43465,43487,43280,207,-250,6
,,33,21,,,624,133,24.07,12.2,23,293.654,43700,43723,43360,363,-394,1
,,20,21,,,569,261,20.1,16,31,321.6,43462,43493,43385,108,-153,6
,,20,21,,,516,124,18.618,14.354,32,267.242772,43463,43495,43402,93,-138,10
,,18,18,,,367,154,14.94,13.05,20,194.967,43466,43486,43455,31,-65,6
,,20,21,,,404,122,17,9.550000000000001,14,162.35,43466,43480,43431,49,-77,6
,,20,22,,,829,693,16.6,18.9,25,313.74,43467,43492,43288,204,-264,17
,,20,21,,,430,832,6.767,14.288,18,96.686896,43468,43486,43417,69,-114,6
,,33,21,,,324,101,30.66,9.4,30,288.204,43724,43754,43480,274,-344,7
,,18,20,,,750,161,13.792,9.4,17,129.6448,43469,43486,43318,168,-203,7
,,36,21,,,118,134,22.828,14.354,39,327.673112,43724,43763,43556,207,-259,10
,,20,22,,,76,643,13.412,17.72,19,237.66064,43508,43527,43564,-37,0,6
,,20,20,,,423,110,16,4.932,51,78.91200000000001,43471,43522,43425,97,-162,6
,,20,20,,,147,292,16.6,19.5,33,323.7,43472,43505,43539,-34,-29,6
,,20,21,,,206,632,13.38,17.28,14,231.2064,43473,43487,43499,-12,-48,4
,,20,22,,,661,836,6.45,21.691,55,139.90695,43479,43534,43376,158,-218,7
,,18,20,,,605,268,10.8,20,30,216,43475,43505,43368,137,-185,7
,,20,20,,,66,824,15.665,11.094,22,173.78751,43498,43520,43569,-49,0,6
,,20,20,,,686,162,18.5,15.5,32,286.75,43477,43509,43349,160,-217,8
,,20,21,,,31,642,13.412,19.5,17,261.534,43526,43543,43578,-35,0,6
,,33,21,,,377,102,22.89,15.65,52,358.2285,43755,43807,43458,349,-415,6
,,20,21,,,182,623,13.38,18.79,16,251.4102,43477,43493,43510,-17,-31,0
,,20,21,,,207,143,13.809,15.686,21,216.607974,43481,43502,43502,0,-46,6
,,20,22,,,817,652,13.412,19.5,16,261.534,43481,43497,43288,209,-249,5
,,20,20,,,115,183,8.82,15.798,27,139.33836,43485,43512,43547,-35,-6,6
,,22,21,,,799,826,20.5,21,29,430.5,43530,43559,43296,263,-296,3
,,20,21,,,448,183,9.9,20.9,33,206.91,43487,43520,43414,106,-153,6
,,18,20,,,203,621,8.949999999999999,15.97,14,142.9315,43484,43498,43500,-2,-49,0
,,20,22,,,472,272,14.4,17.28,31,248.832,43484,43515,43414,101,-147,6
,,20,20,,,426,834,9.215,10.9,19,100.4435,43485,43504,43418,86,-132,6
,,36,21,,,676,103,29.101,15.68,16,456.30368,43764,43780,43342,438,-484,7
,,20,20,,,295,822,19.175,15.4,24,295.295,43487,43511,43482,29,-59,25
,,20,20,,,735,832,13,10.3,22,133.9,43486,43508,43332,176,-216,7
,,18,18,,,689,231,14.308,15.97,14,228.49876,43487,43501,43342,159,-219,4
,,20,22,,,90,803,15.5,14,35,217,43488,43523,43560,-37,-15,1
,,22,21,,,440,826,20.5,21,33,430.5,43560,43593,43417,176,-213,3
,,20,22,,,124,835,7.416,16.884,23,125.211744,43490,43513,43536,-23,-21,6
,,36,21,,,34,293,22.5,18.32,39,412.2,43781,43820,43595,225,-294,6
,,20,21,,,432,621,18.334,19.25,37,352.9295,43488,43525,43424,101,-152,6
,,18,20,,,816,642,13.412,19.5,16,261.534,43487,43503,43288,215,-255,5
,,20,22,,,434,803,15.5,18,32,279,43491,43523,43418,105,-141,1
,,20,20,,,619,278,10.8,20,30,216,43492,43522,43367,155,-203,7
,,20,22,,,745,104,18.3,18.2,21,333.06,43493,43514,43327,187,-233,2
,,20,22,,,757,284,20,18.4,72,368,43493,43565,43353,212,-331,7
,,18,21,,,602,269,10.5,18.9,29,198.45,43493,43522,43370,152,-199,7
,,20,21,,,510,693,16.6,18.9,24,313.74,43494,43518,43395,123,-172,7
,,36,21,,,80,101,30.66,9.4,38,288.204,43586,43624,43570,54,-106,0
,,20,21,,,298,182,19,7.3,18,138.7,43494,43512,43480,32,-70,4
,,20,22,,,455,184,9.804,21.05,27,206.3742,43494,43521,43407,114,-155,6
,,20,21,,,697,683,16.6,18.9,24,313.74,43496,43520,43340,180,-244,16
,,18,20,,,541,263,16.6,18.79,26,311.914,43497,43523,43392,131,-177,6
,,20,22,,,643,154,19.39,16.07,24,311.5973,43498,43522,43359,163,-244,5
,,18,20,,,725,123,16.13,18.505,42,298.48565,43499,43541,43349,192,-252,5
,,18,21,,,688,231,14.308,15.97,14,228.49876,43501,43515,43342,173,-233,4
,,20,22,,,392,632,13.5,20,29,270,43502,43531,43451,80,-123,6
,,22,21,,,414,826,20.5,21,31,430.5,43594,43625,43427,198,-235,8
,,33,21,,,325,101,30.66,9.4,30,288.204,43808,43838,43480,358,-428,7
,,18,18,,,872,822,16.086,14.292,18,229.901112,43502,43520,43274,246,-287,5
,,20,21,,,709,173,16.387,11.151,22,182.731437,43498,43520,43336,184,-231,8
,,20,21,,,724,192,10.441,14.248,19,148.763368,43503,43522,43333,189,-226,7
,,36,21,,,36,801,28.614,19.075,39,545.81205,43821,43860,43590,270,-324,9
,,20,20,,,758,294,20,18.4,71,368,43505,43576,43351,225,-343,7
,,18,20,,,243,231,14.308,15.97,14,228.49876,43504,43518,43491,27,-87,4
,,18,20,,,476,623,13.38,18.79,15,251.4102,43506,43521,43399,122,-169,0
,,20,20,,,382,683,17.8,14.8,32,263.44,43506,43538,43452,86,-113,26
,,18,21,,,649,638,15.6,20,23,312,43507,43530,43359,171,-212,7
,,20,21,,,729,321,14.8,20.5,32,303.4,43513,43545,43341,204,-250,10
,,33,21,,,199,801,28.614,19.075,34,545.81205,43839,43873,43515,358,-407,9
,,20,22,,,547,171,21.526,7.65,19,164.6739,43514,43533,43386,147,-180,6
,,20,20,,,70,832,6.767,14.288,21,96.686896,43509,43530,43568,-38,-10,6
,,20,20,,,508,833,8.709,14.287,15,124.425483,43510,43525,43393,132,-152,0
,,20,20,,,437,292,16.6,19.5,34,323.7,43512,43546,43425,121,-157,6
,,36,21,,,86,826,20.5,21,35,430.5,43625,43660,43564,96,-135,3
,,20,20,,,722,835,5.59,17.008,27,95.07472,43513,43540,43336,204,-245,5
,,20,22,,,540,621,8.949999999999999,15.97,10,142.9315,43515,43525,43378,147,-181,33
,,18,21,,,830,143,14.606,16.186,45,236.412716,43516,43561,43307,254,-315,8
,,36,21,,,843,834,26,13.72,25,356.72,43861,43886,43285,601,-651,5
,,20,22,,,505,672,14.6,20,27,292,43516,43543,43400,143,-184,6
,,18,20,,,99,154,19.932,15.976,45,318.433632,43519,43564,43573,-9,-50,8
,,36,21,,,565,134,22.828,14.354,22,327.673112,43661,43683,43377,306,-371,6
,,20,21,,,43,623,13.38,18.79,19,251.4102,43520,43539,43577,-38,0,3
,,33,21,,,438,111,11.85,25,40,296.25,43874,43914,43412,502,-556,6
,,20,21,,,776,271,15.2,18.8,34,285.76,43519,43553,43314,239,-297,0
,,20,20,,,447,283,13.7,18.32,31,250.984,43520,43551,43415,136,-187,7
,,20,22,,,733,835,5.59,17.008,26,95.07472,43520,43546,43332,214,-254,5
,,18,18,,,12,144,17.566,15.678,36,275.399748,43521,43557,43600,-43,-7,8
,,20,21,,,847,272,15.89,20.773,35,330.08297,43521,43556,43295,261,-335,2
,,20,20,,,497,832,6.662,14.583,35,97.151946,43521,43556,43409,147,-217,7
,,20,20,,,691,153,19.167,16.07,26,308.01369,43521,43547,43343,204,-244,5
,,20,21,,,592,231,14.308,15.97,21,228.49876,43521,43542,43374,168,-211,14
,,18,20,,,636,144,15.117,16.07,25,242.93019,43522,43547,43361,186,-268,5
,,20,21,,,56,835,7.416,16.884,27,125.211744,43521,43548,43574,-26,-8,0
,,36,21,,,851,144,24.366,16.385,15,399.23691,43887,43902,43272,630,-652,2
,,20,22,,,780,135,13.1,18.5,43,242.35,43522,43565,43321,244,-290,1
,,18,21,,,444,282,14.7,19.5,32,286.65,43523,43555,43421,134,-166,7
,,20,20,,,555,632,13.38,17.28,16,231.2064,43523,43539,43379,160,-196,12
,,20,20,,,740,832,14,10.3,22,144.2,43523,43545,43330,215,-255,7
,,20,21,,,462,283,13.7,18.32,30,250.984,43523,43553,43412,141,-191,7
,,20,22,,,117,124,18.618,14.354,39,267.242772,43523,43562,43556,6,-58,10
,,36,21,,,292,825,24.4,10.4,30,253.76,43903,43933,43484,449,-488,19
,,18,20,,,350,231,14.308,15.97,14,228.49876,43524,43538,43466,72,-132,4
,,20,22,,,336,694,14.7,20,35,294,43524,43559,43483,76,-125,12
,,20,22,,,276,642,13.412,19.5,16,261.534,43524,43540,43485,55,-95,5
,,20,20,,,571,271,17.8,16,31,284.8,43526,43557,43385,172,-217,6
,,20,21,,,321,824,15.665,11.094,19,173.78751,43526,43545,43478,67,-88,4
,,20,22,,,396,161,11.58,12.405,18,143.6499,43526,43544,43442,102,-134,6
,,20,20,,,744,152,15.186,16.07,22,244.03902,43527,43549,43328,221,-261,7
,,20,21,,,570,271,17.8,16,31,284.8,43527,43558,43385,173,-218,6
,,20,20,,,612,192,13.889,7.3,18,101.3897,43528,43546,43362,184,-222,4
,,20,22,,,635,134,21,18.1,26,380.1,43528,43554,43362,192,-236,7
,,33,21,,,288,833,23,15.6,30,358.8,43915,43945,43488,457,-492,26
,,22,21,,,87,826,20.5,21,35,430.5,43626,43661,43564,97,-136,3
,,18,20,,,614,154,19.39,16.07,25,311.5973,43530,43555,43363,192,-273,5
,,18,21,,,159,622,13.38,17.28,17,231.2064,43531,43548,43522,26,-62,12
,,20,20,,,401,104,13.35,13.05,15,174.2175,43531,43546,43432,114,-143,6
,,20,22,,,596,294,20,18.4,45,368,43532,43577,43379,198,-277,6
,,20,22,,,308,632,13.38,17.28,14,231.2064,43534,43548,43474,74,-134,4
,,20,22,,,800,836,8,21,29,168,43535,43564,43296,268,-301,3
,,20,22,,,645,143,13.809,15.686,21,216.607974,43535,43556,43357,199,-245,6
,,36,21,,,351,111,11.85,24,44,284.4,43934,43978,43471,507,-565,6
,,18,20,,,620,621,8.949999999999999,15.97,14,142.9315,43539,43553,43357,196,-247,0
,,33,21,,,710,834,24,13.72,25,329.28,43946,43971,43338,633,-672,5
,,20,20,,,639,271,15.2,18.8,34,285.76,43539,43573,43369,204,-256,7
,,20,22,,,609,182,21,7.3,18,153.3,43541,43559,43362,197,-235,4
,,20,20,,,765,124,18.618,14.354,47,267.242772,43540,43587,43333,254,-326,6
,,20,20,,,698,693,16.6,18.9,24,313.74,43541,43565,43340,225,-289,16
,,18,20,,,545,273,14.5,18.79,26,272.455,43542,43568,43391,177,-222,6
,,20,21,,,536,143,13.809,15.686,31,216.607974,43543,43574,43396,178,-221,7
,,36,21,,,529,102,22.89,15.65,47,358.2285,43684,43731,43395,336,-397,6
,,20,21,,,417,643,13.412,17.72,19,237.66064,43544,43563,43422,141,-178,6
,,20,22,,,755,269,10.5,18.9,29,198.45,43544,43573,43323,250,-303,3
,,33,21,,,180,111,22.2,13.8,24,306.36,43972,43996,43510,486,-543,7
,,20,22,,,546,161,11.58,12.405,19,143.6499,43545,43564,43386,178,-211,6
,,20,20,,,113,833,8.709,14.287,17,124.425483,43546,43563,43544,19,-41,0
,,20,21,,,798,125,9.800000000000001,18.5,34,181.3,43546,43580,43302,278,-314,1
,,20,21,,,190,182,16,7.3,19,116.8,43546,43565,43509,56,-95,4
,,20,20,,,498,183,8.82,15.798,22,139.33836,43547,43569,43397,172,-208,6
,,20,20,,,662,183,7.507,14.276,20,107.169932,43547,43567,43353,214,-248,5
,,20,20,,,846,192,10.441,14.248,18,148.763368,43547,43565,43282,283,-316,2
,,20,22,,,175,112,21,8.6,21,180.6,43547,43568,43512,56,-84,5
,,18,20,,,107,271,17.8,16,37,284.8,43548,43585,43561,24,-84,6
,,18,21,,,242,282,14.7,19.5,30,286.65,43549,43579,43502,77,-107,7
,,20,22,,,241,835,13.5,10.4,32,140.4,43526,43558,43496,62,-103,19
,,20,22,,,747,184,13.9,8.300000000000001,28,115.37,43549,43577,43324,253,-294,7
,,18,20,,,317,143,13.809,15.686,21,216.607974,43550,43571,43476,95,-141,6
,,20,20,,,329,835,7.416,16.884,19,125.211744,43550,43569,43472,97,-137,6
,,20,20,,,44,633,13.38,18.79,19,251.4102,43552,43571,43577,-6,-32,3
,,18,20,,,860,833,8.709,14.287,16,124.425483,43554,43570,43279,291,-312,0
,,20,20,,,94,272,14.4,17.28,39,248.832,43528,43567,43572,-5,-49,6
,,36,21,,,794,192,23.8,19.9,42,473.62,43979,44021,43313,708,-783,10
,,20,21,,,339,621,18.334,19.25,37,352.9295,43554,43591,43480,111,-162,6
,,20,21,,,258,221,19,15.97,11,303.43,43554,43565,43488,77,-140,1
,,20,22,,,334,822,16.086,14.292,16,229.901112,43555,43571,43472,99,-141,5
,,33,21,,,353,801,24.3,17,47,413.1,43997,44044,43478,566,-631,1
,,18,20,,,616,632,13.38,17.28,14,231.2064,43556,43570,43357,213,-273,4
,,22,21,,,822,826,20.852,21.691,53,452.300732,43662,43715,43308,407,-485,1
,,18,21,,,246,683,17.8,14.8,34,263.44,43556,43590,43498,92,-121,26
,,20,20,,,807,643,13.412,17.72,16,237.66064,43557,43573,43290,283,-314,3
,,20,21,,,163,124,18.618,14.354,23,267.242772,43557,43580,43521,59,-125,6
,,20,22,,,668,112,20,5.15,41,103,43557,43598,43349,249,-300,7
,,18,18,,,269,653,17.9,14.2,26,254.18,43558,43584,43490,94,-120,27
,,20,22,,,637,261,20.5,18.8,34,385.4,43534,43568,43369,199,-251,7
,,20,20,,,731,101,11.523,8.65,28,99.67395,43558,43586,43333,253,-295,5
,,20,21,,,345,132,18.94,12.2,16,231.068,43559,43575,43463,112,-159,7
,,20,22,,,850,153,18.919,15.5,22,293.2445,43560,43582,43282,300,-347,5
,,20,22,,,262,643,13.412,17.72,15,237.66064,43560,43575,43486,89,-119,3
,,18,20,,,136,271,17.8,16,36,284.8,43561,43597,43542,55,-105,6
,,36,21,,,572,103,29.101,15.68,26,456.30368,44022,44048,43382,666,-696,5
,,18,21,,,488,834,9.215,10.9,22,100.4435,43562,43584,43404,180,-204,4
,,20,22,,,523,633,12.7,19.8,34,251.46,43563,43597,43399,198,-246,6
,,20,20,,,283,193,15.59,15.978,21,249.09702,43564,43585,43486,99,-158,4
,,20,21,,,506,143,10.97,13.152,25,144.27744,43564,43589,43397,192,-231,6
,,20,22,,,804,134,19.318,18.5,45,357.383,43565,43610,43311,299,-362,12
,,18,20,,,189,231,14.308,15.97,22,228.49876,43565,43587,43517,70,-114,14
,,20,22,,,386,643,19.9,14.2,26,282.58,43565,43591,43448,143,-169,27
,,20,20,,,532,162,17.86,7.8,21,139.308,43566,43587,43388,199,-234,6
,,20,20,,,512,825,19.167,16.931,20,324.516477,43566,43586,43391,195,-236,6
,,20,21,,,460,273,14.5,18.79,25,272.455,43566,43591,43409,182,-240,1
,,20,21,,,4,154,19.932,15.976,47,318.433632,43566,43613,43622,-9,-52,8
,,20,22,,,327,622,13.38,17.28,13,231.2064,43566,43579,43471,108,-165,5
,,20,22,,,459,263,16.6,18.79,25,311.914,43566,43591,43409,182,-240,1
,,20,22,,,820,133,21.1,18.1,29,381.91,43569,43598,43291,307,-348,1
,,36,21,,,304,133,24.07,12.2,23,293.654,43732,43755,43479,276,-307,1
,,20,20,,,490,154,14.94,13.05,20,194.967,43568,43588,43399,189,-223,6
,,20,20,,,212,102,19.76,18.47,19,364.9672,43570,43589,43496,93,-129,0
,,18,20,,,473,642,13.412,19.5,16,261.534,43569,43585,43401,184,-224,5
,,20,20,,,261,643,13.412,17.72,15,237.66064,43570,43585,43486,99,-129,3
,,20,20,,,880,101,13.007,16.37,36,212.92459,43529,43565,43265,300,-338,1
,,18,20,,,81,231,14.308,15.97,24,228.49876,43571,43595,43568,27,-73,14
,,18,20,,,875,161,13.792,9.4,18,129.6448,43571,43589,43269,320,-348,0
,,18,20,,,383,693,17.8,14.8,32,263.44,43572,43604,43452,152,-179,26
,,33,21,,,252,293,22.5,18.32,30,412.2,44045,44075,43497,578,-629,7
,,20,22,,,777,261,20.5,18.8,34,385.4,43572,43606,43313,293,-352,0
,,20,20,,,877,822,12.6,10.3,23,129.78,43572,43595,43272,323,-361,3
,,20,20,,,307,632,13.38,17.28,14,231.2064,43574,43588,43474,114,-174,4
,,20,21,,,88,836,8,21,35,168,43540,43575,43564,11,-50,3
,,20,20,,,59,122,15.531,12.2,31,189.4782,43536,43567,43577,-10,-38,-1
,,20,20,,,591,193,15.59,15.978,21,249.09702,43574,43595,43367,228,-287,4
,,20,22,,,474,652,13.412,19.5,16,261.534,43574,43590,43401,189,-229,5
,,20,21,,,240,292,16.6,19.5,32,323.7,43575,43607,43505,102,-136,6
,,20,21,,,833,192,13.889,7.3,17,101.3897,43576,43593,43285,308,-345,4
,,20,22,,,631,629,15.6,18.9,32,294.84,43576,43608,43369,239,-289,7
,,20,20,,,431,833,8.709,14.287,18,124.425483,43577,43595,43417,178,-223,6
,,20,22,,,128,832,6.767,14.288,20,96.686896,43578,43598,43539,59,-105,5
,,20,20,,,466,823,16.231,14.307,21,232.216917,43536,43557,43408,149,-178,0
,,20,21,,,682,694,16.7,18.4,38,307.28,43541,43579,43359,220,-273,7
,,20,22,,,834,123,16.106,12.2,22,196.4932,43578,43600,43284,316,-346,1
,,18,21,,,381,633,12.7,19.8,38,251.46,43580,43618,43459,159,-211,6
,,20,22,,,778,262,14.6,17.28,31,252.288,43580,43611,43314,297,-357,0
,,20,21,,,856,110,13,5.487,42,71.331,43581,43623,43284,339,-397,0
,,20,21,,,368,155,14.7,13.05,23,191.835,43581,43604,43457,147,-184,6
,,20,22,,,233,122,15.531,12.2,17,189.4782,43583,43600,43490,110,-158,7
,,18,21,,,650,628,15.6,20,23,312,43585,43608,43355,253,-323,7
,,18,18,,,550,123,16.106,12.2,28,196.4932,43585,43613,43388,225,-276,4
,,18,20,,,109,824,15.665,11.094,22,173.78751,43586,43608,43551,57,-81,4
,,18,20,,,748,194,18,8.300000000000001,28,149.4,43586,43614,43324,290,-331,7
,,20,20,,,413,834,20,16.8,33,336,43586,43619,43429,190,-222,6
,,20,20,,,663,193,14.445,14.246,20,205.78347,43586,43606,43353,253,-287,5
,,20,20,,,390,182,12.25,9.199999999999999,41,112.7,43587,43628,43456,172,-227,6
,,20,20,,,795,183,8.82,15.798,22,139.33836,43587,43609,43295,314,-374,4
,,18,20,,,281,183,8.82,15.798,21,139.33836,43588,43609,43486,123,-182,4
,,36,21,,,347,103,29.101,15.68,16,456.30368,44049,44065,43463,602,-648,7
,,20,20,,,542,823,17.548,14.578,32,255.814744,43588,43620,43396,224,-291,7
,,20,20,,,870,173,16.387,11.151,29,182.731437,43588,43617,43283,334,-390,7
,,20,20,,,388,162,17.86,7.8,21,139.308,43589,43610,43445,165,-200,6
,,20,20,,,257,221,18,15.97,11,287.46,43589,43600,43488,112,-175,1
,,20,20,,,20,652,13.412,19.5,17,261.534,43544,43561,43581,-20,-18,6
,,36,21,,,787,111,22.2,13.8,40,306.36,44066,44106,43310,796,-859,7
,,18,20,,,399,822,19.175,15.4,24,295.295,43590,43614,43440,174,-204,25
,,20,20,,,738,152,15.186,16.07,22,244.03902,43590,43612,43330,282,-322,7
,,20,21,,,122,825,19.167,16.931,23,324.516477,43590,43613,43536,77,-121,6
,,18,21,,,49,123,16.106,12.2,34,196.4932,43591,43625,43584,41,-98,4
,,20,22,,,828,683,16.6,18.9,25,313.74,43591,43616,43288,328,-388,17
,,20,21,,,234,122,15.531,12.2,17,189.4782,43592,43609,43490,119,-167,7
,,20,21,,,756,279,10.5,18.9,29,198.45,43592,43621,43323,298,-351,3
,,20,20,,,772,638,15.6,20,23,312,43548,43571,43306,265,-327,7
,,20,22,,,41,292,16.6,19.5,36,323.7,43592,43628,43592,36,-102,6
,,20,21,,,520,832,6.767,14.288,16,96.686896,43548,43564,43390,174,-216,5
,,20,22,,,230,124,18.618,14.354,22,267.242772,43592,43614,43495,119,-184,6
,,20,22,,,400,832,22,15.4,24,338.8,43598,43622,43440,182,-212,25
,,20,21,,,215,622,13.38,17.28,12,231.2064,43594,43606,43495,111,-167,5
,,18,20,,,714,823,17.548,14.578,31,255.814744,43596,43627,43345,282,-328,7
,,20,20,,,410,835,7.416,16.884,25,125.211744,43596,43621,43428,193,-225,0
,,33,21,,,346,103,29.101,15.68,16,456.30368,44076,44092,43463,629,-675,7
,,22,21,,,480,826,20.852,21.691,54,452.300732,43716,43770,43423,347,-436,7
,,20,20,,,114,144,17.566,15.678,36,275.399748,43596,43632,43555,77,-127,8
,,20,20,,,271,623,13.38,18.79,15,251.4102,43596,43611,43484,127,-174,0
,,18,20,,,374,662,14.6,20,27,292,43598,43625,43455,170,-211,6
,,20,22,,,254,263,16.6,18.79,25,311.914,43599,43624,43494,130,-188,1
,,33,21,,,82,293,22.5,18.32,36,412.2,44093,44129,43570,559,-616,7
,,20,22,,,632,639,15.6,18.9,32,294.84,43599,43631,43369,262,-312,7
,,36,21,,,265,644,22.9,15.1,31,345.79,44107,44138,43496,642,-685,27
,,20,21,,,178,633,13.38,18.79,15,251.4102,43549,43564,43510,54,-101,0
,,20,22,,,11,193,15.59,15.978,27,249.09702,43599,43626,43594,32,-73,6
,,20,20,,,500,684,17.5,18.4,38,322,43601,43639,43409,230,-293,7
,,20,22,,,363,124,15.49,19.15,32,296.6335,43601,43633,43464,169,-215,6
,,33,21,,,684,192,23.8,19.9,40,473.62,44130,44170,43361,809,-875,8
,,20,22,,,705,123,20.9,18.1,28,378.29,43601,43629,43338,291,-337,7
,,18,20,,,815,283,13.7,18.32,31,250.984,43605,43636,43299,337,-388,7
,,36,21,,,467,103,34.122,13.75,40,469.1775,44139,44179,43412,767,-821,6
,,20,21,,,489,155,14.7,13.05,22,191.835,43605,43627,43401,226,-262,6
,,20,20,,,640,271,15.2,18.8,34,285.76,43607,43641,43369,272,-324,7
,,20,22,,,19,836,8,21,34,168,43559,43593,43593,0,-40,8
,,20,21,,,477,633,13.38,18.79,15,251.4102,43607,43622,43399,223,-270,0
,,20,22,,,842,824,14.342,13.72,25,196.77224,43607,43632,43285,347,-397,5
,,33,21,,,566,111,22.2,13.8,25,306.36,44171,44196,43377,819,-853,15
,,20,21,,,458,653,11.2,17.72,15,198.464,43608,43623,43402,221,-251,3
,,18,20,,,221,144,17.566,15.678,23,275.399748,43609,43632,43499,133,-202,7
,,20,22,,,419,284,20,18.4,45,368,43609,43654,43432,222,-292,7
,,18,21,,,470,273,14.5,18.79,25,272.455,43609,43634,43408,226,-284,1
,,18,20,,,813,824,17.596,14.575,27,256.4617,43610,43637,43295,342,-377,1
,,20,22,,,287,823,21.1,15.6,30,329.16,43611,43641,43488,153,-188,26
,,20,20,,,322,834,9.215,10.9,19,100.4435,43558,43577,43478,99,-120,4
,,36,21,,,198,801,28.614,19.075,34,545.81205,44180,44214,43515,699,-748,9
,,20,20,,,318,143,13.809,15.686,21,216.607974,43610,43631,43476,155,-201,6
,,20,21,,,112,833,8.709,14.287,17,124.425483,43610,43627,43544,83,-105,0
,,20,20,,,50,102,19.76,18.47,47,364.9672,43611,43658,43594,64,-117,0
,,20,20,,,10,183,8.82,15.798,27,139.33836,43612,43639,43594,45,-86,6
,,20,22,,,774,271,17.8,16,32,284.8,43612,43644,43314,330,-376,6
,,20,21,,,821,123,20.9,18.1,29,378.29,43614,43643,43291,352,-392,1
,,20,20,,,216,622,13.38,17.28,12,231.2064,43613,43625,43495,130,-186,5
,,18,18,,,582,272,14.4,17.28,31,248.832,43614,43645,43385,260,-320,0
,,33,21,,,181,111,22.2,13.8,24,306.36,44197,44221,43510,711,-768,7
,,20,21,,,110,834,9.215,10.9,22,100.4435,43614,43636,43551,85,-109,4
,,18,20,,,278,652,13.412,19.5,16,261.534,43615,43631,43485,146,-186,5
,,36,21,,,564,134,22.828,14.354,22,327.673112,44215,44237,43377,860,-925,6
,,20,22,,,156,102,19.76,18.47,43,364.9672,43615,43658,43541,117,-166,0
,,18,20,,,647,153,18.919,15.5,21,293.2445,43615,43636,43357,279,-325,6
,,33,21,,,237,103,29.101,15.68,16,456.30368,44222,44238,43489,749,-795,7
,,20,22,,,768,101,13.007,16.37,22,212.92459,43617,43639,43300,339,-365,2
,,20,22,,,393,823,21.1,15.6,30,329.16,43623,43653,43446,207,-242,26
,,20,20,,,6,271,17.8,16,37,284.8,43562,43599,43610,-11,-49,6
,,20,20,,,425,824,15.665,11.094,19,173.78751,43618,43637,43418,219,-265,6
,,18,21,,,77,282,14.7,19.5,35,286.65,43619,43654,43577,77,-112,7
,,20,20,,,810,835,18,17.3,40,311.4,43620,43660,43308,352,-435,9
,,36,21,,,332,824,24.1,17.41,30,419.581,44238,44268,43477,791,-830,6
,,20,20,,,338,832,6.767,14.288,16,96.686896,43621,43637,43471,166,-208,5
,,36,21,,,862,103,29.101,15.68,51,456.30368,43756,43807,43310,497,-551,7
,,20,20,,,845,182,19,14.248,18,270.712,43622,43640,43282,358,-392,1
,,20,21,,,769,124,21,18.1,25,380.1,43622,43647,43308,339,-385,9
,,20,21,,,584,221,14,15.97,20,223.58,43623,43643,43381,262,-304,22
,,20,22,,,707,133,21.1,18.1,28,381.91,43625,43653,43338,315,-361,7
,,20,21,,,134,261,20.1,16,36,321.6,43624,43660,43542,118,-168,6
,,20,21,,,255,273,14.5,18.79,25,272.455,43624,43649,43494,155,-213,1
,,20,20,,,712,134,19.318,18.5,44,357.383,43626,43670,43353,317,-364,7
,,18,20,,,69,823,16.231,14.307,21,232.216917,43626,43647,43568,79,-127,6
,,20,22,,,595,283,18.4,18.9,43,347.76,43627,43670,43378,292,-373,5
,,18,21,,,176,263,16.6,18.79,24,311.914,43626,43650,43517,133,-190,1
,,33,21,,,46,182,25,7.3,21,182.5,44239,44260,43578,682,-727,6
,,20,21,,,638,261,20.5,18.8,34,385.4,43628,43662,43369,293,-345,7
,,18,20,,,228,272,14.4,17.28,32,248.832,43628,43660,43509,151,-212,0
,,20,21,,,378,123,19.5,18.75,43,365.625,43628,43671,43461,210,-267,6
,,20,20,,,148,262,14.6,17.28,34,252.288,43629,43663,43539,124,-187,0
,,20,21,,,673,122,15.531,12.2,17,189.4782,43565,43582,43343,239,-287,7
,,20,21,,,91,803,15.5,15,35,232.5,43565,43600,43560,40,-92,1
,,20,22,,,824,631,10.53,15.97,15,168.1641,43629,43644,43284,360,-414,0
,,20,22,,,604,279,10.5,18.9,29,198.45,43630,43659,43370,289,-336,7
,,18,20,,,427,661,18.6,14.9,29,277.14,43632,43661,43423,238,-281,6
,,20,20,,,827,833,7.281,14.575,24,106.120575,43632,43656,43290,366,-395,0
,,22,21,,,364,194,20.1,21.05,28,423.105,43771,43799,43460,339,-381,6
,,20,22,,,594,112,21,8.6,18,180.6,43632,43650,43361,289,-314,5
,,20,20,,,511,825,19.167,16.931,20,324.516477,43566,43586,43391,195,-236,6
,,18,20,,,39,621,8.949999999999999,15.97,10,142.9315,43633,43643,43569,74,-108,33
,,20,20,,,331,833,8.709,14.287,15,124.425483,43568,43583,43473,110,-130,0
,,33,21,,,840,103,23.857,9.5,30,226.6415,44261,44291,43288,1003,-1037,2
,,20,20,,,487,824,15.665,11.094,22,173.78751,43633,43655,43404,251,-275,4
,,20,22,,,186,193,15.59,15.978,21,249.09702,43633,43654,43511,143,-202,4
,,20,22,,,685,110,12,5.487,41,65.84399999999999,43634,43675,43346,329,-390,5
,,36,21,,,517,134,22.828,14.354,32,327.673112,44269,44301,43402,899,-944,10
,,18,21,,,409,825,19.167,16.931,25,324.516477,43635,43660,43428,232,-264,0
,,20,21,,,652,102,19.76,18.47,20,364.9672,43637,43657,43348,309,-346,0
,,18,20,,,838,623,13.38,18.79,15,251.4102,43637,43652,43281,371,-418,1
,,22,21,,,249,826,20.5,21,29,430.5,43800,43829,43493,336,-369,3
,,18,20,,,544,631,10.53,15.97,8,168.1641,43637,43645,43375,270,-304,33
,,18,20,,,503,144,17.566,15.678,31,275.399748,43638,43669,43403,266,-311,8
,,20,20,,,267,283,13.7,18.32,30,250.984,43638,43668,43496,172,-222,7
,,33,21,,,819,101,30.66,9.4,61,288.204,44292,44353,43323,1030,-1108,7
,,20,20,,,264,653,11.2,17.72,15,198.464,43638,43653,43486,167,-197,3
,,20,20,,,607,631,10.53,15.97,13,168.1641,43640,43653,43357,296,-348,0
,,20,20,,,753,161,14.057,15.486,37,217.686702,43640,43677,43331,346,-384,8
,,20,22,,,823,836,6.45,21.691,53,139.90695,43640,43693,43308,385,-463,1
,,20,20,,,48,803,15.5,12,35,186,43568,43603,43582,21,-60,1
,,20,20,,,553,182,20,7.3,17,146,43641,43658,43382,276,-317,6
,,20,20,,,38,631,10.53,15.97,11,168.1641,43642,43653,43570,83,-120,33
,,20,22,,,492,834,9.215,10.9,22,100.4435,43642,43664,43403,261,-285,4
,,18,20,,,723,182,18,14.248,19,256.464,43644,43663,43333,330,-367,7
,,20,21,,,326,622,13.38,17.28,13,231.2064,43644,43657,43471,186,-243,5
,,20,21,,,171,694,14.7,20,37,294,43644,43681,43529,152,-203,12
,,20,22,,,192,192,13.889,7.3,19,101.3897,43645,43664,43509,155,-194,4
,,20,22,,,129,143,13.809,15.686,37,216.607974,43645,43682,43549,133,-182,7
,,18,18,,,93,262,14.6,17.28,39,252.288,43646,43685,43572,113,-167,6
,,18,20,,,263,653,11.2,17.72,15,198.464,43646,43661,43486,175,-205,3
,,18,20,,,380,623,13.6,19.8,38,269.28,43648,43686,43459,227,-279,6
,,20,21,,,362,125,14.8,19.15,31,283.42,43648,43679,43465,214,-259,6
,,20,21,,,137,623,13.38,18.79,19,251.4102,43650,43669,43530,139,-177,3
,,18,21,,,513,835,7.416,16.884,20,125.211744,43651,43671,43391,280,-321,6
,,20,22,,,859,835,5.59,17.008,28,95.07472,43651,43679,43284,395,-440,4
,,18,20,,,627,231,15.25,8.199999999999999,14,125.05,43653,43667,43359,308,-336,6
,,20,22,,,628,125,9.800000000000001,18.5,42,181.3,43569,43611,43377,234,-308,7
,,36,21,,,196,133,24.07,12.2,25,293.654,43808,43833,43509,324,-357,1
,,20,20,,,483,271,17.8,16,31,284.8,43654,43685,43409,276,-330,6
,,20,20,,,675,132,18.94,12.2,17,231.068,43654,43671,43343,328,-376,7
,,20,20,,,881,102,16.588,12.377,39,205.309676,43654,43693,43268,425,-470,1
,,20,22,,,622,123,16.106,12.2,23,196.4932,43654,43677,43360,317,-348,1
,,20,22,,,693,322,12.4,19.6,39,243.04,43654,43693,43353,340,-394,1
,,18,21,,,132,273,14.5,18.79,31,272.455,43655,43686,43541,145,-195,6
,,20,20,,,763,629,15.6,18.9,32,294.84,43572,43604,43319,285,-329,11
,,20,22,,,415,836,8,21,31,168,43655,43686,43427,259,-296,8
,,36,21,,,279,111,22.2,13.8,25,306.36,44302,44327,43485,842,-900,7
,,20,22,,,869,161,14.057,15.486,32,217.686702,43655,43687,43286,401,-462,1
,,36,21,,,161,111,22.2,13.8,28,306.36,44328,44356,43524,832,-869,15
,,20,20,,,630,629,15.6,18.9,32,294.84,43656,43688,43369,319,-369,7
,,20,20,,,29,832,6.767,14.288,21,96.686896,43657,43678,43583,95,-143,6
,,20,21,,,235,132,18.94,12.2,17,231.068,43658,43675,43490,185,-233,7
,,33,21,,,83,293,22.5,18.32,36,412.2,44354,44390,43570,820,-877,7
,,36,21,,,874,103,24,11,39,264,44357,44396,43281,1115,-1164,1
,,20,22,,,667,271,21.56,12.423,39,267.83988,43659,43698,43363,335,-405,6
,,33,21,,,761,134,22.828,14.354,48,327.673112,44391,44439,43335,1104,-1177,6
,,36,21,,,728,102,26.372,14.65,35,386.3498,44397,44432,43340,1092,-1137,5
,,20,21,,,551,623,13.38,18.79,15,251.4102,43658,43673,43381,292,-326,3
,,20,20,,,310,835,7.416,16.884,20,125.211744,43659,43679,43475,204,-245,6
,,36,21,,,746,103,24,11,38,264,44433,44471,43332,1139,-1180,6
,,33,21,,,213,101,30.66,9.4,30,288.204,44440,44470,43506,964,-1034,7
,,20,20,,,141,631,10.53,15.97,11,168.1641,43659,43670,43521,149,-186,33
,,20,22,,,854,824,15.665,11.094,19,173.78751,43660,43679,43282,397,-418,4
,,18,20,,,387,191,9,11.95,23,107.55,43661,43684,43448,236,-273,6
,,18,21,,,172,273,14.5,18.79,25,272.455,43661,43686,43520,166,-224,1
,,20,20,,,721,825,17.18,16.97,27,291.5446,43661,43688,43336,352,-393,5
,,20,21,,,475,823,16.231,14.307,21,232.216917,43576,43597,43407,190,-219,0
,,20,21,,,100,823,16.231,14.307,21,232.216917,43661,43682,43555,127,-156,0
,,22,21,,,446,193,20.1,20.9,35,420.09,43830,43865,43416,449,-498,6
,,18,20,,,783,183,7.507,14.276,20,107.169932,43662,43682,43298,384,-430,6
,,18,20,,,146,282,14.7,19.5,33,286.65,43662,43695,43539,156,-219,6
,,20,21,,,105,652,13.412,19.5,20,261.534,43663,43683,43550,133,-177,5
,,20,20,,,484,623,13.38,18.79,15,251.4102,43578,43593,43398,195,-242,0
,,20,21,,,313,102,19.76,18.47,20,364.9672,43580,43600,43472,128,-165,0
,,18,20,,,521,191,9,11.95,24,107.55,43664,43688,43395,293,-331,6
,,20,20,,,674,132,18.94,12.2,17,231.068,43664,43681,43343,338,-386,7
,,20,22,,,126,822,16.086,14.292,20,229.901112,43665,43685,43539,146,-192,5
,,20,22,,,528,182,12.25,9.199999999999999,37,112.7,43665,43702,43397,305,-356,6
,,18,20,,,613,144,15.117,16.07,25,242.93019,43668,43693,43363,330,-411,5
,,20,20,,,839,633,13.38,18.79,15,251.4102,43669,43684,43281,403,-450,1
,,18,20,,,806,282,14.7,19.5,30,286.65,43670,43700,43302,398,-428,7
,,20,21,,,664,822,16.055,14.575,35,234.001625,43583,43618,43363,255,-307,7
,,33,21,,,231,134,22.828,14.354,22,327.673112,44471,44493,43495,998,-1063,6
,,20,20,,,601,269,10.5,18.9,29,198.45,43584,43613,43370,243,-290,7
,,20,21,,,782,152,16.252,5.15,30,83.6978,43670,43700,43316,384,-419,5
,,20,20,,,330,110,15,4.932,54,73.98,43671,43725,43486,239,-307,6
,,20,20,,,116,193,15.59,15.978,27,249.09702,43671,43698,43547,151,-192,6
,,36,21,,,197,133,24.07,12.2,25,293.654,44472,44497,43509,988,-1021,1
,,20,22,,,575,122,15.531,12.2,27,189.4782,43671,43698,43382,316,-360,-1
,,33,21,,,37,801,28.614,19.075,39,545.81205,44494,44533,43590,943,-997,9
,,18,21,,,665,832,6.662,14.583,35,97.151946,43672,43707,43363,344,-396,7
,,20,22,,,610,182,22,7.3,18,160.6,43594,43612,43362,250,-288,4
,,20,20,,,191,182,17,7.3,19,124.1,43672,43691,43509,182,-221,4
,,20,21,,,309,825,19.167,16.931,20,324.516477,43672,43692,43475,217,-258,6
,,20,21,,,293,823,16.231,14.307,18,232.216917,43674,43692,43483,209,-235,0
,,20,21,,,441,836,8,21,33,168,43676,43709,43417,292,-329,3
,,20,20,,,42,263,16.6,18.79,30,311.914,43587,43617,43586,31,-81,6
,,36,21,,,160,103,29.101,15.68,30,456.30368,43834,43864,43533,331,-365,5
,,20,22,,,623,123,16.106,12.2,23,196.4932,43676,43699,43360,339,-370,1
,,20,20,,,576,132,18.94,12.2,27,231.068,43678,43705,43382,323,-367,-1
,,20,22,,,375,672,14.6,20,27,292,43678,43705,43455,250,-291,6
,,36,21,,,157,133,24.07,12.2,30,293.654,44498,44528,43529,999,-1048,4
,,20,20,,,45,273,14.5,18.79,30,272.455,43679,43709,43585,124,-173,6
,,36,21,,,200,801,24.3,20.03,44,486.729,44529,44573,43517,1056,-1118,1
,,20,20,,,808,653,11.2,17.72,16,198.464,43594,43610,43290,320,-351,3
,,20,21,,,174,112,21,8.6,21,180.6,43680,43701,43512,189,-217,5
,,20,20,,,514,835,7.416,16.884,20,125.211744,43680,43700,43391,309,-350,6
,,20,22,,,315,824,15.665,11.094,19,173.78751,43680,43699,43479,220,-241,4
,,20,22,,,123,835,7.416,16.884,23,125.211744,43680,43703,43536,167,-211,6
,,20,20,,,121,825,19.167,16.931,23,324.516477,43682,43705,43536,169,-213,6
,,20,21,,,452,803,15.5,20,29,310,43682,43711,43406,305,-351,1
,,18,20,,,771,628,15.6,20,23,312,43683,43706,43306,400,-462,7
,,20,21,,,166,122,15.531,12.2,31,189.4782,43683,43714,43531,183,-231,-1
,,20,21,,,205,632,13.38,17.28,14,231.2064,43598,43612,43499,113,-173,4
,,20,20,,,340,631,16.117,19.25,37,310.25225,43600,43637,43480,157,-208,6
,,20,22,,,202,631,10.53,15.97,13,168.1641,43683,43696,43500,196,-248,0
,,20,21,,,355,221,21,15.97,12,335.37,43684,43696,43464,232,-296,1
,,36,21,,,835,133,24.07,12.2,22,293.654,43865,43887,43284,603,-633,1
,,18,20,,,535,834,7.062,14.636,34,103.359432,43685,43719,43398,321,-390,7
,,20,22,,,773,261,20.1,16,32,321.6,43686,43718,43314,404,-450,6
,,20,20,,,274,633,13.38,18.79,15,251.4102,43685,43700,43484,216,-263,0
,,22,21,,,454,194,20.1,21.05,28,423.105,43866,43894,43408,486,-528,6
,,20,21,,,85,283,13.7,18.32,36,250.984,43601,43637,43570,67,-123,7
,,33,21,,,164,134,22.828,14.354,23,327.673112,44534,44557,43521,1036,-1102,6
,,20,20,,,651,638,15.6,20,23,312,43686,43709,43355,354,-424,7
,,18,21,,,72,112,21,8.6,21,180.6,43687,43708,43561,147,-180,5
,,18,20,,,865,154,19.39,16.07,24,311.5973,43687,43711,43279,432,-484,2
,,18,21,,,759,154,19.932,15.976,51,318.433632,43687,43738,43339,399,-475,7
,,20,21,,,151,272,14.4,17.28,34,248.832,43601,43635,43539,96,-159,0
,,18,18,,,878,832,15,10.3,23,154.5,43686,43709,43272,437,-475,3
,,20,22,,,589,284,20,18.4,45,368,43687,43732,43380,352,-431,7
,,20,22,,,678,193,19.9,20,35,398,43688,43723,43356,367,-434,8
,,18,20,,,285,855,13,12.6,31,163.8,43689,43720,43489,231,-262,21
,,20,20,,,549,292,16.6,19.5,30,323.7,43689,43719,43394,325,-385,6
,,20,20,,,469,263,16.6,18.79,25,311.914,43689,43714,43408,306,-364,1
,,20,20,,,348,661,18.6,14.9,25,277.14,43692,43717,43470,247,-286,6
,,20,20,,,142,621,8.949999999999999,15.97,10,142.9315,43604,43614,43520,94,-128,33
,,20,21,,,33,283,13.7,18.32,39,250.984,43693,43732,43595,137,-206,6
,,20,21,,,342,122,15.531,12.2,16,189.4782,43693,43709,43463,246,-293,7
,,18,20,,,672,122,15.531,12.2,17,189.4782,43694,43711,43343,368,-416,7
,,20,20,,,615,172,18.5,15.698,32,290.413,43694,43726,43367,359,-434,8
,,20,22,,,219,271,17.8,16,32,284.8,43694,43726,43509,217,-263,6
,,20,22,,,629,135,13.1,18.5,42,242.35,43694,43736,43377,359,-433,7
,,18,20,,,282,183,8.82,15.798,21,139.33836,43696,43717,43486,231,-290,4
,,20,21,,,354,221,20,15.97,12,319.4,43697,43709,43464,245,-309,1
,,20,22,,,366,145,10.1,13.065,20,131.9565,43697,43717,43455,262,-296,6
,,20,20,,,359,671,18.6,14.9,25,277.14,43699,43724,43463,261,-300,6
,,20,20,,,25,834,9.215,10.9,22,100.4435,43605,43627,43584,43,-92,6
,,20,22,,,694,332,12.4,19.6,39,243.04,43699,43738,43353,385,-439,1
,,20,22,,,732,825,17.18,16.97,26,291.5446,43699,43725,43332,393,-433,5
,,20,22,,,74,292,16.6,19.5,36,323.7,43700,43736,43579,157,-195,6
,,20,22,,,581,272,14.4,17.28,31,248.832,43700,43731,43385,346,-406,0
,,18,20,,,580,262,14.6,17.28,31,252.288,43701,43732,43385,347,-407,0
,,20,21,,,593,112,21,8.6,18,180.6,43701,43719,43361,358,-383,5
,,20,20,,,873,832,6.767,14.288,18,96.686896,43701,43719,43274,445,-486,5
,,20,20,,,537,153,18.919,15.5,31,293.2445,43701,43732,43396,336,-379,7
,,20,22,,,63,826,20,21,34,420,43612,43646,43573,73,-113,8
,,20,21,,,671,183,11.2,20,35,224,43702,43737,43357,380,-449,7
,,20,22,,,173,273,14.5,18.79,25,272.455,43703,43728,43520,208,-266,1
,,20,22,,,319,153,18.919,15.5,21,293.2445,43704,43725,43476,249,-295,6
,,20,21,,,64,836,8,21,34,168,43613,43647,43573,74,-114,8
,,20,20,,,786,132,10.219,12.3,28,125.6937,43706,43734,43310,424,-463,7
,,20,20,,,349,231,14.308,15.97,14,228.49876,43611,43625,43466,159,-219,4
,,20,20,,,578,132,11,9.550000000000001,14,105.05,43706,43720,43374,346,-374,6
,,20,22,,,5,261,20.1,16,37,321.6,43613,43650,43610,40,-100,6
,,20,22,,,296,832,21,15.4,24,323.4,43706,43730,43482,248,-278,25
,,18,20,,,608,631,10.53,15.97,13,168.1641,43707,43720,43357,363,-415,0
,,18,21,,,543,833,7.281,14.575,32,106.120575,43708,43740,43396,344,-411,7
,,18,21,,,333,684,14.7,20,35,294,43709,43744,43484,260,-310,12
,,20,21,,,656,124,21,18.1,26,380.1,43710,43736,43355,381,-460,7
,,20,20,,,131,263,16.6,18.79,31,311.914,43710,43741,43542,199,-250,6
,,18,18,,,577,122,18,9.550000000000001,14,171.9,43710,43724,43374,350,-378,6
,,20,20,,,669,825,18.455,17.3,40,319.2715,43710,43750,43365,385,-440,7
,,20,21,,,560,154,19.932,15.976,23,318.433632,43710,43733,43380,353,-422,7
,,20,21,,,195,123,16.106,12.2,25,196.4932,43710,43735,43509,226,-259,1
,,18,20,,,395,845,18.075,12.65,31,228.64875,43712,43743,43446,297,-327,21
,,18,20,,,861,122,15.531,12.2,24,189.4782,43712,43736,43283,453,-508,7
,,20,21,,,208,143,13.809,15.686,21,216.607974,43712,43733,43502,231,-277,6
,,20,20,,,150,272,14.4,17.28,34,248.832,43715,43749,43539,210,-273,0
,,20,21,,,695,221,15,15.97,12,239.55,43715,43727,43340,387,-451,1
,,20,20,,,47,192,13.889,7.3,21,101.3897,43614,43635,43578,57,-102,6
,,18,20,,,775,102,16.588,12.377,35,205.309676,43718,43753,43312,441,-476,1
,,20,20,,,179,633,13.38,18.79,15,251.4102,43718,43733,43510,223,-270,0
,,33,21,,,597,101,30.66,9.4,30,288.204,44558,44588,43370,1218,-1262,0
,,20,22,,,818,834,7.062,14.636,25,103.359432,43718,43743,43292,451,-486,0
,,20,22,,,730,331,8.6,20.5,32,176.3,43719,43751,43341,410,-456,10
,,20,21,,,754,171,20.177,15.486,37,312.461022,43619,43656,43331,325,-363,8
,,18,20,,,554,192,13.889,7.3,17,101.3897,43720,43737,43382,355,-396,6
,,20,20,,,305,631,10.53,15.97,13,168.1641,43720,43733,43474,259,-311,0
,,20,20,,,836,194,18,8.300000000000001,30,149.4,43720,43750,43289,461,-496,1
,,20,21,,,855,834,9.215,10.9,19,100.4435,43720,43739,43282,457,-478,4
,,18,20,,,302,123,16.106,12.2,23,196.4932,43721,43744,43479,265,-296,1
,,18,20,,,127,832,6.767,14.288,20,96.686896,43721,43741,43539,202,-248,5
,,20,20,,,666,261,19.155,12.423,39,237.962565,43721,43760,43363,397,-467,6
,,20,22,,,372,835,13.5,10.4,32,140.4,43724,43756,43455,301,-342,19
,,20,20,,,73,292,16.6,19.5,36,323.7,43725,43761,43579,182,-220,6
,,18,18,,,499,193,15.59,15.978,22,249.09702,43725,43747,43397,350,-386,6
,,20,20,,,603,279,10.5,18.9,29,198.45,43726,43755,43370,385,-432,7
,,20,22,,,600,293,19.5,18.9,43,368.55,43726,43769,43375,394,-472,5
,,36,21,,,214,101,30.66,9.4,30,288.204,43888,43918,43506,412,-482,7
,,20,22,,,801,292,16.6,19.5,30,323.7,43726,43756,43303,453,-485,6
,,20,20,,,153,144,17.566,15.678,24,275.399748,43727,43751,43525,226,-296,7
,,20,22,,,443,282,14.7,19.5,32,286.65,43727,43759,43422,337,-369,7
,,20,21,,,297,182,18,7.3,18,131.4,43728,43746,43480,266,-304,4
,,20,20,,,412,653,11.2,17.72,19,198.464,43615,43634,43425,209,-249,6
,,20,22,,,770,134,21,18.1,25,380.1,43729,43754,43308,446,-492,9
,,36,21,,,408,801,28.614,19.075,37,545.81205,44574,44611,43439,1172,-1224,9
,,20,22,,,218,261,20.1,16,32,321.6,43731,43763,43509,254,-300,6
,,20,22,,,361,183,9.9,20.9,33,206.91,43732,43765,43467,298,-345,6
,,20,21,,,797,801,20.814,15.31,50,318.66234,43733,43783,43318,465,-527,5
,,18,20,,,519,822,16.086,14.292,16,229.901112,43733,43749,43390,359,-401,5
,,22,21,,,259,826,20.5,21,29,430.5,43895,43924,43492,432,-465,3
,,33,21,,,407,801,28.614,19.075,37,545.81205,44589,44626,43440,1186,-1238,9
,,20,20,,,108,824,15.665,11.094,22,173.78751,43733,43755,43551,204,-228,4
,,20,22,,,657,134,21,18.1,26,380.1,43733,43759,43355,404,-483,7
,,20,20,,,152,144,17.566,15.678,24,275.399748,43734,43758,43525,233,-303,7
,,20,20,,,502,192,16.9,9.199999999999999,37,155.48,43618,43655,43403,252,-303,6
,,20,20,,,567,102,19.76,18.47,38,364.9672,43734,43772,43390,382,-426,0
,,20,21,,,796,193,15.59,15.978,22,249.09702,43734,43756,43295,461,-521,4
,,20,21,,,149,262,14.6,17.28,34,252.288,43734,43768,43539,229,-292,0
,,20,20,,,311,621,8.949999999999999,15.97,14,142.9315,43735,43749,43474,275,-326,0
,,20,21,,,138,633,13.38,18.79,19,251.4102,43736,43755,43530,225,-263,3
,,18,20,,,617,632,13.38,17.28,14,231.2064,43737,43751,43357,394,-454,4
,,20,20,,,2,272,14.4,17.28,39,248.832,43626,43665,43621,44,-98,6
,,20,21,,,78,282,14.7,19.5,35,286.65,43737,43772,43577,195,-230,7
,,20,22,,,168,112,21,8.6,21,180.6,43737,43758,43516,242,-275,5
,,36,21,,,692,154,24.839,16.385,39,406.987015,44612,44651,43354,1297,-1353,10
,,20,22,,,32,643,13.412,17.72,17,237.66064,43737,43754,43578,176,-211,6
,,18,20,,,370,153,18.861,13.05,25,246.13605,43738,43763,43454,309,-348,6
,,20,21,,,805,124,16.142,18.85,45,304.2767,43738,43783,43311,472,-534,13
,,18,21,,,1,262,14.6,17.28,39,252.288,43739,43778,43621,157,-211,6
,,20,22,,,802,684,17.5,18.4,39,322,43739,43778,43307,471,-549,14
,,20,20,,,27,823,16.231,14.307,21,232.216917,43628,43649,43583,66,-114,6
,,20,21,,,588,193,15.59,15.978,21,249.09702,43740,43761,43368,393,-452,4
,,33,21,,,436,112,14.612,23,30,336.076,44627,44657,43415,1242,-1286,6
,,18,21,,,291,112,21,8.6,17,180.6,43741,43758,43477,281,-305,5
,,18,20,,,323,833,8.709,14.287,16,124.425483,43742,43758,43476,282,-303,0
,,36,21,,,585,111,22.2,13.8,25,306.36,44652,44677,43367,1310,-1368,7
,,20,22,,,814,112,21,8.6,18,180.6,43744,43762,43285,477,-502,5
,,20,20,,,525,832,6.767,14.288,16,96.686896,43742,43758,43389,369,-411,5
,,18,20,,,289,845,18.075,12.65,32,228.64875,43744,43776,43488,288,-319,21
,,18,20,,,225,262,14.6,17.28,32,252.288,43745,43777,43509,268,-329,0
,,18,21,,,299,192,13.889,7.3,18,101.3897,43745,43763,43480,283,-321,4
,,33,21,,,450,293,22.5,18.32,30,412.2,44658,44688,43413,1275,-1326,7
,,20,21,,,696,221,16,15.97,12,255.52,43747,43759,43340,419,-483,1
,,18,18,,,226,262,14.6,17.28,32,252.288,43748,43780,43509,271,-332,0
,,18,20,,,501,694,16.7,18.4,38,307.28,43750,43788,43409,379,-442,7
,,20,20,,,715,833,7.281,14.575,31,106.120575,43750,43781,43345,436,-482,7
,,20,20,,,538,283,13.7,18.32,31,250.984,43635,43666,43395,271,-332,6
,,20,20,,,424,293,19.5,18.9,43,368.55,43750,43793,43429,364,-432,7
,,20,20,,,301,123,16.106,12.2,23,196.4932,43751,43774,43479,295,-326,1
,,20,20,,,222,144,17.566,15.678,23,275.399748,43751,43774,43499,275,-344,7
,,18,20,,,456,671,18.6,14.9,25,277.14,43752,43777,43408,369,-408,6
,,36,21,,,54,133,24.07,12.2,34,293.654,43919,43953,43580,373,-426,4
,,36,21,,,57,111,22.2,13.8,29,306.36,43954,43983,43572,411,-449,15
,,20,20,,,683,182,7.9,19.9,40,157.21,43752,43792,43361,431,-497,8
,,36,21,,,792,154,24.839,16.385,40,406.987015,44678,44718,43310,1408,-1468,24
,,20,22,,,75,642,13.412,19.5,19,261.534,43752,43771,43564,207,-244,6
,,20,21,,,18,826,20,21,34,420,43636,43670,43593,77,-117,8
,,18,20,,,531,632,13.5,20,29,270,43754,43783,43395,388,-431,6
,,20,22,,,690,143,14.606,16.186,26,236.412716,43755,43781,43343,438,-478,5
,,20,20,,,277,652,13.412,19.5,16,261.534,43636,43652,43485,167,-207,5
,,20,20,,,187,193,15.59,15.978,21,249.09702,43638,43659,43511,148,-207,4
,,20,22,,,849,143,13.809,15.686,22,216.607974,43755,43777,43282,495,-542,5
,,20,21,,,67,834,9.215,10.9,22,100.4435,43638,43660,43569,91,-140,6
,,20,21,,,290,112,21,8.6,17,180.6,43756,43773,43477,296,-320,5
,,20,20,,,384,653,17.9,14.2,26,254.18,43756,43782,43449,333,-359,27
,,33,21,,,716,834,25,13.72,26,343,44689,44715,43337,1378,-1418,5
,,20,20,,,275,642,13.412,19.5,16,261.534,43756,43772,43485,287,-327,5
,,20,22,,,52,622,13.38,17.28,17,231.2064,43647,43664,43571,93,-129,12
,,20,21,,,337,822,16.086,14.292,16,229.901112,43757,43773,43471,302,-344,5
,,33,21,,,762,801,28.614,19.075,34,545.81205,44716,44750,43318,1432,-1481,9
,,20,22,,,260,836,8,21,29,168,43757,43786,43492,294,-327,3
,,20,21,,,421,221,18.25,8.199999999999999,17,149.65,43648,43665,43419,246,-277,6
,,20,22,,,103,642,13.412,19.5,20,261.534,43757,43777,43550,227,-271,5
,,18,20,,,713,124,16.142,18.85,44,304.2767,43759,43803,43353,450,-496,7
,,20,20,,,358,135,18.6,19.35,31,359.91,43650,43681,43466,215,-260,6
,,18,21,,,704,163,16.387,11.151,22,182.731437,43759,43781,43337,444,-491,8
,,20,22,,,217,261,20.1,16,32,321.6,43759,43791,43509,282,-328,6
,,20,20,,,185,183,8.82,15.798,21,139.33836,43759,43780,43511,269,-328,4
,,20,20,,,389,172,18.45,12.45,21,229.7025,43759,43780,43445,335,-370,6
,,20,22,,,376,181,14,11.95,24,167.3,43651,43675,43451,224,-262,6
,,20,21,,,785,122,12,12.3,28,147.6,43760,43788,43310,478,-517,7
,,20,22,,,852,825,19.167,16.931,22,324.516477,43760,43782,43280,502,-545,6
,,20,22,,,495,144,10.5,13.05,20,137.025,43760,43780,43398,382,-416,6
,,20,20,,,844,102,19.76,18.47,21,364.9672,43653,43674,43278,396,-434,0
,,20,20,,,574,101,11.577,13.021,45,150.744117,43656,43701,43392,309,-368,6
,,20,21,,,700,143,14.606,16.186,26,236.412716,43657,43683,43340,343,-398,5
,,36,21,,,232,134,22.828,14.354,22,327.673112,43984,44006,43495,511,-576,6
,,36,21,,,7,801,28.614,19.075,67,545.81205,44719,44786,43636,1150,-1233,2
,,20,20,,,826,823,17.548,14.578,27,255.814744,43660,43687,43293,394,-423,0
,,20,20,,,244,231,14.308,15.97,14,228.49876,43761,43775,43491,284,-344,4
,,20,20,,,533,172,18.45,12.45,21,229.7025,43762,43783,43388,395,-430,6
,,20,21,,,789,273,14.5,18.79,25,272.455,43762,43787,43301,486,-544,1
,,20,22,,,809,825,18.455,17.3,40,319.2715,43763,43803,43308,495,-578,9
,,20,21,,,95,643,13.412,17.72,19,237.66064,43661,43680,43553,127,-161,3
,,18,20,,,784,193,14.445,14.246,20,205.78347,43764,43784,43298,486,-532,6
,,18,21,,,236,132,18.94,12.2,17,231.068,43764,43781,43490,291,-339,7
,,20,22,,,416,642,13.412,19.5,19,261.534,43764,43783,43422,361,-398,6
,,20,22,,,201,631,10.53,15.97,13,168.1641,43766,43779,43500,279,-331,0
,,20,22,,,223,154,19.932,15.976,23,318.433632,43665,43688,43499,189,-258,7
,,33,21,,,832,182,23,7.3,17,167.9,44751,44768,43285,1483,-1520,4
,,20,21,,,504,662,14.6,20,27,292,43769,43796,43400,396,-437,6
,,20,22,,,548,282,14.7,19.5,30,286.65,43770,43800,43394,406,-466,6
,,20,22,,,102,642,13.412,19.5,20,261.534,43772,43792,43550,242,-286,5
,,20,20,,,316,834,9.215,10.9,19,100.4435,43773,43792,43479,313,-334,4
,,33,21,,,406,801,28.614,19.075,58,545.81205,44769,44827,43463,1364,-1438,2
,,20,20,,,524,822,16.086,14.292,16,229.901112,43773,43789,43389,400,-442,5
,,20,21,,,229,124,18.618,14.354,22,267.242772,43773,43795,43495,300,-365,6
,,20,20,,,286,643,19.9,14.2,26,282.58,43666,43692,43489,203,-229,27
,,20,21,,,788,263,16.6,18.79,25,311.914,43774,43799,43301,498,-556,1
,,20,21,,,405,132,10,9.550000000000001,14,95.5,43774,43788,43431,357,-385,6
,,36,21,,,303,133,24.07,12.2,23,293.654,44787,44810,43479,1331,-1362,1
,,20,20,,,579,262,14.6,17.28,31,252.288,43775,43806,43385,421,-481,0
,,20,20,,,71,833,8.709,14.287,21,124.425483,43775,43796,43568,228,-276,6
,,20,20,,,97,653,11.2,17.72,19,198.464,43776,43795,43553,242,-276,3
,,20,22,,,679,272,15.89,20.773,33,330.08297,43778,43811,43356,455,-520,9
,,18,20,,,9,835,7.416,16.884,27,125.211744,43777,43804,43594,210,-244,0
,,18,20,,,272,623,13.38,18.79,15,251.4102,43778,43793,43484,309,-356,0
,,20,21,,,23,153,18.919,15.5,39,293.2445,43666,43705,43598,107,-158,7
,,18,20,,,743,142,8.276,16.07,22,132.99532,43778,43800,43328,472,-512,7
,,20,22,,,465,653,11.2,17.72,16,198.464,43778,43794,43402,392,-423,3
,,18,21,,,433,631,16.117,19.25,37,310.25225,43779,43816,43424,392,-443,6
,,20,20,,,268,803,15.5,16,29,248,43667,43696,43489,207,-253,1
,,20,22,,,442,836,8,21,33,168,43779,43812,43417,395,-432,3
,,20,21,,,61,652,13.412,19.5,19,261.534,43671,43690,43567,123,-163,6
,,20,22,,,831,153,19.167,16.07,45,308.01369,43780,43825,43307,518,-579,8
,,18,18,,,642,622,13.38,17.28,13,231.2064,43781,43794,43354,440,-497,5
,,20,22,,,341,112,14.612,22,30,321.464,43781,43811,43471,340,-384,6
,,20,20,,,858,825,17.18,16.97,28,291.5446,43781,43809,43284,525,-570,4
,,20,20,,,428,822,16.086,14.292,18,229.901112,43781,43799,43417,382,-427,6
,,18,21,,,587,183,8.82,15.798,21,139.33836,43782,43803,43368,435,-494,4
,,18,21,,,239,292,16.6,19.5,32,323.7,43782,43814,43505,309,-343,6
,,20,20,,,144,192,13.889,7.3,21,101.3897,43782,43803,43531,272,-317,6
,,20,22,,,515,833,8.709,14.287,15,124.425483,43782,43797,43392,405,-425,0
,,20,20,,,509,683,16.6,18.9,24,313.74,43783,43807,43395,412,-461,7
,,20,22,,,681,684,17.5,18.4,38,322,43783,43821,43359,462,-515,7
,,18,20,,,320,153,18.919,15.5,21,293.2445,43784,43805,43476,329,-375,6
,,36,21,,,811,293,22.5,18.32,31,412.2,44811,44842,43300,1542,-1594,7
,,20,20,,,611,192,13.889,7.3,18,101.3897,43784,43802,43362,440,-478,4
,,33,21,,,251,293,22.5,18.32,30,412.2,44828,44858,43497,1361,-1412,7
,,20,21,,,369,143,10.97,13.152,25,144.27744,43784,43809,43454,355,-394,6
,,20,21,,,734,822,12.6,10.3,22,129.78,43784,43806,43332,474,-514,7
,,20,22,,,742,153,15,16.375,35,245.625,43784,43819,43339,480,-536,4
,,18,20,,,154,154,19.932,15.976,24,318.433632,43785,43809,43525,284,-354,7
,,20,22,,,848,132,18.94,12.2,27,231.068,43787,43814,43289,525,-583,7
,,20,21,,,247,693,17.8,14.8,34,263.44,43788,43822,43498,324,-353,26
,,36,21,,,165,134,22.828,14.354,23,327.673112,44843,44866,43521,1345,-1411,6
,,18,20,,,294,823,16.231,14.307,18,232.216917,43789,43807,43482,325,-351,0
,,20,21,,,702,824,17.596,14.575,33,256.4617,43789,43822,43347,475,-523,7
,,20,21,,,703,834,7.062,14.636,33,103.359432,43789,43822,43347,475,-523,7
,,20,20,,,562,124,18.618,14.354,22,267.242772,43790,43812,43377,435,-500,6
,,20,20,,,24,824,15.665,11.094,22,173.78751,43675,43697,43584,113,-162,6
,,33,21,,,398,825,24.4,10.4,33,253.76,44859,44892,43446,1446,-1488,19
,,20,22,,,84,283,13.7,18.32,36,250.984,43676,43712,43570,142,-198,7
,,20,22,,,626,221,18.25,8.199999999999999,14,149.65,43792,43806,43359,447,-475,6
,,20,20,,,335,832,6.767,14.288,16,96.686896,43793,43809,43472,337,-379,5
,,36,21,,,720,103,23.857,9.5,34,226.6415,44867,44901,43341,1560,-1606,5
,,20,20,,,866,632,13.38,17.28,15,231.2064,43793,43808,43275,533,-587,4
,,20,22,,,573,104,13.35,13.05,15,174.2175,43793,43808,43375,433,-462,6
,,33,21,,,188,101,30.66,9.4,32,288.204,44893,44925,43515,1410,-1456,0
,,18,20,,,167,132,18.94,12.2,31,231.068,43794,43825,43531,294,-342,-1
,,20,20,,,741,143,5.23,16.375,35,85.64125,43794,43829,43339,490,-546,4
,,20,22,,,411,652,13.412,19.5,19,261.534,43795,43814,43425,389,-429,6
