col_1,col_2,18,18.1,col_5,col_6,544,631,10.53,15.97,8,168.1641,43333,43341,43375,-34,0,33
,,18,20,,,540,621,8.95,15.97,10,142.9315,43334,43344,43378,-34,0,33
,,18,20,,,142,621,8.95,15.97,10,142.9315,43476,43486,43520,-34,0,33
,,18,20,,,39,621,8.95,15.97,10,142.9315,43525,43535,43569,-34,0,33
,,18,20,,,257,221,18.0,15.97,11,287.46,43414,43425,43488,-63,0,1
,,18,20,,,258,221,19.0,15.97,11,303.43,43414,43425,43488,-63,0,1
,,18,20,,,141,631,10.53,15.97,11,168.1641,43473,43484,43521,-37,0,33
,,18,20,,,38,631,10.53,15.97,11,168.1641,43522,43533,43570,-37,0,33
,,18,21,,,695,221,15.0,15.97,12,239.55,43264,43276,43340,-64,0,1
,,18,21,,,696,221,16.0,15.97,12,255.52,43264,43276,43340,-64,0,1
,,18,21,,,354,221,20.0,15.97,12,319.4,43388,43400,43464,-64,0,1
,,20,21,,,355,221,21.0,15.97,12,335.37,43388,43400,43464,-64,0,1
,,20,20,,,215,622,13.38,17.28,12,231.2064,43427,43439,43495,-56,0,5
,,20,20,,,216,622,13.38,17.28,12,231.2064,43427,43439,43495,-56,0,5
,,20,20,,,641,622,13.38,17.28,13,231.2064,43284,43297,43354,-57,0,5
,,20,20,,,642,622,13.38,17.28,13,231.2064,43284,43297,43354,-57,0,5
,,20,20,,,607,631,10.53,15.97,13,168.1641,43292,43305,43357,-52,0,0
,,20,20,,,608,631,10.53,15.97,13,168.1641,43292,43305,43357,-52,0,0
,,20,20,,,326,622,13.38,17.28,13,231.2064,43401,43414,43471,-57,0,5
,,20,20,,,327,622,13.38,17.28,13,231.2064,43401,43414,43471,-57,0,5
,,20,20,,,305,631,10.53,15.97,13,168.1641,43409,43422,43474,-52,0,0
,,20,20,,,306,631,10.53,15.97,13,168.1641,43409,43422,43474,-52,0,0
,,20,20,,,201,631,10.53,15.97,13,168.1641,43435,43448,43500,-52,0,0
,,20,20,,,202,631,10.53,15.97,13,168.1641,43435,43448,43500,-52,0,0
,,20,21,,,688,231,14.308,15.97,14,228.49876,43268,43282,43342,-60,0,4
,,20,21,,,689,231,14.308,15.97,14,228.49876,43268,43282,43342,-60,0,4
,,20,21,,,616,632,13.38,17.28,14,231.2064,43283,43297,43357,-60,0,4
,,20,21,,,617,632,13.38,17.28,14,231.2064,43283,43297,43357,-60,0,4
,,20,21,,,620,621,8.95,15.97,14,142.9315,43292,43306,43357,-51,0,0
,,20,21,,,621,621,8.95,15.97,14,142.9315,43292,43306,43357,-51,0,0
,,20,21,,,627,231,15.25,8.2,14,125.05,43317,43331,43359,-28,0,6
,,20,22,,,626,221,18.25,8.2,14,149.65,43317,43331,43359,-28,0,6
,,20,22,,,578,132,11.0,9.55,14,105.05,43332,43346,43374,-28,0,6
,,20,22,,,577,122,18.0,9.55,14,171.9,43332,43346,43374,-28,0,6
,,20,22,,,405,132,10.0,9.55,14,95.5,43389,43403,43431,-28,0,6
,,20,22,,,404,122,17.0,9.55,14,162.35,43389,43403,43431,-28,0,6
,,20,20,,,349,231,14.308,15.97,14,228.49876,43392,43406,43466,-60,0,4
,,20,22,,,350,231,14.308,15.97,14,228.49876,43392,43406,43466,-60,0,4
,,20,22,,,307,632,13.38,17.28,14,231.2064,43400,43414,43474,-60,0,4
,,20,22,,,308,632,13.38,17.28,14,231.2064,43400,43414,43474,-60,0,4
,,20,22,,,311,621,8.95,15.97,14,142.9315,43409,43423,43474,-51,0,0
,,20,22,,,312,621,8.95,15.97,14,142.9315,43409,43423,43474,-51,0,0
,,20,22,,,243,231,14.308,15.97,14,228.49876,43417,43431,43491,-60,0,4
,,20,22,,,244,231,14.308,15.97,14,228.49876,43417,43431,43491,-60,0,4
,,20,20,,,205,632,13.38,17.28,14,231.2064,43425,43439,43499,-60,0,4
,,20,22,,,206,632,13.38,17.28,14,231.2064,43425,43439,43499,-60,0,4
,,22,21,,,203,621,8.95,15.97,14,142.9315,43435,43449,43500,-51,0,0
,,33,21,,,204,621,8.95,15.97,14,142.9315,43435,43449,43500,-51,0,0
,,36,21,,,866,632,13.38,17.28,15,231.2064,43206,43221,43275,-54,0,4
,,36,21,,,863,622,13.38,17.28,15,231.2064,43222,43237,43276,-39,-15,5
,,36,21,,,824,631,10.53,15.97,15,168.1641,43238,43253,43284,-31,-23,0
,,36,21,,,825,621,8.95,15.97,15,142.9315,43254,43269,43284,-15,-37,0
,,36,21,,,838,623,13.38,18.79,15,251.4102,43270,43285,43281,4,-51,1
,,18,21,,,839,633,13.38,18.79,15,251.4102,43277,43292,43281,11,-58,1
,,36,21,,,851,144,24.366,16.385,15,399.23691,43286,43301,43272,29,-51,2
,,20,20,,,556,622,13.38,17.28,15,231.2064,43329,43344,43378,-34,0,12
,,18,21,,,573,104,13.35,13.05,15,174.2175,43331,43346,43375,-29,0,6
,,20,21,,,551,623,13.38,18.79,15,251.4102,43332,43347,43381,-34,0,3
,,20,21,,,552,633,13.38,18.79,15,251.4102,43332,43347,43381,-34,0,3
,,20,20,,,484,623,13.38,18.79,15,251.4102,43336,43351,43398,-47,0,0
,,18,21,,,485,633,13.38,18.79,15,251.4102,43336,43351,43398,-47,0,0
,,20,20,,,476,623,13.38,18.79,15,251.4102,43337,43352,43399,-47,0,0
,,20,20,,,477,633,13.38,18.79,15,251.4102,43337,43352,43399,-47,0,0
,,20,21,,,458,653,11.2,17.72,15,198.464,43357,43372,43402,-30,0,3
,,20,20,,,457,643,13.412,17.72,15,237.66064,43357,43372,43402,-30,0,3
,,20,21,,,515,833,8.709,14.287,15,124.425483,43357,43372,43392,-20,0,0
,,36,21,,,508,833,8.709,14.287,15,124.425483,43358,43373,43393,-20,0,0
,,20,20,,,401,104,13.35,13.05,15,174.2175,43388,43403,43432,-29,0,6
,,20,20,,,271,623,13.38,18.79,15,251.4102,43422,43437,43484,-47,0,0
,,20,21,,,272,623,13.38,18.79,15,251.4102,43422,43437,43484,-47,0,0
,,20,21,,,273,633,13.38,18.79,15,251.4102,43422,43437,43484,-47,0,0
,,20,21,,,274,633,13.38,18.79,15,251.4102,43422,43437,43484,-47,0,0
,,20,20,,,331,833,8.709,14.287,15,124.425483,43438,43453,43473,-20,0,0
,,20,22,,,263,653,11.2,17.72,15,198.464,43441,43456,43486,-30,0,3
,,18,18,,,264,653,11.2,17.72,15,198.464,43441,43456,43486,-30,0,3
,,18,20,,,261,643,13.412,17.72,15,237.66064,43441,43456,43486,-30,0,3
,,18,21,,,262,643,13.412,17.72,15,237.66064,43441,43456,43486,-30,0,3
,,20,21,,,178,633,13.38,18.79,15,251.4102,43448,43463,43510,-47,0,0
,,20,22,,,179,633,13.38,18.79,15,251.4102,43448,43463,43510,-47,0,0
,,20,22,,,816,642,13.412,19.5,16,261.534,43347,43363,43288,75,-115,5
,,20,21,,,817,652,13.412,19.5,16,261.534,43232,43248,43288,-40,0,5
,,20,21,,,808,653,11.2,17.72,16,198.464,43243,43259,43290,-31,0,3
,,20,21,,,807,643,13.412,17.72,16,237.66064,43348,43364,43290,74,-105,3
,,20,21,,,860,833,8.709,14.287,16,124.425483,43348,43364,43279,85,-106,0
,,36,21,,,676,103,29.101,15.68,16,456.30368,43374,43390,43342,48,-94,7
,,36,21,,,677,103,29.101,15.68,16,456.30368,43391,43407,43342,65,-111,7
,,18,21,,,555,632,13.38,17.28,16,231.2064,43352,43368,43379,-11,-25,12
,,20,20,,,525,832,6.767,14.288,16,96.686896,43353,43369,43389,-20,-22,5
,,20,20,,,524,822,16.086,14.292,16,229.901112,43353,43369,43389,-20,-22,5
,,20,21,,,520,832,6.767,14.288,16,96.686896,43332,43348,43390,-42,0,5
,,20,22,,,519,822,16.086,14.292,16,229.901112,43364,43380,43390,-10,-32,5
,,20,21,,,478,642,13.412,19.5,16,261.534,43365,43381,43400,-19,-21,5
,,20,21,,,479,652,13.412,19.5,16,261.534,43365,43381,43400,-19,-21,5
,,18,21,,,473,642,13.412,19.5,16,261.534,43369,43385,43401,-16,-24,5
,,20,20,,,474,652,13.412,19.5,16,261.534,43370,43386,43401,-15,-25,5
,,20,20,,,465,653,11.2,17.72,16,198.464,43370,43386,43402,-16,-15,3
,,20,21,,,464,643,13.412,17.72,16,237.66064,43373,43389,43402,-13,-18,3
,,20,21,,,342,122,15.531,12.2,16,189.4782,43400,43416,43463,-47,0,7
,,20,22,,,343,122,15.531,12.2,16,189.4782,43400,43416,43463,-47,0,7
,,20,21,,,344,132,18.94,12.2,16,231.068,43400,43416,43463,-47,0,7
,,20,21,,,345,132,18.94,12.2,16,231.068,43400,43416,43463,-47,0,7
,,36,21,,,346,103,29.101,15.68,16,456.30368,43408,43424,43463,-39,-7,7
,,36,21,,,347,103,29.101,15.68,16,456.30368,43425,43441,43463,-22,-24,7
,,18,21,,,338,832,6.767,14.288,16,96.686896,43413,43429,43471,-42,0,5
,,20,20,,,337,822,16.086,14.292,16,229.901112,43413,43429,43471,-42,0,5
,,20,20,,,335,832,6.767,14.288,16,96.686896,43414,43430,43472,-42,0,5
,,20,21,,,334,822,16.086,14.292,16,229.901112,43414,43430,43472,-42,0,5
,,36,21,,,237,103,29.101,15.68,16,456.30368,43442,43458,43489,-31,-15,7
,,33,21,,,238,103,29.101,15.68,16,456.30368,43450,43466,43489,-23,-23,7
,,18,21,,,275,642,13.412,19.5,16,261.534,43429,43445,43485,-40,0,5
,,20,21,,,276,642,13.412,19.5,16,261.534,43429,43445,43485,-40,0,5
,,20,22,,,277,652,13.412,19.5,16,261.534,43429,43445,43485,-40,0,5
,,20,20,,,278,652,13.412,19.5,16,261.534,43429,43445,43485,-40,0,5
,,20,22,,,323,833,8.709,14.287,16,124.425483,43439,43455,43476,-21,0,0
,,20,22,,,182,623,13.38,18.79,16,251.4102,43446,43462,43510,-48,0,0
,,20,22,,,183,623,13.38,18.79,16,251.4102,43446,43462,43510,-48,0,0
,,36,21,,,832,182,23.0,7.3,17,167.9,43459,43476,43285,191,-228,4
,,20,20,,,833,192,13.889,7.3,17,101.3897,43415,43432,43285,147,-184,4
,,20,20,,,749,161,13.792,9.4,17,129.6448,43415,43432,43318,114,-149,7
,,20,22,,,750,161,13.792,9.4,17,129.6448,43415,43432,43318,114,-149,7
,,20,22,,,751,171,16.655,9.4,17,156.557,43415,43432,43318,114,-149,7
,,20,21,,,752,171,16.655,9.4,17,156.557,43417,43434,43318,116,-151,7
,,20,21,,,672,122,15.531,12.2,17,189.4782,43417,43434,43343,91,-139,7
,,20,22,,,673,122,15.531,12.2,17,189.4782,43278,43295,43343,-48,0,7
,,20,21,,,674,132,18.94,12.2,17,231.068,43417,43434,43343,91,-139,7
,,20,22,,,675,132,18.94,12.2,17,231.068,43417,43434,43343,91,-139,7
,,20,20,,,553,182,20.0,7.3,17,146.0,43423,43440,43382,58,-99,6
,,20,20,,,554,192,13.889,7.3,17,101.3897,43423,43440,43382,58,-99,6
,,20,22,,,422,231,15.25,8.2,17,125.05,43424,43441,43419,22,-53,6
,,36,21,,,421,221,18.25,8.2,17,149.65,43371,43388,43419,-31,0,6
,,20,22,,,233,122,15.531,12.2,17,189.4782,43425,43442,43490,-48,0,7
,,18,20,,,234,122,15.531,12.2,17,189.4782,43426,43443,43490,-47,-1,7
,,18,20,,,235,132,18.94,12.2,17,231.068,43426,43443,43490,-47,-1,7
,,18,21,,,236,132,18.94,12.2,17,231.068,43430,43447,43490,-43,-5,7
,,20,21,,,290,112,21.0,8.6,17,180.6,43436,43453,43477,-24,0,5
,,20,22,,,291,112,21.0,8.6,17,180.6,43436,43453,43477,-24,0,5
,,20,20,,,159,622,13.38,17.28,17,231.2064,43469,43486,43522,-36,0,12
,,20,20,,,112,833,8.709,14.287,17,124.425483,43505,43522,43544,-22,0,0
,,20,22,,,113,833,8.709,14.287,17,124.425483,43505,43522,43544,-22,0,0
,,20,21,,,52,622,13.38,17.28,17,231.2064,43518,43535,43571,-36,0,12
,,20,21,,,21,653,11.2,17.72,17,198.464,43526,43543,43581,-38,0,6
,,20,20,,,32,643,13.412,17.72,17,237.66064,43526,43543,43578,-35,0,6
,,20,22,,,20,652,13.412,19.5,17,261.534,43526,43543,43581,-38,0,6
,,20,20,,,31,642,13.412,19.5,17,261.534,43526,43543,43578,-35,0,6
,,20,20,,,873,832,6.767,14.288,18,96.686896,43433,43451,43274,177,-218,5
,,20,22,,,872,822,16.086,14.292,18,229.901112,43433,43451,43274,177,-218,5
,,20,22,,,875,161,13.792,9.4,18,129.6448,43433,43451,43269,182,-210,0
,,20,21,,,876,171,16.655,9.4,18,156.557,43435,43453,43269,184,-212,0
,,20,21,,,845,182,19.0,14.248,18,270.712,43435,43453,43282,171,-205,1
,,20,21,,,846,192,10.441,14.248,18,148.763368,43435,43453,43282,171,-204,2
,,20,22,,,814,112,21.0,8.6,18,180.6,43435,43453,43285,168,-193,5
,,20,20,,,837,823,16.231,14.307,18,232.216917,43438,43456,43286,170,-196,0
,,20,21,,,609,182,21.0,7.3,18,153.3,43438,43456,43362,94,-132,4
,,36,21,,,610,182,22.0,7.3,18,160.6,43389,43407,43362,45,-83,4
,,20,21,,,611,192,13.889,7.3,18,101.3897,43438,43456,43362,94,-132,4
,,20,21,,,612,192,13.889,7.3,18,101.3897,43438,43456,43362,94,-132,4
,,20,22,,,593,112,21.0,8.6,18,180.6,43440,43458,43361,97,-122,5
,,20,22,,,594,112,21.0,8.6,18,180.6,43442,43460,43361,99,-124,5
,,20,21,,,583,112,21.0,8.6,18,180.6,43349,43367,43368,-1,-29,5
,,20,20,,,430,832,6.767,14.288,18,96.686896,43354,43372,43417,-45,0,6
,,20,20,,,431,833,8.709,14.287,18,124.425483,43440,43458,43417,41,-86,6
,,20,20,,,428,822,16.086,14.292,18,229.901112,43440,43458,43417,41,-86,6
,,20,20,,,429,823,16.231,14.307,18,232.216917,43441,43459,43417,42,-87,6
,,20,20,,,396,161,11.58,12.405,18,143.6499,43441,43459,43442,17,-49,6
,,20,22,,,397,171,21.526,7.65,18,164.6739,43443,43461,43442,19,-51,6
,,18,20,,,297,182,18.0,7.3,18,131.4,43444,43462,43480,-18,-20,4
,,18,20,,,298,182,19.0,7.3,18,138.7,43444,43462,43480,-18,-20,4
,,18,21,,,299,192,13.889,7.3,18,101.3897,43446,43464,43480,-16,-22,4
,,20,20,,,300,192,13.889,7.3,18,101.3897,43446,43464,43480,-16,-22,4
,,20,21,,,294,823,16.231,14.307,18,232.216917,43446,43464,43482,-18,-8,0
,,18,21,,,293,823,16.231,14.307,18,232.216917,43448,43466,43483,-17,-9,0
,,20,20,,,855,834,9.215,10.9,19,100.4435,43449,43468,43282,186,-207,4
,,20,20,,,854,824,15.665,11.094,19,173.78751,43449,43468,43282,186,-207,4
,,22,21,,,723,182,18.0,14.248,19,256.464,43450,43469,43333,136,-173,7
,,20,20,,,724,192,10.441,14.248,19,148.763368,43452,43471,43333,138,-175,7
,,20,22,,,717,182,17.0,14.248,19,242.216,43452,43471,43334,137,-174,7
,,20,21,,,718,192,10.441,14.248,19,148.763368,43368,43387,43334,53,-90,7
,,20,22,,,654,183,7.507,14.276,19,107.169932,43452,43471,43353,118,-151,5
,,20,20,,,655,193,14.445,14.246,19,205.78347,43373,43392,43353,39,-72,5
,,20,21,,,546,161,11.58,12.405,19,143.6499,43454,43473,43386,87,-120,6
,,36,21,,,547,171,21.526,7.65,19,164.6739,43408,43427,43386,41,-74,6
,,20,21,,,426,834,9.215,10.9,19,100.4435,43454,43473,43418,55,-101,6
,,20,21,,,425,824,15.665,11.094,19,173.78751,43454,43473,43418,55,-101,6
,,20,20,,,412,653,11.2,17.72,19,198.464,43373,43392,43425,-33,-7,6
,,20,21,,,417,643,13.412,17.72,19,237.66064,43454,43473,43422,51,-88,6
,,20,22,,,411,652,13.412,19.5,19,261.534,43454,43473,43425,48,-88,6
,,20,22,,,416,642,13.412,19.5,19,261.534,43454,43473,43422,51,-88,6
,,20,22,,,371,144,10.5,13.05,19,137.025,43456,43475,43451,24,-57,6
,,18,18,,,329,835,7.416,16.884,19,125.211744,43457,43476,43472,4,-44,6
,,18,20,,,328,825,19.167,16.931,19,324.516477,43457,43476,43472,4,-44,6
,,20,21,,,322,834,9.215,10.9,19,100.4435,43438,43457,43478,-21,0,4
,,18,21,,,321,824,15.665,11.094,19,173.78751,43457,43476,43478,-2,-19,4
,,20,20,,,316,834,9.215,10.9,19,100.4435,43457,43476,43479,-3,-18,4
,,20,21,,,315,824,15.665,11.094,19,173.78751,43457,43476,43479,-3,-18,4
,,20,21,,,211,102,19.76,18.47,19,364.9672,43457,43476,43496,-20,-16,0
,,20,21,,,212,102,19.76,18.47,19,364.9672,43457,43476,43496,-20,-16,0
,,20,22,,,190,182,16.0,7.3,19,116.8,43457,43476,43509,-33,-6,4
,,20,20,,,191,182,17.0,7.3,19,124.1,43459,43478,43509,-31,-8,4
,,20,20,,,192,192,13.889,7.3,19,101.3897,43459,43478,43509,-31,-8,4
,,20,22,,,193,192,13.889,7.3,19,101.3897,43459,43478,43509,-31,-8,4
,,20,20,,,158,632,13.38,17.28,19,231.2064,43466,43485,43524,-39,0,12
,,20,20,,,137,623,13.38,18.79,19,251.4102,43473,43492,43530,-38,0,3
,,20,22,,,138,633,13.38,18.79,19,251.4102,43473,43492,43530,-38,0,3
,,20,22,,,97,653,11.2,17.72,19,198.464,43500,43519,43553,-34,0,3
,,18,20,,,98,653,11.2,17.72,19,198.464,43500,43519,43553,-34,0,3
,,20,20,,,95,643,13.412,17.72,19,237.66064,43500,43519,43553,-34,0,3
,,18,20,,,96,643,13.412,17.72,19,237.66064,43500,43519,43553,-34,0,3
,,20,20,,,62,653,11.2,17.72,19,198.464,43508,43527,43567,-40,0,6
,,20,22,,,76,643,13.412,17.72,19,237.66064,43508,43527,43564,-37,0,6
,,20,20,,,61,652,13.412,19.5,19,261.534,43508,43527,43567,-40,0,6
,,20,22,,,75,642,13.412,19.5,19,261.534,43508,43527,43564,-37,0,6
,,20,22,,,51,632,13.38,17.28,19,231.2064,43515,43534,43573,-39,0,12
,,36,21,,,43,623,13.38,18.79,19,251.4102,43520,43539,43577,-38,0,3
,,18,21,,,44,633,13.38,18.79,19,251.4102,43520,43539,43577,-38,0,3
,,20,20,,,783,183,7.507,14.276,20,107.169932,43465,43485,43298,187,-233,6
,,20,21,,,784,193,14.445,14.246,20,205.78347,43465,43485,43298,187,-233,6
,,33,21,,,652,102,19.76,18.47,20,364.9672,43467,43487,43348,139,-176,0
,,20,20,,,653,102,19.76,18.47,20,364.9672,43469,43489,43348,141,-178,0
,,18,21,,,662,183,7.507,14.276,20,107.169932,43467,43487,43353,134,-168,5
,,20,20,,,663,193,14.445,14.246,20,205.78347,43469,43489,43353,136,-170,5
,,22,21,,,584,221,14.0,15.97,20,223.58,43470,43490,43381,109,-151,22
,,20,20,,,513,835,7.416,16.884,20,125.211744,43472,43492,43391,101,-142,6
,,20,22,,,514,835,7.416,16.884,20,125.211744,43472,43492,43391,101,-142,6
,,20,20,,,511,825,19.167,16.931,20,324.516477,43440,43460,43391,69,-110,6
,,20,22,,,512,825,19.167,16.931,20,324.516477,43472,43492,43391,101,-142,6
,,20,21,,,495,144,10.5,13.05,20,137.025,43474,43494,43398,96,-130,6
,,20,21,,,490,154,14.94,13.05,20,194.967,43474,43494,43399,95,-129,6
,,20,21,,,486,145,10.1,13.065,20,131.9565,43474,43494,43400,94,-128,6
,,20,21,,,366,145,10.1,13.065,20,131.9565,43474,43494,43455,39,-73,6
,,20,22,,,367,154,14.94,13.05,20,194.967,43446,43466,43455,11,-45,6
,,20,22,,,310,835,7.416,16.884,20,125.211744,43474,43494,43475,19,-60,6
,,20,22,,,309,825,19.167,16.931,20,324.516477,43474,43494,43475,19,-60,6
,,20,20,,,313,102,19.76,18.47,20,364.9672,43454,43474,43472,2,-39,0
,,20,22,,,314,102,19.76,18.47,20,364.9672,43476,43496,43472,24,-61,0
,,18,18,,,127,832,6.767,14.288,20,96.686896,43477,43497,43539,-42,-4,5
,,18,20,,,128,832,6.767,14.288,20,96.686896,43477,43497,43539,-42,-4,5
,,18,21,,,125,822,16.086,14.292,20,229.901112,43477,43497,43539,-42,-4,5
,,20,20,,,126,822,16.086,14.292,20,229.901112,43477,43497,43539,-42,-4,5
,,20,21,,,102,642,13.412,19.5,20,261.534,43486,43506,43550,-44,0,5
,,20,21,,,103,642,13.412,19.5,20,261.534,43486,43506,43550,-44,0,5
,,20,21,,,104,652,13.412,19.5,20,261.534,43486,43506,43550,-44,0,5
,,20,22,,,105,652,13.412,19.5,20,261.534,43486,43506,43550,-44,0,5
,,20,21,,,844,102,19.76,18.47,21,364.9672,43458,43479,43278,201,-239,0
,,20,20,,,745,104,18.3,18.2,21,333.06,43461,43482,43327,155,-201,2
,,36,21,,,590,183,8.82,15.798,21,139.33836,43477,43498,43367,131,-190,4
,,20,20,,,591,193,15.59,15.978,21,249.09702,43479,43500,43367,133,-192,4
,,20,20,,,587,183,8.82,15.798,21,139.33836,43479,43500,43368,132,-191,4
,,20,22,,,588,193,15.59,15.978,21,249.09702,43479,43500,43368,132,-191,4
,,18,20,,,644,143,13.809,15.686,21,216.607974,43485,43506,43357,149,-195,6
,,20,20,,,645,143,13.809,15.686,21,216.607974,43486,43507,43357,150,-196,6
,,20,21,,,646,153,18.919,15.5,21,293.2445,43464,43485,43357,128,-174,6
,,20,20,,,647,153,18.919,15.5,21,293.2445,43486,43507,43357,150,-196,6
,,20,22,,,592,231,14.308,15.97,21,228.49876,43467,43488,43374,114,-157,14
,,20,21,,,532,162,17.86,7.8,21,139.308,43486,43507,43388,119,-154,6
,,18,20,,,533,172,18.45,12.45,21,229.7025,43487,43508,43388,120,-155,6
,,20,20,,,475,823,16.231,14.307,21,232.216917,43475,43496,43407,89,-118,0
,,20,21,,,466,823,16.231,14.307,21,232.216917,43480,43501,43408,93,-122,0
,,20,20,,,388,162,17.86,7.8,21,139.308,43487,43508,43445,63,-98,6
,,18,21,,,389,172,18.45,12.45,21,229.7025,43488,43509,43445,64,-99,6
,,33,21,,,281,183,8.82,15.798,21,139.33836,43488,43509,43486,23,-82,4
,,20,20,,,282,183,8.82,15.798,21,139.33836,43490,43511,43486,25,-84,4
,,20,20,,,283,193,15.59,15.978,21,249.09702,43490,43511,43486,25,-84,4
,,22,21,,,284,193,15.59,15.978,21,249.09702,43491,43512,43486,26,-85,4
,,20,20,,,317,143,13.809,15.686,21,216.607974,43493,43514,43476,38,-84,6
,,20,20,,,318,143,13.809,15.686,21,216.607974,43493,43514,43476,38,-84,6
,,20,22,,,319,153,18.919,15.5,21,293.2445,43493,43514,43476,38,-84,6
,,20,22,,,320,153,18.919,15.5,21,293.2445,43493,43514,43476,38,-84,6
,,20,22,,,184,183,8.82,15.798,21,139.33836,43493,43514,43511,3,-62,4
,,20,21,,,185,183,8.82,15.798,21,139.33836,43495,43516,43511,5,-64,4
,,20,21,,,186,193,15.59,15.978,21,249.09702,43495,43516,43511,5,-64,4
,,20,20,,,187,193,15.59,15.978,21,249.09702,43483,43504,43511,-7,-52,4
,,20,21,,,207,143,13.809,15.686,21,216.607974,43495,43516,43502,14,-60,6
,,20,21,,,208,143,13.809,15.686,21,216.607974,43495,43516,43502,14,-60,6
,,20,22,,,209,153,18.919,15.5,21,293.2445,43495,43516,43502,14,-60,6
,,20,22,,,210,153,18.919,15.5,21,293.2445,43495,43516,43502,14,-60,6
,,20,22,,,168,112,21.0,8.6,21,180.6,43497,43518,43516,2,-35,5
,,18,21,,,174,112,21.0,8.6,21,180.6,43498,43519,43512,7,-35,5
,,36,21,,,175,112,21.0,8.6,21,180.6,43499,43520,43512,8,-36,5
,,18,18,,,143,182,15.0,7.3,21,109.5,43498,43519,43531,-12,-33,6
,,18,20,,,144,192,13.889,7.3,21,101.3897,43498,43519,43531,-12,-33,6
,,20,20,,,70,832,6.767,14.288,21,96.686896,43499,43520,43568,-48,0,6
,,20,20,,,71,833,8.709,14.287,21,124.425483,43501,43522,43568,-46,-2,6
,,20,21,,,68,822,16.086,14.292,21,229.901112,43499,43520,43568,-48,0,6
,,20,20,,,69,823,16.231,14.307,21,232.216917,43501,43522,43568,-46,-2,6
,,20,22,,,72,112,21.0,8.6,21,180.6,43507,43528,43561,-33,0,5
,,18,20,,,100,823,16.231,14.307,21,232.216917,43507,43528,43555,-27,-2,0
,,20,21,,,101,823,16.231,14.307,21,232.216917,43507,43528,43555,-27,-2,0
,,33,21,,,46,182,25.0,7.3,21,182.5,43512,43533,43578,-45,0,6
,,20,22,,,47,192,13.889,7.3,21,101.3897,43512,43533,43578,-45,0,6
,,20,21,,,29,832,6.767,14.288,21,96.686896,43514,43535,43583,-48,0,6
,,20,20,,,30,833,8.709,14.287,21,124.425483,43514,43535,43583,-48,0,6
,,20,21,,,26,822,16.086,14.292,21,229.901112,43514,43535,43583,-48,0,6
,,20,20,,,27,823,16.231,14.307,21,232.216917,43514,43535,43583,-48,0,6
,,20,21,,,849,143,13.809,15.686,22,216.607974,43507,43529,43282,247,-294,5
,,20,22,,,850,153,18.919,15.5,22,293.2445,43507,43529,43282,247,-294,5
,,20,20,,,795,183,8.82,15.798,22,139.33836,43508,43530,43295,235,-295,4
,,20,20,,,796,193,15.59,15.978,22,249.09702,43508,43530,43295,235,-295,4
,,18,20,,,853,835,7.416,16.884,22,125.211744,43509,43531,43280,251,-294,6
,,20,21,,,852,825,19.167,16.931,22,324.516477,43508,43530,43280,250,-293,6
,,20,20,,,834,123,16.106,12.2,22,196.4932,43509,43531,43284,247,-277,1
,,36,21,,,835,133,24.07,12.2,22,293.654,43521,43543,43284,259,-289,1
,,18,21,,,768,101,13.007,16.37,22,212.92459,43510,43532,43300,232,-258,2
,,20,20,,,743,142,8.276,16.07,22,132.99532,43512,43534,43328,206,-246,7
,,20,20,,,744,152,15.186,16.07,22,244.03902,43512,43534,43328,206,-246,7
,,22,21,,,709,173,16.387,11.151,22,182.731437,43513,43535,43336,199,-246,8
,,20,20,,,704,163,16.387,11.151,22,182.731437,43515,43537,43337,200,-247,8
,,20,20,,,740,832,14.0,10.3,22,144.2,43515,43537,43330,207,-247,7
,,20,22,,,739,822,12.6,10.3,22,129.78,43515,43537,43330,207,-247,7
,,20,22,,,737,142,8.276,16.07,22,132.99532,43515,43537,43330,207,-247,7
,,20,22,,,738,152,15.186,16.07,22,244.03902,43515,43537,43330,207,-247,7
,,20,21,,,735,832,13.0,10.3,22,133.9,43517,43539,43332,207,-247,7
,,20,21,,,734,822,12.6,10.3,22,129.78,43517,43539,43332,207,-247,7
,,20,21,,,562,124,18.618,14.354,22,267.242772,43517,43539,43377,162,-227,6
,,20,21,,,563,124,18.618,14.354,22,267.242772,43517,43539,43377,162,-227,6
,,33,21,,,564,134,22.828,14.354,22,327.673112,43534,43556,43377,179,-244,6
,,36,21,,,565,134,22.828,14.354,22,327.673112,43540,43562,43377,185,-250,6
,,20,22,,,498,183,8.82,15.798,22,139.33836,43517,43539,43397,142,-178,6
,,20,22,,,499,193,15.59,15.978,22,249.09702,43517,43539,43397,142,-178,6
,,20,22,,,489,155,14.7,13.05,22,191.835,43519,43541,43401,140,-176,6
,,18,18,,,492,834,9.215,10.9,22,100.4435,43520,43542,43403,139,-163,4
,,18,20,,,491,824,15.665,11.094,22,173.78751,43520,43542,43403,139,-163,4
,,18,20,,,488,834,9.215,10.9,22,100.4435,43520,43542,43404,138,-162,4
,,18,20,,,487,824,15.665,11.094,22,173.78751,43520,43542,43404,138,-162,4
,,18,21,,,229,124,18.618,14.354,22,267.242772,43520,43542,43495,47,-112,6
,,20,22,,,230,124,18.618,14.354,22,267.242772,43520,43542,43495,47,-112,6
,,36,21,,,231,134,22.828,14.354,22,327.673112,43544,43566,43495,71,-136,6
,,36,21,,,232,134,22.828,14.354,22,327.673112,43563,43585,43495,90,-155,6
,,20,20,,,189,231,14.308,15.97,22,228.49876,43521,43543,43517,26,-70,14
,,20,20,,,67,834,9.215,10.9,22,100.4435,43520,43542,43569,-27,-22,6
,,20,20,,,66,824,15.665,11.094,22,173.78751,43523,43545,43569,-24,-25,6
,,20,20,,,110,834,9.215,10.9,22,100.4435,43523,43545,43551,-6,-18,4
,,20,20,,,111,834,9.215,10.9,22,100.4435,43523,43545,43551,-6,-18,4
,,20,22,,,108,824,15.665,11.094,22,173.78751,43523,43545,43551,-6,-18,4
,,20,22,,,109,824,15.665,11.094,22,173.78751,43528,43550,43551,-1,-23,4
,,20,21,,,25,834,9.215,10.9,22,100.4435,43521,43543,43584,-41,-8,6
,,20,20,,,24,824,15.665,11.094,22,173.78751,43528,43550,43584,-34,-15,6
,,20,22,,,878,832,15.0,10.3,23,154.5,43528,43551,43272,279,-317,3
,,18,20,,,877,822,12.6,10.3,23,129.78,43529,43552,43272,280,-318,3
,,20,21,,,771,628,15.6,20.0,23,312.0,43529,43552,43306,246,-308,7
,,20,20,,,772,638,15.6,20.0,23,312.0,43528,43551,43306,245,-307,7
,,20,22,,,650,628,15.6,20.0,23,312.0,43529,43552,43355,197,-267,7
,,20,21,,,651,638,15.6,20.0,23,312.0,43530,43553,43355,198,-268,7
,,20,22,,,557,144,17.566,15.678,23,275.399748,43530,43553,43380,173,-242,7
,,20,20,,,558,144,17.566,15.678,23,275.399748,43531,43554,43380,174,-243,7
,,20,20,,,559,154,19.932,15.976,23,318.433632,43531,43554,43380,174,-243,7
,,20,21,,,560,154,19.932,15.976,23,318.433632,43531,43554,43380,174,-243,7
,,18,20,,,648,628,15.6,20.0,23,312.0,43532,43555,43359,196,-237,7
,,20,20,,,649,638,15.6,20.0,23,312.0,43532,43555,43359,196,-237,7
,,18,21,,,622,123,16.106,12.2,23,196.4932,43533,43556,43360,196,-227,1
,,18,20,,,623,123,16.106,12.2,23,196.4932,43534,43557,43360,197,-228,1
,,33,21,,,624,133,24.07,12.2,23,293.654,43557,43580,43360,220,-251,1
,,36,21,,,625,133,24.07,12.2,23,293.654,43567,43590,43360,230,-261,1
,,20,20,,,387,191,9.0,11.95,23,107.55,43535,43558,43448,110,-147,6
,,20,20,,,368,155,14.7,13.05,23,191.835,43535,43558,43457,101,-138,6
,,20,22,,,221,144,17.566,15.678,23,275.399748,43535,43558,43499,59,-128,7
,,18,20,,,222,144,17.566,15.678,23,275.399748,43536,43559,43499,60,-129,7
,,20,22,,,223,154,19.932,15.976,23,318.433632,43534,43557,43499,58,-127,7
,,20,21,,,224,154,19.932,15.976,23,318.433632,43536,43559,43499,60,-129,7
,,22,21,,,301,123,16.106,12.2,23,196.4932,43536,43559,43479,80,-111,1
,,20,20,,,302,123,16.106,12.2,23,196.4932,43538,43561,43479,82,-113,1
,,33,21,,,303,133,24.07,12.2,23,293.654,43581,43604,43479,125,-156,1
,,36,21,,,304,133,24.07,12.2,23,293.654,43586,43609,43479,130,-161,1
,,20,20,,,162,124,18.618,14.354,23,267.242772,43538,43561,43521,40,-106,6
,,20,22,,,163,124,18.618,14.354,23,267.242772,43538,43561,43521,40,-106,6
,,36,21,,,164,134,22.828,14.354,23,327.673112,43591,43614,43521,93,-159,6
,,33,21,,,165,134,22.828,14.354,23,327.673112,43605,43628,43521,107,-173,6
,,20,22,,,123,835,7.416,16.884,23,125.211744,43538,43561,43536,25,-69,6
,,20,20,,,124,835,7.416,16.884,23,125.211744,43536,43559,43536,23,-67,6
,,20,22,,,121,825,19.167,16.931,23,324.516477,43538,43561,43536,25,-69,6
,,18,21,,,122,825,19.167,16.931,23,324.516477,43540,43563,43536,27,-71,6
,,20,21,,,861,122,15.531,12.2,24,189.4782,43540,43564,43283,281,-336,7
,,20,21,,,864,144,15.117,16.07,24,242.93019,43540,43564,43279,285,-337,2
,,20,21,,,865,154,19.39,16.07,24,311.5973,43540,43564,43279,285,-337,2
,,20,21,,,697,683,16.6,18.9,24,313.74,43540,43564,43340,224,-288,16
,,20,22,,,698,693,16.6,18.9,24,313.74,43540,43564,43340,224,-288,16
,,20,22,,,827,833,7.281,14.575,24,106.120575,43540,43564,43290,274,-303,0
,,20,22,,,643,154,19.39,16.07,24,311.5973,43542,43566,43359,207,-288,5
,,18,20,,,509,683,16.6,18.9,24,313.74,43543,43567,43395,172,-221,7
,,18,20,,,510,693,16.6,18.9,24,313.74,43543,43567,43395,172,-221,7
,,18,18,,,521,191,9.0,11.95,24,107.55,43543,43567,43395,172,-210,6
,,18,20,,,518,181,15.0,11.95,24,179.25,43543,43567,43396,171,-209,6
,,20,22,,,400,832,22.0,15.4,24,338.8,43543,43567,43440,127,-157,25
,,18,21,,,399,822,19.175,15.4,24,295.295,43543,43567,43440,127,-157,25
,,20,20,,,376,181,14.0,11.95,24,167.3,43536,43560,43451,109,-147,6
,,20,22,,,296,832,21.0,15.4,24,323.4,43546,43570,43482,88,-118,25
,,20,21,,,295,822,19.175,15.4,24,295.295,43536,43560,43482,78,-108,25
,,36,21,,,180,111,22.2,13.8,24,306.36,43615,43639,43510,129,-186,7
,,33,21,,,181,111,22.2,13.8,24,306.36,43629,43653,43510,143,-200,7
,,20,20,,,152,144,17.566,15.678,24,275.399748,43544,43568,43525,43,-113,7
,,20,20,,,153,144,17.566,15.678,24,275.399748,43544,43568,43525,43,-113,7
,,20,20,,,154,154,19.932,15.976,24,318.433632,43546,43570,43525,45,-115,7
,,20,20,,,155,154,19.932,15.976,24,318.433632,43546,43570,43525,45,-115,7
,,20,20,,,176,263,16.6,18.79,24,311.914,43546,43570,43517,53,-110,1
,,20,22,,,177,263,16.6,18.79,24,311.914,43551,43575,43517,58,-115,1
,,20,21,,,169,221,17.0,15.97,24,271.49,43536,43560,43530,30,-76,22
,,20,22,,,81,231,14.308,15.97,24,228.49876,43552,43576,43568,8,-54,14
,,18,20,,,828,683,16.6,18.9,25,313.74,43553,43578,43288,290,-350,17
,,20,21,,,829,693,16.6,18.9,25,313.74,43553,43578,43288,290,-350,17
,,36,21,,,843,834,26.0,13.72,25,356.72,43640,43665,43285,380,-430,5
,,20,22,,,842,824,14.342,13.72,25,196.77224,43553,43578,43285,293,-343,5
,,20,21,,,789,273,14.5,18.79,25,272.455,43554,43579,43301,278,-336,1
,,20,22,,,788,263,16.6,18.79,25,311.914,43554,43579,43301,278,-336,1
,,20,21,,,769,124,21.0,18.1,25,380.1,43555,43580,43308,272,-318,9
,,20,22,,,770,134,21.0,18.1,25,380.1,43559,43584,43308,276,-322,9
,,20,20,,,818,834,7.062,14.636,25,103.359432,43555,43580,43292,288,-323,0
,,20,20,,,636,144,15.117,16.07,25,242.93019,43555,43580,43361,219,-301,5
,,18,20,,,613,144,15.117,16.07,25,242.93019,43556,43581,43363,218,-299,5
,,20,20,,,614,154,19.39,16.07,25,311.5973,43556,43581,43363,218,-299,5
,,33,21,,,710,834,24.0,13.72,25,329.28,43654,43679,43338,341,-380,5
,,36,21,,,585,111,22.2,13.8,25,306.36,43666,43691,43367,324,-382,7
,,33,21,,,586,111,22.2,13.8,25,306.36,43680,43705,43367,338,-396,7
,,36,21,,,566,111,22.2,13.8,25,306.36,43692,43717,43377,340,-374,15
,,18,21,,,470,273,14.5,18.79,25,272.455,43557,43582,43408,174,-232,1
,,18,20,,,469,263,16.6,18.79,25,311.914,43558,43583,43408,175,-233,1
,,20,20,,,460,273,14.5,18.79,25,272.455,43559,43584,43409,175,-233,1
,,20,20,,,459,263,16.6,18.79,25,311.914,43559,43584,43409,175,-233,1
,,18,20,,,506,143,10.97,13.152,25,144.27744,43560,43585,43397,188,-227,6
,,20,21,,,507,153,18.861,13.05,25,246.13605,43560,43585,43397,188,-227,6
,,22,21,,,456,671,18.6,14.9,25,277.14,43560,43585,43408,177,-216,6
,,20,20,,,410,835,7.416,16.884,25,125.211744,43562,43587,43428,159,-191,0
,,20,20,,,409,825,19.167,16.931,25,324.516477,43562,43587,43428,159,-191,0
,,20,22,,,369,143,10.97,13.152,25,144.27744,43562,43587,43454,133,-172,6
,,20,22,,,370,153,18.861,13.05,25,246.13605,43562,43587,43454,133,-172,6
,,20,22,,,359,671,18.6,14.9,25,277.14,43562,43587,43463,124,-163,6
,,33,21,,,279,111,22.2,13.8,25,306.36,43706,43731,43485,246,-304,7
,,36,21,,,280,111,22.2,13.8,25,306.36,43718,43743,43485,258,-316,7
,,18,21,,,348,661,18.6,14.9,25,277.14,43564,43589,43470,119,-158,6
,,20,21,,,255,273,14.5,18.79,25,272.455,43565,43590,43494,96,-154,1
,,20,21,,,256,273,14.5,18.79,25,272.455,43565,43590,43494,96,-154,1
,,20,21,,,253,263,16.6,18.79,25,311.914,43565,43590,43494,96,-154,1
,,20,21,,,254,263,16.6,18.79,25,311.914,43565,43590,43494,96,-154,1
,,20,22,,,172,273,14.5,18.79,25,272.455,43565,43590,43520,70,-128,1
,,20,22,,,173,273,14.5,18.79,25,272.455,43565,43590,43520,70,-128,1
,,20,22,,,194,123,16.106,12.2,25,196.4932,43567,43592,43509,83,-116,1
,,18,18,,,195,123,16.106,12.2,25,196.4932,43568,43593,43509,84,-117,1
,,36,21,,,196,133,24.07,12.2,25,293.654,43610,43635,43509,126,-159,1
,,33,21,,,197,133,24.07,12.2,25,293.654,43732,43757,43509,248,-281,1
,,20,20,,,58,221,16.0,15.97,25,255.52,43543,43568,43580,-12,-35,22
,,18,21,,,857,112,21.0,5.15,26,108.15,43568,43594,43266,328,-367,0
,,20,22,,,656,124,21.0,18.1,26,380.1,43568,43594,43355,239,-318,7
,,20,22,,,657,134,21.0,18.1,26,380.1,43571,43597,43355,242,-321,7
,,20,20,,,700,143,14.606,16.186,26,236.412716,43544,43570,43340,230,-285,5
,,18,20,,,701,153,19.167,16.07,26,308.01369,43568,43594,43340,254,-309,5
,,18,20,,,733,835,5.59,17.008,26,95.07472,43568,43594,43332,262,-302,5
,,18,20,,,732,825,17.18,16.97,26,291.5446,43568,43594,43332,262,-302,5
,,36,21,,,716,834,25.0,13.72,26,343.0,43744,43770,43337,433,-473,5
,,20,20,,,690,143,14.606,16.186,26,236.412716,43569,43595,43343,252,-292,5
,,20,21,,,691,153,19.167,16.07,26,308.01369,43544,43570,43343,227,-267,5
,,20,22,,,634,124,21.0,18.1,26,380.1,43576,43602,43362,240,-284,7
,,20,22,,,635,134,21.0,18.1,26,380.1,43577,43603,43362,241,-285,7
,,20,20,,,599,824,14.342,13.72,26,196.77224,43569,43595,43367,228,-272,7
,,20,20,,,598,824,14.342,13.72,26,196.77224,43571,43597,43368,229,-273,7
,,20,20,,,545,273,14.5,18.79,26,272.455,43571,43597,43391,206,-251,6
,,20,20,,,541,263,16.6,18.79,26,311.914,43571,43597,43392,205,-251,6
,,33,21,,,572,103,29.101,15.68,26,456.30368,43758,43784,43382,402,-432,5
,,18,20,,,386,643,19.9,14.2,26,282.58,43579,43605,43448,157,-183,27
,,20,21,,,384,653,17.9,14.2,26,254.18,43579,43605,43449,156,-182,27
,,20,22,,,365,184,9.804,21.05,26,206.3742,43579,43605,43458,147,-187,6
,,20,21,,,286,643,19.9,14.2,26,282.58,43544,43570,43489,81,-107,27
,,20,21,,,269,653,17.9,14.2,26,254.18,43580,43606,43490,116,-142,27
,,20,22,,,848,132,18.94,12.2,27,231.068,43580,43607,43289,318,-376,7
,,20,20,,,813,824,17.596,14.575,27,256.4617,43581,43608,43295,313,-348,1
,,20,22,,,826,823,17.548,14.578,27,255.814744,43544,43571,43293,278,-307,0
,,20,20,,,722,835,5.59,17.008,27,95.07472,43581,43608,43336,272,-313,5
,,20,21,,,721,825,17.18,16.97,27,291.5446,43581,43608,43336,272,-313,5
,,18,20,,,575,122,15.531,12.2,27,189.4782,43582,43609,43382,227,-271,-1
,,20,20,,,576,132,18.94,12.2,27,231.068,43582,43609,43382,227,-271,-1
,,18,21,,,504,662,14.6,20.0,27,292.0,43583,43610,43400,210,-251,6
,,18,20,,,505,672,14.6,20.0,27,292.0,43584,43611,43400,211,-252,6
,,20,22,,,455,184,9.804,21.05,27,206.3742,43585,43612,43407,205,-246,6
,,20,20,,,374,662,14.6,20.0,27,292.0,43585,43612,43455,157,-198,6
,,20,20,,,375,672,14.6,20.0,27,292.0,43585,43612,43455,157,-198,6
,,20,20,,,115,183,8.82,15.798,27,139.33836,43551,43578,43547,31,-72,6
,,18,20,,,116,193,15.59,15.978,27,249.09702,43586,43613,43547,66,-107,6
,,20,20,,,56,835,7.416,16.884,27,125.211744,43552,43579,43574,5,-39,0
,,20,22,,,55,825,19.167,16.931,27,324.516477,43558,43585,43574,11,-45,0
,,20,21,,,10,183,8.82,15.798,27,139.33836,43586,43613,43594,19,-60,6
,,22,21,,,11,193,15.59,15.978,27,249.09702,43586,43613,43594,19,-60,6
,,20,20,,,9,835,7.416,16.884,27,125.211744,43588,43615,43594,21,-55,0
,,20,20,,,8,825,19.167,16.931,27,324.516477,43588,43615,43594,21,-55,0
,,20,22,,,859,835,5.59,17.008,28,95.07472,43588,43616,43284,332,-377,4
,,20,22,,,858,825,17.18,16.97,28,291.5446,43588,43616,43284,332,-377,4
,,20,22,,,767,278,10.8,20.0,28,216.0,43588,43616,43313,303,-365,0
,,18,21,,,785,122,12.0,12.3,28,147.6,43590,43618,43310,308,-347,7
,,20,21,,,786,132,10.219,12.3,28,125.6937,43591,43619,43310,309,-348,7
,,20,20,,,736,101,11.523,8.65,28,99.67395,43560,43588,43331,257,-317,5
,,20,21,,,747,184,13.9,8.3,28,115.37,43591,43619,43324,295,-336,7
,,20,21,,,748,194,18.0,8.3,28,149.4,43591,43619,43324,295,-336,7
,,20,21,,,705,123,20.9,18.1,28,378.29,43591,43619,43338,281,-327,7
,,20,22,,,706,123,20.9,18.1,28,378.29,43591,43619,43338,281,-327,7
,,20,22,,,707,133,21.1,18.1,28,381.91,43591,43619,43338,281,-327,7
,,20,22,,,708,133,21.1,18.1,28,381.91,43593,43621,43338,283,-329,7
,,18,18,,,731,101,11.523,8.65,28,99.67395,43594,43622,43333,289,-331,5
,,18,20,,,550,123,16.106,12.2,28,196.4932,43595,43623,43388,235,-286,4
,,36,21,,,561,133,24.07,12.2,28,293.654,43771,43799,43384,415,-462,4
,,22,21,,,454,194,20.1,21.05,28,423.105,43614,43642,43408,234,-276,6
,,22,21,,,364,194,20.1,21.05,28,423.105,43643,43671,43460,211,-253,6
,,33,21,,,161,111,22.2,13.8,28,306.36,43785,43813,43524,289,-326,15
,,18,20,,,867,163,16.387,11.151,29,182.731437,43595,43624,43284,340,-397,7
,,18,20,,,870,173,16.387,11.151,29,182.731437,43595,43624,43283,341,-397,7
,,18,21,,,879,101,11.523,8.65,29,99.67395,43595,43624,43270,354,-391,1
,,20,22,,,820,133,21.1,18.1,29,381.91,43595,43624,43291,333,-374,1
,,20,22,,,821,123,20.9,18.1,29,378.29,43598,43627,43291,336,-376,1
,,20,20,,,766,268,10.8,20.0,29,216.0,43596,43625,43314,311,-374,0
,,20,22,,,800,836,8.0,21.0,29,168.0,43603,43632,43296,336,-369,3
,,36,21,,,799,826,20.5,21.0,29,430.5,43636,43665,43296,369,-402,3
,,20,20,,,755,269,10.5,18.9,29,198.45,43596,43625,43323,302,-355,3
,,20,20,,,756,279,10.5,18.9,29,198.45,43598,43627,43323,304,-357,3
,,20,20,,,601,269,10.5,18.9,29,198.45,43561,43590,43370,220,-267,7
,,20,20,,,602,269,10.5,18.9,29,198.45,43598,43627,43370,257,-304,7
,,20,20,,,603,279,10.5,18.9,29,198.45,43598,43627,43370,257,-304,7
,,20,22,,,604,279,10.5,18.9,29,198.45,43604,43633,43370,263,-310,7
,,18,20,,,531,632,13.5,20.0,29,270.0,43606,43635,43395,240,-283,6
,,20,21,,,530,622,16.9,20.0,29,338.0,43606,43635,43395,240,-283,6
,,20,22,,,452,803,15.5,20.0,29,310.0,43606,43635,43406,229,-275,1
,,20,21,,,449,803,15.5,19.0,29,294.5,43607,43636,43407,229,-275,1
,,20,22,,,427,661,18.6,14.9,29,277.14,43608,43637,43423,214,-257,6
,,20,20,,,392,632,13.5,20.0,29,270.0,43609,43638,43451,187,-230,6
,,20,20,,,391,622,16.9,20.0,29,338.0,43609,43638,43451,187,-230,6
,,20,21,,,270,803,15.5,17.0,29,263.5,43609,43638,43488,150,-196,1
,,20,21,,,268,803,15.5,16.0,29,248.0,43561,43590,43489,101,-147,1
,,18,21,,,260,836,8.0,21.0,29,168.0,43611,43640,43492,148,-181,3
,,36,21,,,259,826,20.5,21.0,29,430.5,43666,43695,43492,203,-236,3
,,20,21,,,250,836,8.0,21.0,29,168.0,43561,43590,43493,97,-130,3
,,22,21,,,249,826,20.5,21.0,29,430.5,43672,43701,43493,208,-241,3
,,36,21,,,57,111,22.2,13.8,29,306.36,43696,43725,43572,153,-191,15
,,20,22,,,812,803,15.5,21.0,30,325.5,43613,43643,43293,350,-397,1
,,36,21,,,840,103,23.857,9.5,30,226.6415,43800,43830,43288,542,-576,2
,,18,20,,,836,194,18.0,8.3,30,149.4,43610,43640,43289,351,-386,1
,,20,20,,,841,184,13.9,8.3,30,115.37,43610,43640,43288,352,-385,2
,,18,20,,,801,292,16.6,19.5,30,323.7,43612,43642,43303,339,-371,6
,,20,20,,,806,282,14.7,19.5,30,286.65,43613,43643,43302,341,-371,7
,,20,20,,,781,142,16.252,5.15,30,83.6978,43569,43599,43316,283,-318,5
,,20,20,,,782,152,16.252,5.15,30,83.6978,43613,43643,43316,327,-362,5
,,18,20,,,618,268,10.8,20.0,30,216.0,43614,43644,43367,277,-325,7
,,20,20,,,619,278,10.8,20.0,30,216.0,43571,43601,43367,234,-282,7
,,20,21,,,605,268,10.8,20.0,30,216.0,43614,43644,43368,276,-324,7
,,20,20,,,606,278,10.8,20.0,30,216.0,43616,43646,43368,278,-326,7
,,33,21,,,597,101,30.66,9.4,30,288.204,43814,43844,43370,474,-518,0
,,20,20,,,548,282,14.7,19.5,30,286.65,43616,43646,43394,252,-312,6
,,20,22,,,549,292,16.6,19.5,30,323.7,43617,43647,43394,253,-313,6
,,20,22,,,462,283,13.7,18.32,30,250.984,43617,43647,43412,235,-285,7
,,36,21,,,450,293,22.5,18.32,30,412.2,43831,43861,43413,448,-499,7
,,20,22,,,453,135,18.6,19.35,30,359.91,43617,43647,43410,237,-281,6
,,33,21,,,436,112,14.612,23.0,30,336.076,43845,43875,43415,460,-504,6
,,36,21,,,394,833,24.0,15.6,30,374.4,43726,43756,43446,310,-345,26
,,20,22,,,393,823,21.1,15.6,30,329.16,43620,43650,43446,204,-239,26
,,36,21,,,324,101,30.66,9.4,30,288.204,43862,43892,43480,412,-482,7
,,33,21,,,325,101,30.66,9.4,30,288.204,43876,43906,43480,426,-496,7
,,20,22,,,341,112,14.612,22.0,30,321.464,43620,43650,43471,179,-223,6
,,36,21,,,292,825,24.4,10.4,30,253.76,43893,43923,43484,439,-478,19
,,33,21,,,288,833,23.0,15.6,30,358.8,43907,43937,43488,449,-484,26
,,20,22,,,287,823,21.1,15.6,30,329.16,43622,43652,43488,164,-199,26
,,36,21,,,213,101,30.66,9.4,30,288.204,43924,43954,43506,448,-518,7
,,36,21,,,214,101,30.66,9.4,30,288.204,43757,43787,43506,281,-351,7
,,33,21,,,332,824,24.1,17.41,30,419.581,43938,43968,43477,491,-530,6
,,18,21,,,352,834,19.0,16.8,30,319.2,43619,43649,43468,181,-210,6
,,20,21,,,267,283,13.7,18.32,30,250.984,43620,43650,43496,154,-204,7
,,36,21,,,251,293,22.5,18.32,30,412.2,43955,43985,43497,488,-539,7
,,33,21,,,252,293,22.5,18.32,30,412.2,43969,43999,43497,502,-553,7
,,20,21,,,245,282,14.7,19.5,30,286.65,43620,43650,43501,149,-179,7
,,20,21,,,242,282,14.7,19.5,30,286.65,43620,43650,43502,148,-178,7
,,20,21,,,145,123,16.106,12.2,30,196.4932,43620,43650,43533,117,-170,4
,,36,21,,,157,133,24.07,12.2,30,293.654,43986,44016,43529,487,-536,4
,,36,21,,,160,103,29.101,15.68,30,456.30368,43788,43818,43533,285,-319,5
,,18,20,,,45,273,14.5,18.79,30,272.455,43624,43654,43585,69,-118,6
,,20,21,,,42,263,16.6,18.79,30,311.914,43571,43601,43586,15,-65,6
,,18,20,,,815,283,13.7,18.32,31,250.984,43625,43656,43299,357,-408,7
,,33,21,,,811,293,22.5,18.32,31,412.2,44000,44031,43300,731,-783,7
,,18,18,,,779,272,14.4,17.28,31,248.832,43623,43654,43314,340,-400,0
,,18,20,,,778,262,14.6,17.28,31,252.288,43625,43656,43314,342,-402,0
,,36,21,,,658,101,30.66,9.4,31,288.204,44017,44048,43358,690,-761,7
,,33,21,,,659,101,30.66,9.4,31,288.204,44032,44063,43358,705,-776,7
,,18,21,,,715,833,7.281,14.575,31,106.120575,43625,43656,43345,311,-357,7
,,20,22,,,714,823,17.548,14.578,31,255.814744,43625,43656,43345,311,-357,7
,,20,20,,,581,272,14.4,17.28,31,248.832,43626,43657,43385,272,-332,0
,,20,20,,,582,272,14.4,17.28,31,248.832,43626,43657,43385,272,-332,0
,,20,20,,,579,262,14.6,17.28,31,252.288,43628,43659,43385,274,-334,0
,,20,20,,,580,262,14.6,17.28,31,252.288,43628,43659,43385,274,-334,0
,,20,21,,,538,283,13.7,18.32,31,250.984,43571,43602,43395,207,-268,6
,,36,21,,,539,293,22.5,18.32,31,412.2,44049,44080,43395,685,-746,6
,,20,20,,,570,271,17.8,16.0,31,284.8,43628,43659,43385,274,-319,6
,,20,22,,,571,271,17.8,16.0,31,284.8,43628,43659,43385,274,-319,6
,,20,22,,,568,261,20.1,16.0,31,321.6,43633,43664,43385,279,-324,6
,,20,22,,,569,261,20.1,16.0,31,321.6,43634,43665,43385,280,-325,6
,,18,20,,,536,143,13.809,15.686,31,216.607974,43636,43667,43396,271,-314,7
,,20,21,,,537,153,18.919,15.5,31,293.2445,43636,43667,43396,271,-314,7
,,20,22,,,483,271,17.8,16.0,31,284.8,43636,43667,43409,258,-312,6
,,20,21,,,482,261,20.1,16.0,31,321.6,43637,43668,43409,259,-313,6
,,20,22,,,503,144,17.566,15.678,31,275.399748,43638,43669,43403,266,-311,8
,,20,20,,,447,283,13.7,18.32,31,250.984,43639,43670,43415,255,-306,7
,,33,21,,,445,293,22.5,18.32,31,412.2,44064,44095,43416,679,-731,7
,,20,20,,,463,125,14.8,19.15,31,283.42,43639,43670,43410,260,-305,6
,,20,21,,,472,272,14.4,17.28,31,248.832,43639,43670,43414,256,-302,6
,,18,20,,,471,262,14.6,17.28,31,252.288,43641,43672,43414,258,-304,6
,,18,21,,,415,836,8.0,21.0,31,168.0,43641,43672,43427,245,-282,8
,,22,21,,,414,826,20.5,21.0,31,430.5,43702,43733,43427,306,-343,8
,,20,20,,,395,845,18.075,12.65,31,228.64875,43641,43672,43446,226,-256,21
,,20,22,,,385,855,14.0,12.6,31,176.4,43572,43603,43448,155,-186,21
,,18,20,,,362,125,14.8,19.15,31,283.42,43643,43674,43465,209,-254,6
,,20,20,,,358,135,18.6,19.35,31,359.91,43579,43610,43466,144,-189,6
,,20,20,,,266,654,19.2,15.1,31,289.92,43644,43675,43496,179,-222,27
,,36,21,,,265,644,22.9,15.1,31,345.79,44081,44112,43496,616,-659,27
,,20,20,,,285,855,13.0,12.6,31,163.8,43644,43675,43489,186,-217,21
,,20,22,,,248,283,13.7,18.32,31,250.984,43644,43675,43499,176,-227,7
,,18,20,,,166,122,15.531,12.2,31,189.4782,43645,43676,43531,145,-193,-1
,,20,21,,,167,132,18.94,12.2,31,231.068,43645,43676,43531,145,-193,-1
,,20,20,,,132,273,14.5,18.79,31,272.455,43647,43678,43541,137,-187,6
,,20,20,,,131,263,16.6,18.79,31,311.914,43647,43678,43542,136,-187,6
,,20,20,,,59,122,15.531,12.2,31,189.4782,43580,43611,43577,34,-82,-1
,,20,22,,,60,132,18.94,12.2,31,231.068,43586,43617,43577,40,-88,-1
,,20,22,,,869,161,14.057,15.486,32,217.686702,43648,43680,43286,394,-455,1
,,20,22,,,774,271,17.8,16.0,32,284.8,43648,43680,43314,366,-412,6
,,20,22,,,773,261,20.1,16.0,32,321.6,43648,43680,43314,366,-412,6
,,20,20,,,763,629,15.6,18.9,32,294.84,43589,43621,43319,302,-346,11
,,18,21,,,764,639,15.6,18.9,32,294.84,43650,43682,43319,363,-407,11
,,20,21,,,686,162,18.5,15.5,32,286.75,43651,43683,43349,334,-391,8
,,20,21,,,615,172,18.5,15.698,32,290.413,43651,43683,43367,316,-391,8
,,20,21,,,730,331,8.6,20.5,32,176.3,43651,43683,43341,342,-388,10
,,20,21,,,729,321,14.8,20.5,32,303.4,43651,43683,43341,342,-388,10
,,20,22,,,630,629,15.6,18.9,32,294.84,43651,43683,43369,314,-364,7
,,20,22,,,631,629,15.6,18.9,32,294.84,43651,43683,43369,314,-364,7
,,20,22,,,632,639,15.6,18.9,32,294.84,43653,43685,43369,316,-366,7
,,18,20,,,633,639,15.6,18.9,32,294.84,43655,43687,43369,318,-368,7
,,18,18,,,543,833,7.281,14.575,32,106.120575,43655,43687,43396,291,-358,7
,,18,20,,,542,823,17.548,14.578,32,255.814744,43657,43689,43396,293,-360,7
,,18,20,,,516,124,18.618,14.354,32,267.242772,43657,43689,43402,287,-332,10
,,33,21,,,517,134,22.828,14.354,32,327.673112,44096,44128,43402,726,-771,10
,,18,21,,,434,803,15.5,18.0,32,279.0,43657,43689,43418,271,-307,1
,,20,22,,,444,282,14.7,19.5,32,286.65,43657,43689,43421,268,-300,7
,,20,20,,,443,282,14.7,19.5,32,286.65,43658,43690,43422,268,-300,7
,,20,20,,,372,835,13.5,10.4,32,140.4,43658,43690,43455,235,-276,19
,,20,20,,,382,683,17.8,14.8,32,263.44,43660,43692,43452,240,-267,26
,,20,20,,,383,693,17.8,14.8,32,263.44,43660,43692,43452,240,-267,26
,,20,20,,,363,124,15.49,19.15,32,296.6335,43660,43692,43464,228,-274,6
,,20,20,,,241,835,13.5,10.4,32,140.4,43591,43623,43496,127,-168,19
,,20,22,,,289,845,18.075,12.65,32,228.64875,43660,43692,43488,204,-235,21
,,20,22,,,227,272,14.4,17.28,32,248.832,43665,43697,43509,188,-249,0
,,20,22,,,228,272,14.4,17.28,32,248.832,43666,43698,43509,189,-250,0
,,18,20,,,225,262,14.6,17.28,32,252.288,43668,43700,43509,191,-252,0
,,20,21,,,226,262,14.6,17.28,32,252.288,43668,43700,43509,191,-252,0
,,20,22,,,219,271,17.8,16.0,32,284.8,43668,43700,43509,191,-237,6
,,20,21,,,220,271,17.8,16.0,32,284.8,43669,43701,43509,192,-238,6
,,20,22,,,217,261,20.1,16.0,32,321.6,43670,43702,43509,193,-239,6
,,20,21,,,218,261,20.1,16.0,32,321.6,43671,43703,43509,194,-240,6
,,20,20,,,239,292,16.6,19.5,32,323.7,43671,43703,43505,198,-232,6
,,20,20,,,240,292,16.6,19.5,32,323.7,43671,43703,43505,198,-232,6
,,36,21,,,188,101,30.66,9.4,32,288.204,44113,44145,43515,630,-676,0
,,33,21,,,53,103,29.101,15.68,32,456.30368,44129,44161,43583,578,-614,5
,,18,21,,,679,272,15.89,20.773,33,330.08297,43673,43706,43356,350,-415,9
,,20,22,,,680,262,11.65,20.773,33,242.00545,43676,43709,43356,353,-417,10
,,20,21,,,719,801,20.814,15.31,33,318.66234,43677,43710,43341,369,-416,7
,,20,22,,,687,801,20.814,15.31,33,318.66234,43681,43714,43351,363,-424,2
,,18,20,,,703,834,7.062,14.636,33,103.359432,43673,43706,43347,359,-407,7
,,20,20,,,702,824,17.596,14.575,33,256.4617,43673,43706,43347,359,-407,7
,,18,20,,,461,124,15.49,19.15,33,296.6335,43675,43708,43411,297,-344,6
,,20,20,,,451,134,18.74,19.44,33,364.3056,43676,43709,43412,297,-344,6
,,20,21,,,448,183,9.9,20.9,33,206.91,43591,43624,43414,210,-257,6
,,20,22,,,441,836,8.0,21.0,33,168.0,43681,43714,43417,297,-334,3
,,20,22,,,442,836,8.0,21.0,33,168.0,43681,43714,43417,297,-334,3
,,22,21,,,439,826,20.5,21.0,33,430.5,43734,43767,43417,350,-387,3
,,22,21,,,440,826,20.5,21.0,33,430.5,43768,43801,43417,384,-421,3
,,20,20,,,435,292,16.6,19.5,33,323.7,43676,43709,43425,284,-319,6
,,36,21,,,398,825,24.4,10.4,33,253.76,44146,44179,43446,733,-775,19
,,18,20,,,413,834,20.0,16.8,33,336.0,43677,43710,43429,281,-313,6
,,18,21,,,361,183,9.9,20.9,33,206.91,43683,43716,43467,249,-296,6
,,20,20,,,356,134,18.74,19.44,33,364.3056,43679,43712,43468,244,-291,6
,,20,20,,,146,282,14.7,19.5,33,286.65,43679,43712,43539,173,-236,6
,,20,21,,,147,292,16.6,19.5,33,323.7,43684,43717,43539,178,-241,6
,,20,21,,,777,261,20.5,18.8,34,385.4,43684,43718,43313,405,-464,0
,,20,21,,,776,271,15.2,18.8,34,285.76,43684,43718,43314,404,-462,0
,,33,21,,,762,801,28.614,19.075,34,545.81205,44162,44196,43318,878,-927,9
,,20,21,,,798,125,9.8,18.5,34,181.3,43684,43718,43302,416,-452,1
,,36,21,,,711,103,23.857,9.5,34,226.6415,44180,44214,43343,871,-925,2
,,33,21,,,720,103,23.857,9.5,34,226.6415,44197,44231,43341,890,-936,5
,,20,22,,,639,271,15.2,18.8,34,285.76,43684,43718,43369,349,-401,7
,,20,22,,,640,271,15.2,18.8,34,285.76,43684,43718,43369,349,-401,7
,,20,21,,,637,261,20.5,18.8,34,385.4,43591,43625,43369,256,-308,7
,,20,22,,,638,261,20.5,18.8,34,385.4,43686,43720,43369,351,-403,7
,,18,18,,,535,834,7.062,14.636,34,103.359432,43688,43722,43398,324,-393,7
,,18,20,,,534,824,17.596,14.575,34,256.4617,43688,43722,43398,324,-393,7
,,18,20,,,523,633,12.7,19.8,34,251.46,43690,43724,43399,325,-373,6
,,18,20,,,522,623,13.6,19.8,34,269.28,43690,43724,43399,325,-373,6
,,18,21,,,437,292,16.6,19.5,34,323.7,43690,43724,43425,299,-335,6
,,36,21,,,403,824,24.1,17.41,34,419.581,43819,43853,43439,414,-457,6
,,20,22,,,246,683,17.8,14.8,34,263.44,43690,43724,43498,226,-255,26
,,20,20,,,247,693,17.8,14.8,34,263.44,43691,43725,43498,227,-256,26
,,36,21,,,198,801,28.614,19.075,34,545.81205,44215,44249,43515,734,-783,9
,,33,21,,,199,801,28.614,19.075,34,545.81205,44232,44266,43515,751,-800,9
,,20,20,,,139,283,13.7,18.32,34,250.984,43691,43725,43540,185,-249,6
,,36,21,,,140,293,22.5,18.32,34,412.2,44250,44284,43540,744,-808,6
,,20,20,,,150,272,14.4,17.28,34,248.832,43693,43727,43539,188,-251,0
,,20,20,,,151,272,14.4,17.28,34,248.832,43600,43634,43539,95,-158,0
,,20,20,,,148,262,14.6,17.28,34,252.288,43693,43727,43539,188,-251,0
,,20,20,,,149,262,14.6,17.28,34,252.288,43693,43727,43539,188,-251,0
,,20,22,,,49,123,16.106,12.2,34,196.4932,43693,43727,43584,143,-200,4
,,36,21,,,54,133,24.07,12.2,34,293.654,43854,43888,43580,308,-361,4
,,20,21,,,64,836,8.0,21.0,34,168.0,43602,43636,43573,63,-103,8
,,20,21,,,63,826,20.0,21.0,34,420.0,43603,43637,43573,64,-104,8
,,20,22,,,19,836,8.0,21.0,34,168.0,43604,43638,43593,45,-85,8
,,20,22,,,18,826,20.0,21.0,34,420.0,43618,43652,43593,59,-99,8
,,20,22,,,847,272,15.89,20.773,35,330.08297,43698,43733,43295,438,-512,2
,,20,22,,,775,102,16.588,12.377,35,205.309676,43699,43734,43312,422,-457,1
,,18,20,,,741,143,5.23,16.375,35,85.64125,43701,43736,43339,397,-453,4
,,20,21,,,742,153,15.0,16.375,35,245.625,43701,43736,43339,397,-453,4
,,20,22,,,671,183,11.2,20.0,35,224.0,43701,43736,43357,379,-448,7
,,20,21,,,678,193,19.9,20.0,35,398.0,43702,43737,43356,381,-448,8
,,36,21,,,727,102,26.372,14.65,35,386.3498,43889,43924,43340,584,-629,5
,,33,21,,,728,102,26.372,14.65,35,386.3498,44267,44302,43340,962,-1007,5
,,20,22,,,665,832,6.662,14.583,35,97.151946,43703,43738,43363,375,-427,7
,,20,20,,,664,822,16.055,14.575,35,234.001625,43602,43637,43363,274,-326,7
,,20,20,,,497,832,6.662,14.583,35,97.151946,43704,43739,43409,330,-400,7
,,20,20,,,496,822,16.055,14.575,35,234.001625,43704,43739,43409,330,-400,7
,,22,21,,,446,193,20.1,20.9,35,420.09,43802,43837,43416,421,-470,6
,,22,21,,,360,193,20.1,20.9,35,420.09,43838,43873,43469,404,-453,6
,,20,21,,,333,684,14.7,20.0,35,294.0,43704,43739,43484,255,-305,12
,,18,20,,,336,694,14.7,20.0,35,294.0,43707,43742,43483,259,-308,12
,,20,20,,,90,803,15.5,14.0,35,217.0,43611,43646,43560,86,-138,1
,,20,20,,,91,803,15.5,15.0,35,232.5,43612,43647,43560,87,-139,1
,,20,21,,,88,836,8.0,21.0,35,168.0,43625,43660,43564,96,-135,3
,,20,21,,,89,836,8.0,21.0,35,168.0,43626,43661,43564,97,-136,3
,,22,21,,,86,826,20.5,21.0,35,430.5,43874,43909,43564,345,-384,3
,,22,21,,,87,826,20.5,21.0,35,430.5,43910,43945,43564,381,-420,3
,,20,20,,,79,803,15.5,13.0,35,201.5,43622,43657,43567,90,-129,1
,,18,21,,,77,282,14.7,19.5,35,286.65,43707,43742,43577,165,-200,7
,,20,20,,,78,282,14.7,19.5,35,286.65,43707,43742,43577,165,-200,7
,,20,20,,,48,803,15.5,12.0,35,186.0,43624,43659,43582,77,-116,1
,,20,20,,,880,101,13.007,16.37,36,212.92459,43635,43671,43265,406,-444,1
,,18,20,,,791,832,6.662,14.583,36,97.151946,43709,43745,43309,436,-479,0
,,20,21,,,790,822,16.055,14.575,36,234.001625,43637,43673,43309,364,-407,0
,,20,20,,,135,271,17.8,16.0,36,284.8,43710,43746,43542,204,-254,6
,,20,20,,,136,271,17.8,16.0,36,284.8,43710,43746,43542,204,-254,6
,,20,21,,,133,261,20.1,16.0,36,321.6,43638,43674,43542,132,-182,6
,,20,22,,,134,261,20.1,16.0,36,321.6,43710,43746,43542,204,-254,6
,,18,20,,,114,144,17.566,15.678,36,275.399748,43711,43747,43555,192,-242,8
,,36,21,,,82,293,22.5,18.32,36,412.2,44285,44321,43570,751,-808,7
,,33,21,,,83,293,22.5,18.32,36,412.2,44303,44339,43570,769,-826,7
,,20,20,,,84,283,13.7,18.32,36,250.984,43638,43674,43570,104,-160,7
,,20,22,,,85,283,13.7,18.32,36,250.984,43639,43675,43570,105,-161,7
,,20,21,,,40,282,14.7,19.5,36,286.65,43711,43747,43592,155,-221,6
,,20,20,,,41,292,16.6,19.5,36,323.7,43713,43749,43592,157,-223,6
,,20,20,,,73,292,16.6,19.5,36,323.7,43713,43749,43579,170,-208,6
,,20,22,,,74,292,16.6,19.5,36,323.7,43715,43751,43579,172,-210,6
,,20,22,,,12,144,17.566,15.678,36,275.399748,43715,43751,43600,151,-201,8
,,36,21,,,871,102,26.372,14.65,37,386.3498,43925,43962,43286,676,-720,1
,,20,22,,,753,161,14.057,15.486,37,217.686702,43715,43752,43331,421,-459,8
,,20,22,,,754,171,20.177,15.486,37,312.461022,43653,43690,43331,359,-397,8
,,18,21,,,528,182,12.25,9.2,37,112.7,43717,43754,43397,357,-408,6
,,20,20,,,502,192,16.9,9.2,37,155.48,43647,43684,43403,281,-332,6
,,20,21,,,433,631,16.117,19.25,37,310.25225,43718,43755,43424,331,-382,6
,,20,21,,,432,621,18.334,19.25,37,352.9295,43719,43756,43424,332,-383,6
,,36,21,,,408,801,28.614,19.075,37,545.81205,44322,44359,43439,920,-972,9
,,33,21,,,407,801,28.614,19.075,37,545.81205,44340,44377,43440,937,-989,9
,,20,20,,,340,631,16.117,19.25,37,310.25225,43648,43685,43480,205,-256,6
,,20,21,,,339,621,18.334,19.25,37,352.9295,43719,43756,43480,276,-327,6
,,20,21,,,170,684,14.7,20.0,37,294.0,43719,43756,43530,226,-278,12
,,20,22,,,171,694,14.7,20.0,37,294.0,43719,43756,43529,227,-278,12
,,20,22,,,120,654,19.2,15.1,37,289.92,43719,43756,43550,206,-255,27
,,36,21,,,119,644,22.9,15.1,37,345.79,44360,44397,43550,847,-896,27
,,20,22,,,129,143,13.809,15.686,37,216.607974,43721,43758,43549,209,-258,7
,,18,20,,,130,153,18.919,15.5,37,293.2445,43723,43760,43549,211,-260,7
,,18,18,,,107,271,17.8,16.0,37,284.8,43723,43760,43561,199,-259,6
,,20,21,,,106,261,20.1,16.0,37,321.6,43661,43698,43561,137,-197,6
,,18,20,,,13,124,18.618,14.354,37,267.242772,43725,43762,43599,163,-213,10
,,36,21,,,14,134,22.828,14.354,37,327.673112,43963,44000,43599,401,-451,10
,,20,20,,,6,271,17.8,16.0,37,284.8,43658,43695,43610,85,-145,6
,,20,21,,,5,261,20.1,16.0,37,321.6,43662,43699,43610,89,-149,6
,,33,21,,,746,103,24.0,11.0,38,264.0,44378,44416,43332,1084,-1125,6
,,36,21,,,699,144,24.366,16.385,38,399.23691,44398,44436,43351,1085,-1140,9
,,20,20,,,682,694,16.7,18.4,38,307.28,43660,43698,43359,339,-392,7
,,18,20,,,681,684,17.5,18.4,38,322.0,43725,43763,43359,404,-457,7
,,18,21,,,501,694,16.7,18.4,38,307.28,43725,43763,43409,354,-417,7
,,20,22,,,500,684,17.5,18.4,38,322.0,43725,43763,43409,354,-417,7
,,20,20,,,567,102,19.76,18.47,38,364.9672,43726,43764,43390,374,-418,0
,,20,20,,,381,633,12.7,19.8,38,251.46,43726,43764,43459,305,-357,6
,,20,20,,,380,623,13.6,19.8,38,269.28,43728,43766,43459,307,-359,6
,,36,21,,,80,101,30.66,9.4,38,288.204,44001,44039,43570,469,-521,0
,,20,20,,,803,694,16.7,18.4,39,307.28,43728,43767,43307,460,-538,14
,,20,20,,,802,684,17.5,18.4,39,322.0,43728,43767,43307,460,-538,14
,,20,22,,,881,102,16.588,12.377,39,205.309676,43728,43767,43268,499,-544,1
,,33,21,,,874,103,24.0,11.0,39,264.0,44417,44456,43281,1175,-1224,1
,,20,22,,,666,261,19.155,12.423,39,237.962565,43734,43773,43363,410,-480,6
,,20,22,,,667,271,21.56,12.423,39,267.83988,43735,43774,43363,411,-481,6
,,36,21,,,692,154,24.839,16.385,39,406.987015,44437,44476,43354,1122,-1178,10
,,18,20,,,693,322,12.4,19.6,39,243.04,43737,43776,43353,423,-477,1
,,20,21,,,694,332,12.4,19.6,39,243.04,43737,43776,43353,423,-477,1
,,20,22,,,494,835,16.0,17.3,39,276.8,43737,43776,43414,362,-436,7
,,20,20,,,493,825,18.455,17.3,39,319.2715,43672,43711,43414,297,-371,7
,,20,21,,,526,123,19.5,18.75,39,365.625,43738,43777,43400,377,-430,6
,,20,22,,,468,154,19.932,15.976,39,318.433632,43739,43778,43419,359,-412,8
,,20,20,,,117,124,18.618,14.354,39,267.242772,43740,43779,43556,223,-275,10
,,33,21,,,118,134,22.828,14.354,39,327.673112,44457,44496,43556,940,-992,10
,,20,21,,,94,272,14.4,17.28,39,248.832,43674,43713,43572,141,-195,6
,,20,20,,,93,262,14.6,17.28,39,252.288,43740,43779,43572,207,-261,6
,,20,21,,,33,283,13.7,18.32,39,250.984,43740,43779,43595,184,-253,6
,,36,21,,,34,293,22.5,18.32,39,412.2,44477,44516,43595,921,-990,6
,,33,21,,,36,801,28.614,19.075,39,545.81205,44497,44536,43590,946,-1000,9
,,36,21,,,37,801,28.614,19.075,39,545.81205,44517,44556,43590,966,-1020,9
,,20,20,,,22,143,13.809,15.686,39,216.607974,43675,43714,43598,116,-167,7
,,20,21,,,23,153,18.919,15.5,39,293.2445,43675,43714,43598,116,-167,7
,,20,22,,,2,272,14.4,17.28,39,248.832,43676,43715,43621,94,-148,6
,,18,20,,,1,262,14.6,17.28,39,252.288,43743,43782,43621,161,-215,6
,,18,21,,,810,835,18.0,17.3,40,311.4,43743,43783,43308,475,-558,9
,,20,20,,,809,825,18.455,17.3,40,319.2715,43743,43783,43308,475,-558,9
,,33,21,,,792,154,24.839,16.385,40,406.987015,44537,44577,43310,1267,-1327,24
,,36,21,,,787,111,22.2,13.8,40,306.36,44557,44597,43310,1287,-1350,7
,,18,20,,,683,182,7.9,19.9,40,157.21,43746,43786,43361,425,-491,8
,,33,21,,,684,192,23.8,19.9,40,473.62,44578,44618,43361,1257,-1323,8
,,20,20,,,670,835,17.0,17.3,40,294.1,43747,43787,43365,422,-477,7
,,20,20,,,669,825,18.455,17.3,40,319.2715,43747,43787,43365,422,-477,7
,,36,21,,,438,111,11.85,25.0,40,296.25,44598,44638,43412,1226,-1280,6
,,36,21,,,467,103,34.122,13.75,40,469.1775,44639,44679,43412,1267,-1321,6
,,20,22,,,685,110,12.0,5.487,41,65.844,43747,43788,43346,442,-503,5
,,18,20,,,668,112,20.0,5.15,41,103.0,43748,43789,43349,440,-491,7
,,20,21,,,390,182,12.25,9.2,41,112.7,43748,43789,43456,333,-388,6
,,20,20,,,373,192,16.9,9.2,41,155.48,43750,43791,43462,329,-384,6
,,20,20,,,856,110,13.0,5.487,42,71.331,43750,43792,43284,508,-566,0
,,20,22,,,793,182,7.9,19.9,42,157.21,43752,43794,43313,481,-556,10
,,33,21,,,794,192,23.8,19.9,42,473.62,44619,44661,43313,1348,-1423,10
,,20,22,,,725,123,16.13,18.505,42,298.48565,43752,43794,43349,445,-505,5
,,33,21,,,726,133,23.777,18.85,42,448.19645,44662,44704,43349,1355,-1415,5
,,20,20,,,628,125,9.8,18.5,42,181.3,43685,43727,43377,350,-424,7
,,20,22,,,629,135,13.1,18.5,42,242.35,43753,43795,43377,418,-492,7
,,18,21,,,780,135,13.1,18.5,43,242.35,43755,43798,43321,477,-523,1
,,20,21,,,595,283,18.4,18.9,43,347.76,43756,43799,43378,421,-502,5
,,20,21,,,600,293,19.5,18.9,43,368.55,43757,43800,43375,425,-503,5
,,20,21,,,424,293,19.5,18.9,43,368.55,43757,43800,43429,371,-439,7
,,20,21,,,378,123,19.5,18.75,43,365.625,43757,43800,43461,339,-396,6
,,36,21,,,379,133,25.083,18.75,43,470.30625,44680,44723,43461,1262,-1319,6
,,36,21,,,357,103,34.122,13.75,43,469.1775,44724,44767,43472,1295,-1352,6
,,20,22,,,156,102,19.76,18.47,43,364.9672,43757,43800,43541,259,-308,0
,,20,22,,,712,134,19.318,18.5,44,357.383,43757,43801,43353,448,-495,7
,,20,22,,,713,124,16.142,18.85,44,304.2767,43759,43803,43353,450,-496,7
,,20,22,,,418,283,18.4,18.9,44,347.76,43764,43808,43433,375,-444,7
,,33,21,,,351,111,11.85,24.0,44,284.4,44705,44749,43471,1278,-1336,6
,,33,21,,,200,801,24.3,20.03,44,486.729,44750,44794,43517,1277,-1339,1
,,20,20,,,804,134,19.318,18.5,45,357.383,43765,43810,43311,499,-562,12
,,18,20,,,805,124,16.142,18.85,45,304.2767,43761,43806,43311,495,-557,13
,,18,18,,,830,143,14.606,16.186,45,236.412716,43761,43806,43307,499,-560,8
,,18,20,,,831,153,19.167,16.07,45,308.01369,43763,43808,43307,501,-562,8
,,20,20,,,596,294,20.0,18.4,45,368.0,43765,43810,43379,431,-510,6
,,20,20,,,589,284,20.0,18.4,45,368.0,43767,43812,43380,432,-511,7
,,20,20,,,574,101,11.577,13.021,45,150.744117,43686,43731,43392,339,-398,6
,,20,20,,,420,294,20.0,18.4,45,368.0,43768,43813,43431,382,-452,7
,,20,20,,,419,284,20.0,18.4,45,368.0,43768,43813,43432,381,-451,7
,,18,20,,,99,154,19.932,15.976,45,318.433632,43764,43809,43573,236,-295,8
,,18,21,,,765,124,18.618,14.354,47,267.242772,43764,43811,43333,478,-550,6
,,36,21,,,529,102,22.89,15.65,47,358.2285,44040,44087,43395,692,-753,6
,,36,21,,,353,801,24.3,17.0,47,413.1,44768,44815,43478,1337,-1402,1
,,20,22,,,50,102,19.76,18.47,47,364.9672,43768,43815,43594,221,-274,0
,,20,22,,,4,154,19.932,15.976,47,318.433632,43774,43821,43622,199,-260,8
,,33,21,,,761,134,22.828,14.354,48,327.673112,44795,44843,43335,1508,-1581,6
,,20,22,,,760,144,17.566,15.678,49,275.399748,43775,43824,43336,488,-563,7
,,18,20,,,402,101,11.577,13.021,49,150.744117,43777,43826,43453,373,-436,6
,,20,21,,,797,801,20.814,15.31,50,318.66234,43777,43827,43318,509,-571,5
,,36,21,,,862,103,29.101,15.68,51,456.30368,44088,44139,43310,829,-883,7
,,20,22,,,759,154,19.932,15.976,51,318.433632,43777,43828,43339,489,-565,7
,,20,21,,,423,110,16.0,4.932,51,78.912,43778,43829,43425,404,-469,6
,,36,21,,,377,102,22.89,15.65,52,358.2285,44816,44868,43458,1410,-1476,6
,,20,22,,,823,836,6.45,21.691,53,139.90695,43779,43832,43308,524,-602,1
,,22,21,,,822,826,20.852,21.691,53,452.300732,43946,43999,43308,691,-769,1
,,20,22,,,481,836,6.45,21.691,54,139.90695,43789,43843,43423,420,-509,7
,,22,21,,,480,826,20.852,21.691,54,452.300732,44000,44054,43423,631,-720,7
,,20,20,,,330,110,15.0,4.932,54,73.98,43780,43834,43486,348,-416,6
,,20,22,,,661,836,6.45,21.691,55,139.90695,43795,43850,43376,474,-534,7
,,22,21,,,660,826,20.852,21.691,55,452.300732,44055,44110,43376,734,-794,7
,,33,21,,,406,801,28.614,19.075,58,545.81205,44844,44902,43463,1439,-1513,2
,,36,21,,,819,101,30.66,9.4,61,288.204,44869,44930,43323,1607,-1685,7
,,33,21,,,35,801,28.614,19.075,65,545.81205,44903,44968,43616,1352,-1433,2
,,36,21,,,7,801,28.614,19.075,67,545.81205,44931,44998,43636,1362,-1445,2
,,20,20,,,758,294,20.0,18.4,71,368.0,43780,43851,43351,500,-618,7
,,20,21,,,757,284,20.0,18.4,72,368.0,43780,43852,43353,499,-618,7
