col_1,col_2,20,20.1,col_5,col_6,757,284,20.2,18.4,72,368,43162,43234,43353,-119,0,7
,,20,20,,,758,294,20.0,18.4,71,368.0,43162,43233,43351,-118,0,7
,,20,22,,,823,836,6.45,21.691,53,139.90695,43177,43230,43308,-78,0,1
,,22,21,,,822,826,20.852,21.691,53,452.300732,43177,43230,43308,-78,0,1
,,18,18,,,810,835,18.0,17.3,40,311.4,43185,43225,43308,-83,0,9
,,18,20,,,809,825,18.455,17.3,40,319.2715,43185,43225,43308,-83,0,9
,,18,20,,,803,694,16.7,18.4,39,307.28,43190,43229,43307,-78,0,14
,,18,20,,,802,684,17.5,18.4,39,322.0,43190,43229,43307,-78,0,14
,,33,21,,,819,101,30.66,9.4,61,288.204,43184,43245,43323,-78,0,7
,,18,20,,,881,102,16.588,12.377,39,205.309676,43184,43223,43268,-45,0,1
,,18,20,,,856,110,13.0,5.487,42,71.331,43184,43226,43284,-58,0,0
,,18,21,,,847,272,15.89,20.773,35,330.08297,43186,43221,43295,-74,0,2
,,18,20,,,793,182,7.9,19.9,42,157.21,43196,43238,43313,-75,0,10
,,36,21,,,794,192,23.8,19.9,42,473.62,43196,43238,43313,-75,0,10
,,18,20,,,828,683,16.6,18.9,25,313.74,43203,43228,43288,-60,0,17
,,18,21,,,829,693,16.6,18.9,25,313.74,43203,43228,43288,-60,0,17
,,36,21,,,792,154,24.839,16.385,40,406.987015,43239,43279,43310,-31,-29,24
,,20,20,,,880,101,13.007,16.37,36,212.92459,43191,43227,43265,-38,0,1
,,18,21,,,867,163,16.387,11.151,29,182.731437,43198,43227,43284,-57,0,7
,,20,20,,,870,173,16.387,11.151,29,182.731437,43198,43227,43283,-56,0,7
,,20,20,,,804,134,19.318,18.5,45,357.383,43203,43248,43311,-63,0,12
,,20,20,,,805,124,16.142,18.85,45,304.2767,43204,43249,43311,-62,0,13
,,20,20,,,869,161,14.057,15.486,32,217.686702,43193,43225,43286,-61,0,1
,,33,21,,,874,103,24.0,11.0,39,264.0,43246,43285,43281,4,-53,1
,,20,20,,,830,143,14.606,16.186,45,236.412716,43201,43246,43307,-61,0,8
,,20,20,,,831,153,19.167,16.07,45,308.01369,43201,43246,43307,-61,0,8
,,20,20,,,861,122,15.531,12.2,24,189.4782,43204,43228,43283,-55,0,7
,,20,20,,,848,132,18.94,12.2,27,231.068,43204,43231,43289,-58,0,7
,,36,21,,,862,103,29.101,15.68,51,456.30368,43205,43256,43310,-54,0,7
,,36,21,,,787,111,22.2,13.8,40,306.36,43280,43320,43310,10,-73,7
,,20,21,,,857,112,21.0,5.15,26,108.15,43201,43227,43266,-39,0,0
,,20,20,,,864,144,15.117,16.07,24,242.93019,43203,43227,43279,-52,0,2
,,20,21,,,865,154,19.39,16.07,24,311.5973,43203,43227,43279,-52,0,2
,,20,21,,,797,801,20.814,15.31,50,318.66234,43206,43256,43318,-62,0,5
,,20,21,,,866,632,13.38,17.28,15,231.2064,43206,43221,43275,-54,0,4
,,20,21,,,863,622,13.38,17.28,15,231.2064,43207,43222,43276,-54,0,5
,,20,21,,,879,101,11.523,8.65,29,99.67395,43204,43233,43270,-37,0,1
,,36,21,,,871,102,26.372,14.65,37,386.3498,43257,43294,43286,8,-52,1
,,33,21,,,843,834,26.0,13.72,25,356.72,43286,43311,43285,26,-76,5
,,20,21,,,842,824,14.342,13.72,25,196.77224,43210,43235,43285,-50,0,5
,,20,21,,,760,144,17.566,15.678,49,275.399748,43212,43261,43336,-75,0,7
,,20,22,,,759,154,19.932,15.976,51,318.433632,43212,43263,43339,-76,0,7
,,20,22,,,859,835,5.59,17.008,28,95.07472,43211,43239,43284,-45,0,4
,,20,22,,,858,825,17.18,16.97,28,291.5446,43211,43239,43284,-45,0,4
,,20,22,,,878,832,15.0,10.3,23,154.5,43211,43234,43272,-38,0,3
,,20,22,,,877,822,12.6,10.3,23,129.78,43211,43234,43272,-38,0,3
,,20,22,,,849,143,13.809,15.686,22,216.607974,43213,43235,43282,-47,0,5
,,20,22,,,850,153,18.919,15.5,22,293.2445,43213,43235,43282,-47,0,5
,,20,22,,,765,124,18.618,14.354,47,267.242772,43214,43261,43333,-72,0,6
,,33,21,,,761,134,22.828,14.354,48,327.673112,43312,43360,43335,25,-98,6
,,20,22,,,795,183,8.82,15.798,22,139.33836,43213,43235,43295,-60,0,4
,,20,22,,,796,193,15.59,15.978,22,249.09702,43213,43235,43295,-60,0,4
,,20,20,,,853,835,7.416,16.884,22,125.211744,43215,43237,43280,-43,0,6
,,20,22,,,852,825,19.167,16.931,22,324.516477,43215,43237,43280,-43,0,6
,,20,22,,,873,832,6.767,14.288,18,96.686896,43215,43233,43274,-41,0,5
,,18,21,,,872,822,16.086,14.292,18,229.901112,43222,43240,43274,-34,-7,5
,,20,21,,,815,283,13.7,18.32,31,250.984,43222,43253,43299,-46,-5,7
,,36,21,,,811,293,22.5,18.32,31,412.2,43321,43352,43300,52,-104,7
,,20,21,,,771,628,15.6,20.0,23,312.0,43223,43246,43306,-60,-2,7
,,20,20,,,772,638,15.6,20.0,23,312.0,43221,43244,43306,-62,0,7
,,18,20,,,824,631,10.53,15.97,15,168.1641,43224,43239,43284,-45,-9,0
,,18,21,,,812,803,15.5,21.0,30,325.5,43228,43258,43293,-35,-12,1
,,18,18,,,825,621,8.95,15.97,15,142.9315,43226,43241,43284,-43,-9,0
,,18,20,,,789,273,14.5,18.79,25,272.455,43226,43251,43301,-50,-8,1
,,20,20,,,788,263,16.6,18.79,25,311.914,43226,43251,43301,-50,-8,1
,,18,20,,,838,623,13.38,18.79,15,251.4102,43227,43242,43281,-39,-8,1
,,20,20,,,839,633,13.38,18.79,15,251.4102,43228,43243,43281,-38,-9,1
,,20,20,,,844,102,19.76,18.47,21,364.9672,43219,43240,43278,-38,0,0
,,20,21,,,777,261,20.5,18.8,34,385.4,43228,43262,43313,-51,-8,0
,,20,22,,,820,133,21.1,18.1,29,381.91,43231,43260,43291,-31,-10,1
,,20,21,,,821,123,20.9,18.1,29,378.29,43228,43257,43291,-34,-6,1
,,20,20,,,766,268,10.8,20.0,29,216.0,43228,43257,43314,-57,-6,0
,,20,20,,,776,271,15.2,18.8,34,285.76,43228,43262,43314,-52,-6,0
,,36,21,,,840,103,23.857,9.5,30,226.6415,43353,43383,43288,95,-129,2
,,18,20,,,875,161,13.792,9.4,18,129.6448,43229,43247,43269,-22,-6,0
,,18,21,,,876,171,16.655,9.4,18,156.557,43229,43247,43269,-22,-6,0
,,20,20,,,767,278,10.8,20.0,28,216.0,43229,43257,43313,-56,-6,0
,,18,20,,,779,272,14.4,17.28,31,248.832,43230,43261,43314,-53,-7,0
,,18,20,,,778,262,14.6,17.28,31,252.288,43230,43261,43314,-53,-7,0
,,22,21,,,836,194,18.0,8.3,30,149.4,43231,43261,43289,-28,-7,1
,,20,20,,,841,184,13.9,8.3,30,115.37,43232,43262,43288,-26,-7,2
,,20,20,,,783,183,7.507,14.276,20,107.169932,43234,43254,43298,-44,-2,6
,,20,21,,,784,193,14.445,14.246,20,205.78347,43234,43254,43298,-44,-2,6
,,33,21,,,762,801,28.614,19.075,34,545.81205,43361,43395,43318,77,-126,9
,,36,21,,,832,182,23.0,7.3,17,167.9,43384,43401,43285,116,-153,4
,,20,22,,,833,192,13.889,7.3,17,101.3897,43234,43251,43285,-34,-3,4
,,20,20,,,816,642,13.412,19.5,16,261.534,43235,43251,43288,-37,-3,5
,,20,20,,,817,652,13.412,19.5,16,261.534,43232,43248,43288,-40,0,5
,,20,22,,,769,124,21.0,18.1,25,380.1,43237,43262,43308,-46,0,9
,,20,22,,,770,134,21.0,18.1,25,380.1,43237,43262,43308,-46,0,9
,,20,21,,,845,182,19.0,14.248,18,270.712,43236,43254,43282,-28,-6,1
,,20,22,,,846,192,10.441,14.248,18,148.763368,43236,43254,43282,-28,-5,2
,,20,22,,,791,832,6.662,14.583,36,97.151946,43236,43272,43309,-37,-6,0
,,20,20,,,790,822,16.055,14.575,36,234.001625,43230,43266,43309,-43,0,0
,,20,22,,,774,271,17.8,16.0,32,284.8,43236,43268,43314,-46,0,6
,,20,22,,,773,261,20.1,16.0,32,321.6,43236,43268,43314,-46,0,6
,,20,22,,,798,125,9.8,18.5,34,181.3,43238,43272,43302,-30,-6,1
,,18,20,,,834,123,16.106,12.2,22,196.4932,43239,43261,43284,-23,-7,1
,,18,20,,,780,135,13.1,18.5,43,242.35,43240,43283,43321,-38,-8,1
,,36,21,,,835,133,24.07,12.2,22,293.654,43295,43317,43284,33,-63,1
,,20,22,,,800,836,8.0,21.0,29,168.0,43240,43269,43296,-27,-6,3
,,22,21,,,799,826,20.5,21.0,29,430.5,43262,43291,43296,-5,-28,3
,,20,22,,,818,834,7.062,14.636,25,103.359432,43240,43265,43292,-27,-8,0
,,18,21,,,813,824,17.596,14.575,27,256.4617,43241,43268,43295,-27,-8,1
,,20,20,,,763,629,15.6,18.9,32,294.84,43243,43275,43319,-44,0,11
,,18,20,,,764,639,15.6,18.9,32,294.84,43243,43275,43319,-44,0,11
,,33,21,,,851,144,24.366,16.385,15,399.23691,43396,43411,43272,139,-161,2
,,20,20,,,801,292,16.6,19.5,30,323.7,43244,43274,43303,-29,-3,6
,,20,20,,,806,282,14.7,19.5,30,286.65,43247,43277,43302,-25,-5,7
,,18,18,,,785,122,12.0,12.3,28,147.6,43243,43271,43310,-39,0,7
,,20,20,,,786,132,10.219,12.3,28,125.6937,43247,43275,43310,-35,-4,7
,,20,21,,,697,683,16.6,18.9,24,313.74,43252,43276,43340,-64,0,16
,,18,20,,,698,693,16.6,18.9,24,313.74,43252,43276,43340,-64,0,16
,,18,21,,,827,833,7.281,14.575,24,106.120575,43248,43272,43290,-18,-11,0
,,20,21,,,826,823,17.548,14.578,27,255.814744,43237,43264,43293,-29,0,0
,,20,22,,,814,112,21.0,8.6,18,180.6,43252,43270,43285,-15,-10,5
,,20,20,,,755,269,10.5,18.9,29,198.45,43249,43278,43323,-45,-8,3
,,20,20,,,756,279,10.5,18.9,29,198.45,43250,43279,43323,-44,-9,3
,,18,20,,,855,834,9.215,10.9,19,100.4435,43252,43271,43282,-11,-10,4
,,20,20,,,854,824,15.665,11.094,19,173.78751,43252,43271,43282,-11,-10,4
,,20,21,,,736,101,11.523,8.65,28,99.67395,43243,43271,43331,-60,0,5
,,20,20,,,685,110,12.0,5.487,41,65.844,43252,43293,43346,-53,-8,5
,,20,21,,,808,653,11.2,17.72,16,198.464,43243,43259,43290,-31,0,3
,,20,21,,,807,643,13.412,17.72,16,237.66064,43254,43270,43290,-20,-11,3
,,20,20,,,775,102,16.588,12.377,35,205.309676,43255,43290,43312,-22,-13,1
,,20,21,,,860,833,8.709,14.287,16,124.425483,43255,43271,43279,-8,-13,0
,,20,21,,,837,823,16.231,14.307,18,232.216917,43255,43273,43286,-13,-13,0
,,20,22,,,725,123,16.13,18.505,42,298.48565,43255,43297,43349,-52,-8,5
,,36,21,,,726,133,23.777,18.85,42,448.19645,43402,43444,43349,95,-155,5
,,20,21,,,656,124,21.0,18.1,26,380.1,43257,43283,43355,-72,-7,7
,,20,21,,,657,134,21.0,18.1,26,380.1,43258,43284,43355,-71,-8,7
,,20,20,,,741,143,5.23,16.375,35,85.64125,43258,43293,43339,-46,-10,4
,,20,20,,,742,153,15.0,16.375,35,245.625,43258,43293,43339,-46,-10,4
,,20,21,,,781,142,16.252,5.15,30,83.6978,43251,43281,43316,-35,0,5
,,18,21,,,782,152,16.252,5.15,30,83.6978,43259,43289,43316,-27,-8,5
,,20,22,,,671,183,11.2,20.0,35,224.0,43261,43296,43357,-61,-8,7
,,20,21,,,678,193,19.9,20.0,35,398.0,43262,43297,43356,-59,-8,8
,,33,21,,,746,103,24.0,11.0,38,264.0,43412,43450,43332,118,-159,6
,,18,20,,,683,182,7.9,19.9,40,157.21,43262,43302,43361,-59,-7,8
,,36,21,,,684,192,23.8,19.9,40,473.62,43445,43485,43361,124,-190,8
,,18,20,,,666,261,19.155,12.423,39,237.962565,43262,43301,43363,-62,-8,6
,,20,22,,,667,271,21.56,12.423,39,267.83988,43262,43301,43363,-62,-8,6
,,18,20,,,747,184,13.9,8.3,28,115.37,43262,43290,43324,-34,-7,7
,,20,20,,,748,194,18.0,8.3,28,149.4,43263,43291,43324,-33,-8,7
,,20,20,,,753,161,14.057,15.486,37,217.686702,43263,43300,43331,-31,-7,8
,,20,22,,,754,171,20.177,15.486,37,312.461022,43256,43293,43331,-38,0,8
,,20,21,,,636,144,15.117,16.07,25,242.93019,43263,43288,43361,-73,-9,5
,,20,22,,,643,154,19.39,16.07,24,311.5973,43263,43287,43359,-72,-9,5
,,20,22,,,595,283,18.4,18.9,43,347.76,43263,43306,43378,-72,-9,5
,,20,22,,,600,293,19.5,18.9,43,368.55,43264,43307,43375,-68,-10,5
,,20,22,,,596,294,20.0,18.4,45,368.0,43266,43311,43379,-68,-11,6
,,33,21,,,658,101,30.66,9.4,31,288.204,43451,43482,43358,124,-195,7
,,33,21,,,659,101,30.66,9.4,31,288.204,43483,43514,43358,156,-227,7
,,20,22,,,589,284,20.0,18.4,45,368.0,43269,43314,43380,-66,-13,7
,,18,21,,,679,272,15.89,20.773,33,330.08297,43269,43302,43356,-54,-11,9
,,36,21,,,699,144,24.366,16.385,38,399.23691,43486,43524,43351,173,-228,9
,,20,22,,,680,262,11.65,20.773,33,242.00545,43269,43302,43356,-54,-10,10
,,33,21,,,692,154,24.839,16.385,39,406.987015,43515,43554,43354,200,-256,10
,,20,22,,,768,101,13.007,16.37,22,212.92459,43270,43292,43300,-8,-18,2
,,20,21,,,668,112,20.0,5.15,41,103.0,43271,43312,43349,-37,-14,7
,,20,22,,,613,144,15.117,16.07,25,242.93019,43271,43296,43363,-67,-14,5
,,18,20,,,614,154,19.39,16.07,25,311.5973,43272,43297,43363,-66,-15,5
,,20,20,,,686,162,18.5,15.5,32,286.75,43272,43304,43349,-45,-12,8
,,20,21,,,615,172,18.5,15.698,32,290.413,43272,43304,43367,-63,-12,8
,,36,21,,,711,103,23.857,9.5,34,226.6415,43525,43559,43343,216,-270,2
,,18,21,,,730,331,8.6,20.5,32,176.3,43273,43305,43341,-36,-10,10
,,20,22,,,729,321,14.8,20.5,32,303.4,43273,43305,43341,-36,-10,10
,,20,22,,,700,143,14.606,16.186,26,236.412716,43259,43285,43340,-55,0,5
,,20,22,,,701,153,19.167,16.07,26,308.01369,43273,43299,43340,-41,-14,5
,,20,22,,,661,836,6.45,21.691,55,139.90695,43288,43343,43376,-33,-27,7
,,20,20,,,628,125,9.8,18.5,42,181.3,43261,43303,43377,-74,0,7
,,20,21,,,629,135,13.1,18.5,42,242.35,43274,43316,43377,-61,-13,7
,,20,21,,,719,801,20.814,15.31,33,318.66234,43277,43310,43341,-31,-16,7
,,22,21,,,660,826,20.852,21.691,55,452.300732,43292,43347,43376,-29,-31,7
,,20,21,,,687,801,20.814,15.31,33,318.66234,43284,43317,43351,-34,-27,2
,,36,21,,,727,102,26.372,14.65,35,386.3498,43318,43353,43340,13,-58,5
,,33,21,,,728,102,26.372,14.65,35,386.3498,43555,43590,43340,250,-295,5
,,20,20,,,650,628,15.6,20.0,23,312.0,43275,43298,43355,-57,-13,7
,,18,20,,,651,638,15.6,20.0,23,312.0,43276,43299,43355,-56,-14,7
,,20,20,,,712,134,19.318,18.5,44,357.383,43276,43320,43353,-33,-14,7
,,36,21,,,720,103,23.857,9.5,34,226.6415,43560,43594,43341,253,-299,5
,,18,20,,,713,124,16.142,18.85,44,304.2767,43277,43321,43353,-32,-14,7
,,20,21,,,705,123,20.9,18.1,28,378.29,43285,43313,43338,-25,-21,7
,,20,21,,,706,123,20.9,18.1,28,378.29,43289,43317,43338,-21,-25,7
,,20,22,,,707,133,21.1,18.1,28,381.91,43293,43321,43338,-17,-29,7
,,20,22,,,708,133,21.1,18.1,28,381.91,43297,43325,43338,-13,-33,7
,,20,20,,,745,104,18.3,18.2,21,333.06,43260,43281,43327,-46,0,2
,,18,18,,,731,101,11.523,8.65,28,99.67395,43272,43300,43333,-33,-9,5
,,20,20,,,693,322,12.4,19.6,39,243.04,43278,43317,43353,-36,-18,1
,,20,20,,,694,332,12.4,19.6,39,243.04,43279,43318,43353,-35,-19,1
,,20,20,,,703,834,7.062,14.636,33,103.359432,43280,43313,43347,-34,-14,7
,,18,20,,,749,161,13.792,9.4,17,129.6448,43284,43301,43318,-17,-18,7
,,18,21,,,750,161,13.792,9.4,17,129.6448,43290,43307,43318,-11,-24,7
,,18,20,,,743,142,8.276,16.07,22,132.99532,43291,43313,43328,-15,-25,7
,,20,20,,,751,171,16.655,9.4,17,156.557,43291,43308,43318,-10,-25,7
,,20,20,,,752,171,16.655,9.4,17,156.557,43292,43309,43318,-9,-26,7
,,20,20,,,744,152,15.186,16.07,22,244.03902,43294,43316,43328,-12,-28,7
,,20,20,,,702,824,17.596,14.575,33,256.4617,43294,43327,43347,-20,-28,7
,,20,20,,,709,173,16.387,11.151,22,182.731437,43267,43289,43336,-47,0,8
,,20,20,,,704,163,16.387,11.151,22,182.731437,43294,43316,43337,-21,-26,8
,,20,22,,,733,835,5.59,17.008,26,95.07472,43297,43323,43332,-9,-31,5
,,18,20,,,732,825,17.18,16.97,26,291.5446,43298,43324,43332,-8,-32,5
,,20,21,,,740,832,14.0,10.3,22,144.2,43298,43320,43330,-10,-30,7
,,20,22,,,715,833,7.281,14.575,31,106.120575,43298,43329,43345,-16,-30,7
,,20,20,,,739,822,12.6,10.3,22,129.78,43299,43321,43330,-9,-31,7
,,18,20,,,737,142,8.276,16.07,22,132.99532,43300,43322,43330,-8,-32,7
,,20,22,,,738,152,15.186,16.07,22,244.03902,43300,43322,43330,-8,-32,7
,,18,18,,,714,823,17.548,14.578,31,255.814744,43301,43332,43345,-13,-33,7
,,20,20,,,682,694,16.7,18.4,38,307.28,43268,43306,43359,-53,0,7
,,20,20,,,681,684,17.5,18.4,38,322.0,43301,43339,43359,-20,-33,7
,,18,20,,,695,221,15.0,15.97,12,239.55,43302,43314,43340,-26,-38,1
,,18,20,,,696,221,16.0,15.97,12,255.52,43302,43314,43340,-26,-38,1
,,20,22,,,722,835,5.59,17.008,27,95.07472,43302,43329,43336,-7,-34,5
,,18,20,,,721,825,17.18,16.97,27,291.5446,43303,43330,43336,-6,-35,5
,,18,21,,,670,835,17.0,17.3,40,294.1,43303,43343,43365,-22,-33,7
,,20,22,,,735,832,13.0,10.3,22,133.9,43303,43325,43332,-7,-33,7
,,20,20,,,734,822,12.6,10.3,22,129.78,43305,43327,43332,-5,-35,7
,,20,21,,,669,825,18.455,17.3,40,319.2715,43305,43345,43365,-20,-35,7
,,18,21,,,688,231,14.308,15.97,14,228.49876,43306,43320,43342,-22,-38,4
,,20,22,,,689,231,14.308,15.97,14,228.49876,43306,43320,43342,-22,-38,4
,,33,21,,,716,834,25.0,13.72,26,343.0,43591,43617,43337,280,-320,5
,,36,21,,,710,834,24.0,13.72,25,329.28,43595,43620,43338,282,-321,5
,,20,22,,,665,832,6.662,14.583,35,97.151946,43307,43342,43363,-21,-31,7
,,20,21,,,664,822,16.055,14.575,35,234.001625,43276,43311,43363,-52,0,7
,,18,21,,,723,182,18.0,14.248,19,256.464,43308,43327,43333,-6,-31,7
,,20,22,,,724,192,10.441,14.248,19,148.763368,43308,43327,43333,-6,-31,7
,,20,20,,,717,182,17.0,14.248,19,242.216,43309,43328,43334,-6,-31,7
,,20,21,,,718,192,10.441,14.248,19,148.763368,43278,43297,43334,-37,0,7
,,20,20,,,672,122,15.531,12.2,17,189.4782,43310,43327,43343,-16,-32,7
,,20,20,,,673,122,15.531,12.2,17,189.4782,43278,43295,43343,-48,0,7
,,20,21,,,674,132,18.94,12.2,17,231.068,43311,43328,43343,-15,-33,7
,,20,22,,,675,132,18.94,12.2,17,231.068,43312,43329,43343,-14,-34,7
,,20,21,,,690,143,14.606,16.186,26,236.412716,43313,43339,43343,-4,-36,5
,,20,21,,,691,153,19.167,16.07,26,308.01369,43277,43303,43343,-40,0,5
,,20,22,,,481,836,6.45,21.691,54,139.90695,43315,43369,43423,-54,-35,7
,,22,21,,,480,826,20.852,21.691,54,452.300732,43348,43402,43423,-21,-68,7
,,33,21,,,676,103,29.101,15.68,16,456.30368,43618,43634,43342,292,-338,7
,,36,21,,,677,103,29.101,15.68,16,456.30368,43621,43637,43342,295,-341,7
,,18,20,,,639,271,15.2,18.8,34,285.76,43314,43348,43369,-21,-31,7
,,20,20,,,640,271,15.2,18.8,34,285.76,43314,43348,43369,-21,-31,7
,,20,21,,,637,261,20.5,18.8,34,385.4,43283,43317,43369,-52,0,7
,,20,21,,,638,261,20.5,18.8,34,385.4,43314,43348,43369,-21,-31,7
,,33,21,,,585,111,22.2,13.8,25,306.36,43635,43660,43367,293,-351,7
,,36,21,,,586,111,22.2,13.8,25,306.36,43638,43663,43367,296,-354,7
,,18,20,,,616,632,13.38,17.28,14,231.2064,43315,43329,43357,-28,-32,4
,,18,20,,,617,632,13.38,17.28,14,231.2064,43315,43329,43357,-28,-32,4
,,20,20,,,641,622,13.38,17.28,13,231.2064,43317,43330,43354,-24,-33,5
,,20,20,,,642,622,13.38,17.28,13,231.2064,43317,43330,43354,-24,-33,5
,,20,21,,,630,629,15.6,18.9,32,294.84,43317,43349,43369,-20,-30,7
,,20,20,,,631,629,15.6,18.9,32,294.84,43318,43350,43369,-19,-31,7
,,20,21,,,632,639,15.6,18.9,32,294.84,43318,43350,43369,-19,-31,7
,,20,21,,,633,639,15.6,18.9,32,294.84,43318,43350,43369,-19,-31,7
,,36,21,,,529,102,22.89,15.65,47,358.2285,43354,43401,43395,6,-67,6
,,20,20,,,557,144,17.566,15.678,23,275.399748,43319,43342,43380,-38,-31,7
,,18,21,,,558,144,17.566,15.678,23,275.399748,43321,43344,43380,-36,-33,7
,,20,20,,,559,154,19.932,15.976,23,318.433632,43321,43344,43380,-36,-33,7
,,20,21,,,560,154,19.932,15.976,23,318.433632,43321,43344,43380,-36,-33,7
,,20,20,,,574,101,11.577,13.021,45,150.744117,43288,43333,43392,-59,0,6
,,20,22,,,618,268,10.8,20.0,30,216.0,43321,43351,43367,-16,-32,7
,,20,20,,,619,278,10.8,20.0,30,216.0,43289,43319,43367,-48,0,7
,,18,20,,,590,183,8.82,15.798,21,139.33836,43322,43343,43367,-24,-35,4
,,20,20,,,591,193,15.59,15.978,21,249.09702,43322,43343,43367,-24,-35,4
,,20,22,,,605,268,10.8,20.0,30,216.0,43322,43352,43368,-16,-32,7
,,18,20,,,606,278,10.8,20.0,30,216.0,43323,43353,43368,-15,-33,7
,,20,22,,,587,183,8.82,15.798,21,139.33836,43323,43344,43368,-24,-35,4
,,20,22,,,588,193,15.59,15.978,21,249.09702,43324,43345,43368,-23,-36,4
,,18,20,,,644,143,13.809,15.686,21,216.607974,43325,43346,43357,-11,-35,6
,,20,22,,,645,143,13.809,15.686,21,216.607974,43326,43347,43357,-10,-36,6
,,20,22,,,562,124,18.618,14.354,22,267.242772,43326,43348,43377,-29,-36,6
,,18,21,,,563,124,18.618,14.354,22,267.242772,43328,43350,43377,-27,-38,6
,,20,22,,,646,153,18.919,15.5,21,293.2445,43290,43311,43357,-46,0,6
,,20,20,,,647,153,18.919,15.5,21,293.2445,43328,43349,43357,-8,-38,6
,,33,21,,,564,134,22.828,14.354,22,327.673112,43661,43683,43377,306,-371,6
,,36,21,,,565,134,22.828,14.354,22,327.673112,43402,43424,43377,47,-112,6
,,20,22,,,634,124,21.0,18.1,26,380.1,43328,43354,43362,-8,-36,7
,,20,21,,,635,134,21.0,18.1,26,380.1,43329,43355,43362,-7,-37,7
,,20,20,,,601,269,10.5,18.9,29,198.45,43294,43323,43370,-47,0,7
,,20,20,,,602,269,10.5,18.9,29,198.45,43328,43357,43370,-13,-34,7
,,20,20,,,603,279,10.5,18.9,29,198.45,43328,43357,43370,-13,-34,7
,,20,20,,,604,279,10.5,18.9,29,198.45,43329,43358,43370,-12,-35,7
,,18,20,,,535,834,7.062,14.636,34,103.359432,43330,43364,43398,-34,-35,7
,,18,20,,,534,824,17.596,14.575,34,256.4617,43330,43364,43398,-34,-35,7
,,20,22,,,648,628,15.6,20.0,23,312.0,43330,43353,43359,-6,-35,7
,,20,22,,,649,638,15.6,20.0,23,312.0,43330,43353,43359,-6,-35,7
,,20,22,,,543,833,7.281,14.575,32,106.120575,43330,43362,43396,-34,-33,7
,,18,20,,,599,824,14.342,13.72,26,196.77224,43331,43357,43367,-10,-34,7
,,20,20,,,542,823,17.548,14.578,32,255.814744,43331,43363,43396,-33,-34,7
,,20,20,,,652,102,19.76,18.47,20,364.9672,43331,43351,43348,3,-40,0
,,20,20,,,653,102,19.76,18.47,20,364.9672,43340,43360,43348,12,-49,0
,,18,18,,,598,824,14.342,13.72,26,196.77224,43333,43359,43368,-9,-35,7
,,20,21,,,620,621,8.95,15.97,14,142.9315,43340,43354,43357,-3,-48,0
,,20,20,,,621,621,8.95,15.97,14,142.9315,43343,43357,43357,0,-51,0
,,20,22,,,607,631,10.53,15.97,13,168.1641,43343,43356,43357,-1,-51,0
,,18,20,,,608,631,10.53,15.97,13,168.1641,43344,43357,43357,0,-52,0
,,18,21,,,581,272,14.4,17.28,31,248.832,43344,43375,43385,-10,-50,0
,,20,20,,,582,272,14.4,17.28,31,248.832,43344,43375,43385,-10,-50,0
,,20,22,,,579,262,14.6,17.28,31,252.288,43344,43375,43385,-10,-50,0
,,18,21,,,580,262,14.6,17.28,31,252.288,43345,43376,43385,-9,-51,0
,,20,20,,,662,183,7.507,14.276,20,107.169932,43345,43365,43353,12,-46,5
,,20,21,,,663,193,14.445,14.246,20,205.78347,43345,43365,43353,12,-46,5
,,20,22,,,494,835,16.0,17.3,39,276.8,43345,43384,43414,-30,-44,7
,,20,22,,,493,825,18.455,17.3,39,319.2715,43301,43340,43414,-74,0,7
,,36,21,,,597,101,30.66,9.4,30,288.204,43664,43694,43370,324,-368,0
,,20,21,,,654,183,7.507,14.276,19,107.169932,43346,43365,43353,12,-45,5
,,20,20,,,655,193,14.445,14.246,19,205.78347,43301,43320,43353,-33,0,5
,,20,21,,,592,231,14.308,15.97,21,228.49876,43310,43331,43374,-43,0,14
,,20,20,,,538,283,13.7,18.32,31,250.984,43304,43335,43395,-60,-1,6
,,33,21,,,539,293,22.5,18.32,31,412.2,43684,43715,43395,320,-381,6
,,20,22,,,497,832,6.662,14.583,35,97.151946,43346,43381,43409,-28,-42,7
,,18,20,,,496,822,16.055,14.575,35,234.001625,43347,43382,43409,-27,-43,7
,,20,22,,,584,221,14.0,15.97,20,223.58,43348,43368,43381,-13,-29,22
,,18,20,,,548,282,14.7,19.5,30,286.65,43349,43379,43394,-15,-45,6
,,20,20,,,549,292,16.6,19.5,30,323.7,43349,43379,43394,-15,-45,6
,,20,21,,,544,631,10.53,15.97,8,168.1641,43349,43357,43375,-18,-16,33
,,20,22,,,501,694,16.7,18.4,38,307.28,43349,43387,43409,-22,-41,7
,,20,20,,,500,684,17.5,18.4,38,322.0,43350,43388,43409,-21,-42,7
,,20,21,,,540,621,8.95,15.97,10,142.9315,43350,43360,43378,-18,-16,33
,,18,21,,,609,182,21.0,7.3,18,153.3,43351,43369,43362,7,-45,4
,,20,22,,,610,182,22.0,7.3,18,160.6,43312,43330,43362,-32,-6,4
,,20,20,,,611,192,13.889,7.3,18,101.3897,43351,43369,43362,7,-45,4
,,20,21,,,612,192,13.889,7.3,18,101.3897,43351,43369,43362,7,-45,4
,,20,21,,,526,123,19.5,18.75,39,365.625,43351,43390,43400,-10,-43,6
,,20,20,,,423,110,16.0,4.932,51,78.912,43352,43403,43425,-22,-43,6
,,20,22,,,528,182,12.25,9.2,37,112.7,43352,43389,43397,-8,-43,6
,,20,22,,,570,271,17.8,16.0,31,284.8,43353,43384,43385,-1,-44,6
,,18,20,,,571,271,17.8,16.0,31,284.8,43354,43385,43385,0,-45,6
,,20,22,,,568,261,20.1,16.0,31,321.6,43354,43385,43385,0,-45,6
,,20,22,,,569,261,20.1,16.0,31,321.6,43354,43385,43385,0,-45,6
,,36,21,,,566,111,22.2,13.8,25,306.36,43695,43720,43377,343,-377,15
,,20,21,,,622,123,16.106,12.2,23,196.4932,43355,43378,43360,18,-49,1
,,20,22,,,623,123,16.106,12.2,23,196.4932,43355,43378,43360,18,-49,1
,,33,21,,,624,133,24.07,12.2,23,293.654,43716,43739,43360,379,-410,1
,,36,21,,,625,133,24.07,12.2,23,293.654,43721,43744,43360,384,-415,1
,,20,21,,,550,123,16.106,12.2,28,196.4932,43356,43384,43388,-4,-47,4
,,33,21,,,561,133,24.07,12.2,28,293.654,43740,43768,43384,384,-431,4
,,20,22,,,567,102,19.76,18.47,38,364.9672,43357,43395,43390,5,-49,0
,,20,21,,,502,192,16.9,9.2,37,155.48,43315,43352,43403,-51,0,6
,,20,20,,,420,294,20.0,18.4,45,368.0,43358,43403,43431,-28,-42,7
,,20,20,,,419,284,20.0,18.4,45,368.0,43358,43403,43432,-29,-41,7
,,18,20,,,627,231,15.25,8.2,14,125.05,43358,43372,43359,13,-41,6
,,18,20,,,626,221,18.25,8.2,14,149.65,43358,43372,43359,13,-41,6
,,20,20,,,523,633,12.7,19.8,34,251.46,43358,43392,43399,-7,-41,6
,,20,21,,,522,623,13.6,19.8,34,269.28,43358,43392,43399,-7,-41,6
,,20,20,,,424,293,19.5,18.9,43,368.55,43359,43402,43429,-27,-41,7
,,18,18,,,575,122,15.531,12.2,27,189.4782,43360,43387,43382,5,-49,-1
,,20,20,,,576,132,18.94,12.2,27,231.068,43361,43388,43382,6,-50,-1
,,36,21,,,438,111,11.85,25.0,40,296.25,43745,43785,43412,373,-427,6
,,36,21,,,467,103,34.122,13.75,40,469.1775,43786,43826,43412,414,-468,6
,,20,21,,,593,112,21.0,8.6,18,180.6,43361,43379,43361,18,-43,5
,,20,22,,,594,112,21.0,8.6,18,180.6,43363,43381,43361,20,-45,5
,,20,20,,,418,283,18.4,18.9,44,347.76,43364,43408,43433,-25,-44,7
,,18,20,,,545,273,14.5,18.79,26,272.455,43365,43391,43391,0,-45,6
,,18,20,,,541,263,16.6,18.79,26,311.914,43365,43391,43392,-1,-45,6
,,20,21,,,583,112,21.0,8.6,18,180.6,43320,43338,43368,-30,0,5
,,20,20,,,536,143,13.809,15.686,31,216.607974,43366,43397,43396,1,-44,7
,,20,21,,,537,153,18.919,15.5,31,293.2445,43366,43397,43396,1,-44,7
,,20,21,,,509,683,16.6,18.9,24,313.74,43366,43390,43395,-5,-44,7
,,20,22,,,510,693,16.6,18.9,24,313.74,43369,43393,43395,-2,-47,7
,,18,21,,,516,124,18.618,14.354,32,267.242772,43370,43402,43402,0,-45,10
,,33,21,,,517,134,22.828,14.354,32,327.673112,43769,43801,43402,399,-444,10
,,20,20,,,555,632,13.38,17.28,16,231.2064,43370,43386,43379,7,-43,12
,,20,21,,,531,632,13.5,20.0,29,270.0,43370,43399,43395,4,-47,6
,,20,22,,,530,622,16.9,20.0,29,338.0,43370,43399,43395,4,-47,6
,,20,20,,,556,622,13.38,17.28,15,231.2064,43329,43344,43378,-34,0,12
,,18,20,,,553,182,20.0,7.3,17,146.0,43373,43390,43382,8,-49,6
,,18,20,,,554,192,13.889,7.3,17,101.3897,43373,43390,43382,8,-49,6
,,18,21,,,483,271,17.8,16.0,31,284.8,43376,43407,43409,-2,-52,6
,,20,22,,,482,261,20.1,16.0,31,321.6,43376,43407,43409,-2,-52,6
,,20,20,,,503,144,17.566,15.678,31,275.399748,43376,43407,43403,4,-49,8
,,18,21,,,468,154,19.932,15.976,39,318.433632,43377,43416,43419,-3,-50,8
,,33,21,,,572,103,29.101,15.68,26,456.30368,43802,43828,43382,446,-476,5
,,20,21,,,470,273,14.5,18.79,25,272.455,43379,43404,43408,-4,-54,1
,,20,22,,,469,263,16.6,18.79,25,311.914,43379,43404,43408,-4,-54,1
,,18,20,,,513,835,7.416,16.884,20,125.211744,43380,43400,43391,9,-50,6
,,20,20,,,514,835,7.416,16.884,20,125.211744,43380,43400,43391,9,-50,6
,,20,21,,,511,825,19.167,16.931,20,324.516477,43330,43350,43391,-41,0,6
,,20,21,,,512,825,19.167,16.931,20,324.516477,43380,43400,43391,9,-50,6
,,20,22,,,460,273,14.5,18.79,25,272.455,43382,43407,43409,-2,-56,1
,,20,22,,,459,263,16.6,18.79,25,311.914,43382,43407,43409,-2,-56,1
,,18,20,,,573,104,13.35,13.05,15,174.2175,43383,43398,43375,23,-52,6
,,20,21,,,461,124,15.49,19.15,33,296.6335,43385,43418,43411,7,-54,6
,,20,22,,,462,283,13.7,18.32,30,250.984,43385,43415,43412,3,-53,7
,,36,21,,,450,293,22.5,18.32,30,412.2,43827,43857,43413,444,-495,7
,,20,22,,,525,832,6.767,14.288,16,96.686896,43385,43401,43389,12,-54,5
,,18,20,,,524,822,16.086,14.292,16,229.901112,43386,43402,43389,13,-55,5
,,20,22,,,578,132,11.0,9.55,14,105.05,43386,43400,43374,26,-54,6
,,20,22,,,577,122,18.0,9.55,14,171.9,43386,43400,43374,26,-54,6
,,20,20,,,532,162,17.86,7.8,21,139.308,43387,43408,43388,20,-55,6
,,20,22,,,533,172,18.45,12.45,21,229.7025,43388,43409,43388,21,-56,6
,,20,20,,,504,662,14.6,20.0,27,292.0,43389,43416,43400,16,-57,6
,,20,20,,,505,672,14.6,20.0,27,292.0,43389,43416,43400,16,-57,6
,,20,22,,,451,134,18.74,19.44,33,364.3056,43390,43423,43412,11,-58,6
,,22,21,,,446,193,20.1,20.9,35,420.09,43403,43438,43416,22,-71,6
,,18,20,,,447,283,13.7,18.32,31,250.984,43391,43422,43415,7,-58,7
,,33,21,,,445,293,22.5,18.32,31,412.2,43829,43860,43416,444,-496,7
,,20,20,,,520,832,6.767,14.288,16,96.686896,43332,43348,43390,-42,0,5
,,18,18,,,519,822,16.086,14.292,16,229.901112,43388,43404,43390,14,-56,5
,,18,20,,,521,191,9.0,11.95,24,107.55,43391,43415,43395,20,-58,6
,,20,21,,,506,143,10.97,13.152,25,144.27744,43391,43416,43397,19,-58,6
,,20,21,,,507,153,18.861,13.05,25,246.13605,43391,43416,43397,19,-58,6
,,18,20,,,518,181,15.0,11.95,24,179.25,43392,43416,43396,20,-58,6
,,18,20,,,546,161,11.58,12.405,19,143.6499,43392,43411,43386,25,-58,6
,,20,22,,,547,171,21.526,7.65,19,164.6739,43334,43353,43386,-33,0,6
,,20,21,,,448,183,9.9,20.9,33,206.91,43334,43367,43414,-47,0,6
,,20,20,,,463,125,14.8,19.15,31,283.42,43393,43424,43410,14,-59,6
,,36,21,,,406,801,28.614,19.075,58,545.81205,43858,43916,43463,453,-527,2
,,20,21,,,551,623,13.38,18.79,15,251.4102,43393,43408,43381,27,-61,3
,,20,22,,,552,633,13.38,18.79,15,251.4102,43394,43409,43381,28,-62,3
,,20,22,,,452,803,15.5,20.0,29,310.0,43396,43425,43406,19,-65,1
,,20,20,,,433,631,16.117,19.25,37,310.25225,43398,43435,43424,11,-62,6
,,20,21,,,432,621,18.334,19.25,37,352.9295,43398,43435,43424,11,-62,6
,,20,21,,,453,135,18.6,19.35,30,359.91,43400,43430,43410,20,-64,6
,,18,20,,,449,803,15.5,19.0,29,294.5,43399,43428,43407,21,-67,1
,,20,22,,,472,272,14.4,17.28,31,248.832,43400,43431,43414,17,-63,6
,,18,20,,,471,262,14.6,17.28,31,252.288,43401,43432,43414,18,-64,6
,,22,21,,,454,194,20.1,21.05,28,423.105,43439,43467,43408,59,-101,6
,,20,20,,,498,183,8.82,15.798,22,139.33836,43401,43423,43397,26,-62,6
,,20,22,,,455,184,9.804,21.05,27,206.3742,43401,43428,43407,21,-62,6
,,20,21,,,499,193,15.59,15.978,22,249.09702,43401,43423,43397,26,-62,6
,,33,21,,,377,102,22.89,15.65,52,358.2285,43861,43913,43458,455,-521,6
,,33,21,,,436,112,14.612,23.0,30,336.076,43914,43944,43415,529,-573,6
,,20,22,,,402,101,11.577,13.021,49,150.744117,43401,43450,43453,-3,-60,6
,,20,20,,,484,623,13.38,18.79,15,251.4102,43336,43351,43398,-47,0,0
,,20,22,,,485,633,13.38,18.79,15,251.4102,43402,43417,43398,19,-66,0
,,18,20,,,476,623,13.38,18.79,15,251.4102,43403,43418,43399,19,-66,0
,,18,21,,,477,633,13.38,18.79,15,251.4102,43403,43418,43399,19,-66,0
,,20,20,,,489,155,14.7,13.05,22,191.835,43403,43425,43401,24,-60,6
,,20,20,,,495,144,10.5,13.05,20,137.025,43404,43424,43398,26,-60,6
,,20,20,,,456,671,18.6,14.9,25,277.14,43404,43429,43408,21,-60,6
,,20,20,,,478,642,13.412,19.5,16,261.534,43404,43420,43400,20,-60,5
,,20,21,,,479,652,13.412,19.5,16,261.534,43405,43421,43400,21,-61,5
,,18,18,,,490,154,14.94,13.05,20,194.967,43405,43425,43399,26,-60,6
,,20,22,,,473,642,13.412,19.5,16,261.534,43405,43421,43401,20,-60,5
,,18,21,,,474,652,13.412,19.5,16,261.534,43408,43424,43401,23,-63,5
,,20,20,,,486,145,10.1,13.065,20,131.9565,43408,43428,43400,28,-62,6
,,36,21,,,408,801,28.614,19.075,37,545.81205,43917,43954,43439,515,-567,9
,,33,21,,,407,801,28.614,19.075,37,545.81205,43945,43982,43440,542,-594,9
,,20,22,,,441,836,8.0,21.0,33,168.0,43408,43441,43417,24,-61,3
,,20,22,,,442,836,8.0,21.0,33,168.0,43408,43441,43417,24,-61,3
,,36,21,,,439,826,20.5,21.0,33,430.5,43425,43458,43417,41,-78,3
,,22,21,,,440,826,20.5,21.0,33,430.5,43468,43501,43417,84,-121,3
,,20,22,,,427,661,18.6,14.9,29,277.14,43408,43437,43423,14,-57,6
,,20,20,,,426,834,9.215,10.9,19,100.4435,43409,43428,43418,10,-56,6
,,20,20,,,425,824,15.665,11.094,19,173.78751,43409,43428,43418,10,-56,6
,,20,20,,,430,832,6.767,14.288,18,96.686896,43354,43372,43417,-45,0,6
,,20,21,,,431,833,8.709,14.287,18,124.425483,43409,43427,43417,10,-55,6
,,20,22,,,428,822,16.086,14.292,18,229.901112,43410,43428,43417,11,-56,6
,,20,22,,,429,823,16.231,14.307,18,232.216917,43410,43428,43417,11,-56,6
,,18,20,,,434,803,15.5,18.0,32,279.0,43412,43444,43418,26,-62,1
,,18,20,,,437,292,16.6,19.5,34,323.7,43416,43450,43425,25,-61,6
,,20,22,,,444,282,14.7,19.5,32,286.65,43416,43448,43421,27,-59,7
,,18,20,,,435,292,16.6,19.5,33,323.7,43417,43450,43425,25,-60,6
,,18,21,,,443,282,14.7,19.5,32,286.65,43417,43449,43422,27,-59,7
,,20,21,,,415,836,8.0,21.0,31,168.0,43417,43448,43427,21,-58,8
,,22,21,,,414,826,20.5,21.0,31,430.5,43502,43533,43427,106,-143,8
,,20,20,,,465,653,11.2,17.72,16,198.464,43417,43433,43402,31,-62,3
,,20,20,,,464,643,13.412,17.72,16,237.66064,43417,43433,43402,31,-62,3
,,36,21,,,398,825,24.4,10.4,33,253.76,43955,43988,43446,542,-584,19
,,20,21,,,492,834,9.215,10.9,22,100.4435,43417,43439,43403,36,-60,4
,,20,22,,,491,824,15.665,11.094,22,173.78751,43418,43440,43403,37,-61,4
,,18,20,,,458,653,11.2,17.72,15,198.464,43419,43434,43402,32,-62,3
,,20,20,,,457,643,13.412,17.72,15,237.66064,43357,43372,43402,-30,0,3
,,18,21,,,488,834,9.215,10.9,22,100.4435,43419,43441,43404,37,-61,4
,,20,21,,,487,824,15.665,11.094,22,173.78751,43419,43441,43404,37,-61,4
,,20,20,,,390,182,12.25,9.2,41,112.7,43421,43462,43456,6,-61,6
,,20,21,,,378,123,19.5,18.75,43,365.625,43422,43465,43461,4,-61,6
,,33,21,,,379,133,25.083,18.75,43,470.30625,43983,44026,43461,565,-622,6
,,36,21,,,394,833,24.0,15.6,30,374.4,43459,43489,43446,43,-78,26
,,20,22,,,393,823,21.1,15.6,30,329.16,43422,43452,43446,6,-41,26
,,36,21,,,403,824,24.1,17.41,34,419.581,43490,43524,43439,85,-128,6
,,18,20,,,515,833,8.709,14.287,15,124.425483,43423,43438,43392,46,-66,0
,,20,20,,,475,823,16.231,14.307,21,232.216917,43357,43378,43407,-29,0,0
,,20,20,,,508,833,8.709,14.287,15,124.425483,43424,43439,43393,46,-66,0
,,20,21,,,466,823,16.231,14.307,21,232.216917,43358,43379,43408,-29,0,0
,,20,21,,,330,110,15.0,4.932,54,73.98,43424,43478,43486,-8,-60,6
,,20,22,,,413,834,20.0,16.8,33,336.0,43424,43457,43429,28,-60,6
,,18,21,,,373,192,16.9,9.2,41,155.48,43425,43466,43462,4,-59,6
,,20,22,,,412,653,11.2,17.72,19,198.464,43366,43385,43425,-40,0,6
,,20,20,,,417,643,13.412,17.72,19,237.66064,43425,43444,43422,22,-59,6
,,20,20,,,411,652,13.412,19.5,19,261.534,43425,43444,43425,19,-59,6
,,20,20,,,416,642,13.412,19.5,19,261.534,43426,43445,43422,23,-60,6
,,20,22,,,400,832,22.0,15.4,24,338.8,43426,43450,43440,10,-40,25
,,20,21,,,399,822,19.175,15.4,24,295.295,43428,43452,43440,12,-42,25
,,36,21,,,351,111,11.85,24.0,44,284.4,43989,44033,43471,562,-620,6
,,18,20,,,381,633,12.7,19.8,38,251.46,43429,43467,43459,8,-60,6
,,20,20,,,380,623,13.6,19.8,38,269.28,43429,43467,43459,8,-60,6
,,18,18,,,372,835,13.5,10.4,32,140.4,43426,43458,43455,3,-44,19
,,20,20,,,395,845,18.075,12.65,31,228.64875,43429,43460,43446,14,-44,21
,,33,21,,,353,801,24.3,17.0,47,413.1,44027,44074,43478,596,-661,1
,,20,20,,,422,231,15.25,8.2,17,125.05,43429,43446,43419,27,-58,6
,,20,20,,,421,221,18.25,8.2,17,149.65,43371,43388,43419,-31,0,6
,,20,20,,,385,855,14.0,12.6,31,176.4,43386,43417,43448,-31,0,21
,,36,21,,,357,103,34.122,13.75,43,469.1775,44034,44077,43472,605,-662,6
,,20,22,,,382,683,17.8,14.8,32,263.44,43429,43461,43452,9,-36,26
,,20,22,,,383,693,17.8,14.8,32,263.44,43429,43461,43452,9,-36,26
,,20,22,,,386,643,19.9,14.2,26,282.58,43429,43455,43448,7,-33,27
,,20,20,,,384,653,17.9,14.2,26,254.18,43430,43456,43449,7,-33,27
,,20,21,,,410,835,7.416,16.884,25,125.211744,43431,43456,43428,28,-60,0
,,20,22,,,409,825,19.167,16.931,25,324.516477,43432,43457,43428,29,-61,0
,,18,20,,,392,632,13.5,20.0,29,270.0,43433,43462,43451,11,-54,6
,,20,20,,,391,622,16.9,20.0,29,338.0,43434,43463,43451,12,-55,6
,,33,21,,,324,101,30.66,9.4,30,288.204,44075,44105,43480,625,-695,7
,,36,21,,,325,101,30.66,9.4,30,288.204,44078,44108,43480,628,-698,7
,,22,21,,,360,193,20.1,20.9,35,420.09,43534,43569,43469,100,-149,6
,,20,20,,,363,124,15.49,19.15,32,296.6335,43434,43466,43464,2,-48,6
,,20,21,,,361,183,9.9,20.9,33,206.91,43436,43469,43467,2,-49,6
,,18,20,,,374,662,14.6,20.0,27,292.0,43435,43462,43455,7,-48,6
,,20,20,,,375,672,14.6,20.0,27,292.0,43436,43463,43455,8,-49,6
,,20,22,,,387,191,9.0,11.95,23,107.55,43438,43461,43448,13,-50,6
,,18,20,,,401,104,13.35,13.05,15,174.2175,43439,43454,43432,22,-51,6
,,20,20,,,356,134,18.74,19.44,33,364.3056,43440,43473,43468,5,-52,6
,,20,21,,,405,132,10.0,9.55,14,95.5,43440,43454,43431,23,-51,6
,,20,21,,,376,181,14.0,11.95,24,167.3,43389,43413,43451,-38,0,6
,,20,22,,,404,122,17.0,9.55,14,162.35,43441,43455,43431,24,-52,6
,,18,21,,,388,162,17.86,7.8,21,139.308,43442,43463,43445,18,-53,6
,,20,21,,,389,172,18.45,12.45,21,229.7025,43442,43463,43445,18,-53,6
,,20,22,,,362,125,14.8,19.15,31,283.42,43442,43473,43465,8,-53,6
,,20,22,,,369,143,10.97,13.152,25,144.27744,43442,43467,43454,13,-52,6
,,18,20,,,370,153,18.861,13.05,25,246.13605,43445,43470,43454,16,-55,6
,,20,20,,,358,135,18.6,19.35,31,359.91,43390,43421,43466,-45,0,6
,,22,21,,,364,194,20.1,21.05,28,423.105,43570,43598,43460,138,-180,6
,,20,20,,,396,161,11.58,12.405,18,143.6499,43445,43463,43442,21,-53,6
,,20,22,,,397,171,21.526,7.65,18,164.6739,43449,43467,43442,25,-57,6
,,20,22,,,365,184,9.804,21.05,26,206.3742,43451,43477,43458,19,-59,6
,,20,21,,,340,631,16.117,19.25,37,310.25225,43392,43429,43480,-51,0,6
,,20,20,,,339,621,18.334,19.25,37,352.9295,43445,43482,43480,2,-53,6
,,20,20,,,354,221,20.0,15.97,12,319.4,43446,43458,43464,-6,-58,1
,,20,21,,,355,221,21.0,15.97,12,335.37,43449,43461,43464,-3,-61,1
,,20,20,,,333,684,14.7,20.0,35,294.0,43447,43482,43484,-2,-48,12
,,18,21,,,336,694,14.7,20.0,35,294.0,43450,43485,43483,2,-51,12
,,20,22,,,349,231,14.308,15.97,14,228.49876,43392,43406,43466,-60,0,4
,,18,20,,,350,231,14.308,15.97,14,228.49876,43451,43465,43466,-1,-59,4
,,20,22,,,341,112,14.612,22.0,30,321.464,43451,43481,43471,10,-54,6
,,18,20,,,368,155,14.7,13.05,23,191.835,43451,43474,43457,17,-54,6
,,20,21,,,371,144,10.5,13.05,19,137.025,43453,43472,43451,21,-54,6
,,20,22,,,359,671,18.6,14.9,25,277.14,43453,43478,43463,15,-54,6
,,18,20,,,342,122,15.531,12.2,16,189.4782,43455,43471,43463,8,-55,7
,,20,21,,,343,122,15.531,12.2,16,189.4782,43455,43471,43463,8,-55,7
,,20,22,,,344,132,18.94,12.2,16,231.068,43456,43472,43463,9,-56,7
,,20,22,,,345,132,18.94,12.2,16,231.068,43456,43472,43463,9,-56,7
,,33,21,,,346,103,29.101,15.68,16,456.30368,44106,44122,43463,659,-705,7
,,36,21,,,347,103,29.101,15.68,16,456.30368,44109,44125,43463,662,-708,7
,,20,20,,,366,145,10.1,13.065,20,131.9565,43457,43477,43455,22,-56,6
,,20,21,,,367,154,14.94,13.05,20,194.967,43401,43421,43455,-34,0,6
,,33,21,,,279,111,22.2,13.8,25,306.36,44123,44148,43485,663,-721,7
,,36,21,,,280,111,22.2,13.8,25,306.36,44126,44151,43485,666,-724,7
,,20,21,,,266,654,19.2,15.1,31,289.92,43457,43488,43496,-8,-35,27
,,33,21,,,265,644,22.9,15.1,31,345.79,44149,44180,43496,684,-727,27
,,20,22,,,307,632,13.38,17.28,14,231.2064,43458,43472,43474,-2,-58,4
,,20,22,,,308,632,13.38,17.28,14,231.2064,43458,43472,43474,-2,-58,4
,,18,18,,,326,622,13.38,17.28,13,231.2064,43459,43472,43471,1,-58,5
,,20,20,,,327,622,13.38,17.28,13,231.2064,43459,43472,43471,1,-58,5
,,36,21,,,292,825,24.4,10.4,30,253.76,44152,44182,43484,698,-737,19
,,33,21,,,288,833,23.0,15.6,30,358.8,44181,44211,43488,723,-758,26
,,20,22,,,287,823,21.1,15.6,30,329.16,43462,43492,43488,4,-39,26
,,36,21,,,213,101,30.66,9.4,30,288.204,44183,44213,43506,707,-777,7
,,36,21,,,214,101,30.66,9.4,30,288.204,43525,43555,43506,49,-119,7
,,20,20,,,348,661,18.6,14.9,25,277.14,43461,43486,43470,16,-55,6
,,20,21,,,221,144,17.566,15.678,23,275.399748,43462,43485,43499,-14,-55,7
,,20,22,,,222,144,17.566,15.678,23,275.399748,43462,43485,43499,-14,-55,7
,,20,20,,,223,154,19.932,15.976,23,318.433632,43407,43430,43499,-69,0,7
,,20,22,,,224,154,19.932,15.976,23,318.433632,43462,43485,43499,-14,-55,7
,,18,20,,,281,183,8.82,15.798,21,139.33836,43463,43484,43486,-2,-57,4
,,18,20,,,282,183,8.82,15.798,21,139.33836,43463,43484,43486,-2,-57,4
,,20,20,,,283,193,15.59,15.978,21,249.09702,43463,43484,43486,-2,-57,4
,,18,21,,,284,193,15.59,15.978,21,249.09702,43464,43485,43486,-1,-58,4
,,20,20,,,229,124,18.618,14.354,22,267.242772,43464,43486,43495,-9,-56,6
,,20,20,,,230,124,18.618,14.354,22,267.242772,43464,43486,43495,-9,-56,6
,,33,21,,,231,134,22.828,14.354,22,327.673112,44212,44234,43495,739,-804,6
,,36,21,,,232,134,22.828,14.354,22,327.673112,43556,43578,43495,83,-148,6
,,36,21,,,332,824,24.1,17.41,30,419.581,44214,44244,43477,767,-806,6
,,20,20,,,352,834,19.0,16.8,30,319.2,43464,43494,43468,26,-55,6
,,20,21,,,317,143,13.809,15.686,21,216.607974,43464,43485,43476,9,-55,6
,,18,20,,,318,143,13.809,15.686,21,216.607974,43466,43487,43476,11,-57,6
,,20,21,,,319,153,18.919,15.5,21,293.2445,43466,43487,43476,11,-57,6
,,18,21,,,320,153,18.919,15.5,21,293.2445,43467,43488,43476,12,-58,6
,,20,22,,,296,832,21.0,15.4,24,323.4,43468,43492,43482,10,-40,25
,,20,20,,,295,822,19.175,15.4,24,295.295,43428,43452,43482,-30,0,25
,,20,20,,,241,835,13.5,10.4,32,140.4,43423,43455,43496,-41,0,19
,,20,20,,,289,845,18.075,12.65,32,228.64875,43467,43499,43488,11,-42,21
,,18,20,,,285,855,13.0,12.6,31,163.8,43468,43499,43489,10,-41,21
,,20,20,,,329,835,7.416,16.884,19,125.211744,43468,43487,43472,15,-55,6
,,20,22,,,328,825,19.167,16.931,19,324.516477,43468,43487,43472,15,-55,6
,,20,21,,,338,832,6.767,14.288,16,96.686896,43470,43486,43471,15,-57,5
,,18,20,,,337,822,16.086,14.292,16,229.901112,43471,43487,43471,16,-58,5
,,18,20,,,310,835,7.416,16.884,20,125.211744,43472,43492,43475,17,-58,6
,,20,21,,,309,825,19.167,16.931,20,324.516477,43472,43492,43475,17,-58,6
,,18,18,,,311,621,8.95,15.97,14,142.9315,43473,43487,43474,13,-64,0
,,20,20,,,312,621,8.95,15.97,14,142.9315,43473,43487,43474,13,-64,0
,,20,21,,,305,631,10.53,15.97,13,168.1641,43473,43486,43474,12,-64,0
,,20,22,,,306,631,10.53,15.97,13,168.1641,43473,43486,43474,12,-64,0
,,20,22,,,335,832,6.767,14.288,16,96.686896,43473,43489,43472,17,-59,5
,,20,22,,,334,822,16.086,14.292,16,229.901112,43473,43489,43472,17,-59,5
,,20,22,,,267,283,13.7,18.32,30,250.984,43473,43503,43496,7,-57,7
,,33,21,,,251,293,22.5,18.32,30,412.2,44235,44265,43497,768,-819,7
,,36,21,,,252,293,22.5,18.32,30,412.2,44245,44275,43497,778,-829,7
,,20,20,,,246,683,17.8,14.8,34,263.44,43474,43508,43498,10,-39,26
,,20,22,,,247,693,17.8,14.8,34,263.44,43474,43508,43498,10,-39,26
,,18,20,,,255,273,14.5,18.79,25,272.455,43475,43500,43494,6,-64,1
,,20,20,,,256,273,14.5,18.79,25,272.455,43478,43503,43494,9,-67,1
,,20,22,,,253,263,16.6,18.79,25,311.914,43478,43503,43494,9,-67,1
,,20,21,,,254,263,16.6,18.79,25,311.914,43479,43504,43494,10,-68,1
,,33,21,,,200,801,24.3,20.03,44,486.729,44266,44310,43517,793,-855,1
,,20,22,,,248,283,13.7,18.32,31,250.984,43479,43510,43499,11,-62,7
,,20,21,,,286,643,19.9,14.2,26,282.58,43437,43463,43489,-26,0,27
,,20,22,,,269,653,17.9,14.2,26,254.18,43482,43508,43490,18,-44,27
,,20,20,,,270,803,15.5,17.0,29,263.5,43483,43512,43488,24,-70,1
,,20,20,,,257,221,18.0,15.97,11,287.46,43483,43494,43488,6,-69,1
,,18,20,,,258,221,19.0,15.97,11,303.43,43485,43496,43488,8,-71,1
,,20,22,,,268,803,15.5,16.0,29,248.0,43414,43443,43489,-46,0,1
,,18,20,,,243,231,14.308,15.97,14,228.49876,43485,43499,43491,8,-68,4
,,20,20,,,244,231,14.308,15.97,14,228.49876,43485,43499,43491,8,-68,4
,,20,20,,,313,102,19.76,18.47,20,364.9672,43415,43435,43472,-37,0,0
,,20,21,,,314,102,19.76,18.47,20,364.9672,43486,43506,43472,34,-71,0
,,18,21,,,227,272,14.4,17.28,32,248.832,43486,43518,43509,9,-70,0
,,18,21,,,228,272,14.4,17.28,32,248.832,43486,43518,43509,9,-70,0
,,20,21,,,225,262,14.6,17.28,32,252.288,43486,43518,43509,9,-70,0
,,20,22,,,226,262,14.6,17.28,32,252.288,43486,43518,43509,9,-70,0
,,20,22,,,233,122,15.531,12.2,17,189.4782,43486,43503,43490,13,-61,7
,,20,20,,,234,122,15.531,12.2,17,189.4782,43487,43504,43490,14,-62,7
,,20,20,,,235,132,18.94,12.2,17,231.068,43487,43504,43490,14,-62,7
,,20,20,,,236,132,18.94,12.2,17,231.068,43487,43504,43490,14,-62,7
,,20,21,,,297,182,18.0,7.3,18,131.4,43487,43505,43480,25,-63,4
,,20,21,,,298,182,19.0,7.3,18,138.7,43487,43505,43480,25,-63,4
,,20,22,,,299,192,13.889,7.3,18,101.3897,43487,43505,43480,25,-63,4
,,18,18,,,300,192,13.889,7.3,18,101.3897,43488,43506,43480,26,-64,4
,,36,21,,,237,103,29.101,15.68,16,456.30368,44276,44292,43489,803,-849,7
,,36,21,,,238,103,29.101,15.68,16,456.30368,44293,44309,43489,820,-866,7
,,20,22,,,205,632,13.38,17.28,14,231.2064,43425,43439,43499,-60,0,4
,,18,20,,,206,632,13.38,17.28,14,231.2064,43488,43502,43499,3,-63,4
,,18,20,,,271,623,13.38,18.79,15,251.4102,43488,43503,43484,19,-66,0
,,20,20,,,272,623,13.38,18.79,15,251.4102,43488,43503,43484,19,-66,0
,,20,20,,,273,633,13.38,18.79,15,251.4102,43488,43503,43484,19,-66,0
,,20,21,,,274,633,13.38,18.79,15,251.4102,43488,43503,43484,19,-66,0
,,20,22,,,215,622,13.38,17.28,12,231.2064,43488,43500,43495,5,-61,5
,,18,21,,,216,622,13.38,17.28,12,231.2064,43489,43501,43495,6,-62,5
,,36,21,,,180,111,22.2,13.8,24,306.36,44310,44334,43510,824,-881,7
,,33,21,,,181,111,22.2,13.8,24,306.36,44311,44335,43510,825,-882,7
,,36,21,,,198,801,28.614,19.075,34,545.81205,44335,44369,43515,854,-903,9
,,33,21,,,199,801,28.614,19.075,34,545.81205,44336,44370,43515,855,-904,9
,,20,21,,,301,123,16.106,12.2,23,196.4932,43489,43512,43479,33,-64,1
,,20,22,,,302,123,16.106,12.2,23,196.4932,43490,43513,43479,34,-65,1
,,36,21,,,303,133,24.07,12.2,23,293.654,44370,44393,43479,914,-945,1
,,36,21,,,304,133,24.07,12.2,23,293.654,43579,43602,43479,123,-154,1
,,20,22,,,275,642,13.412,19.5,16,261.534,43490,43506,43485,21,-61,5
,,18,20,,,276,642,13.412,19.5,16,261.534,43493,43509,43485,24,-64,5
,,20,21,,,277,652,13.412,19.5,16,261.534,43429,43445,43485,-40,0,5
,,20,21,,,278,652,13.412,19.5,16,261.534,43493,43509,43485,24,-64,5
,,20,22,,,152,144,17.566,15.678,24,275.399748,43493,43517,43525,-8,-62,7
,,20,22,,,153,144,17.566,15.678,24,275.399748,43493,43517,43525,-8,-62,7
,,20,20,,,154,154,19.932,15.976,24,318.433632,43495,43519,43525,-6,-64,7
,,20,20,,,155,154,19.932,15.976,24,318.433632,43495,43519,43525,-6,-64,7
,,18,20,,,219,271,17.8,16.0,32,284.8,43497,43529,43509,20,-66,6
,,18,20,,,220,271,17.8,16.0,32,284.8,43500,43532,43509,23,-69,6
,,20,22,,,217,261,20.1,16.0,32,321.6,43501,43533,43509,24,-70,6
,,18,21,,,218,261,20.1,16.0,32,321.6,43502,43534,43509,25,-71,6
,,18,20,,,162,124,18.618,14.354,23,267.242772,43500,43523,43521,2,-68,6
,,20,20,,,163,124,18.618,14.354,23,267.242772,43500,43523,43521,2,-68,6
,,33,21,,,164,134,22.828,14.354,23,327.673112,44371,44394,43521,873,-939,6
,,36,21,,,165,134,22.828,14.354,23,327.673112,44394,44417,43521,896,-962,6
,,20,21,,,260,836,8.0,21.0,29,168.0,43504,43533,43492,41,-74,3
,,22,21,,,259,826,20.5,21.0,29,430.5,43599,43628,43492,136,-169,3
,,20,20,,,184,183,8.82,15.798,21,139.33836,43500,43521,43511,10,-69,4
,,18,20,,,185,183,8.82,15.798,21,139.33836,43501,43522,43511,11,-70,4
,,18,20,,,186,193,15.59,15.978,21,249.09702,43503,43524,43511,13,-72,4
,,20,20,,,187,193,15.59,15.978,21,249.09702,43431,43452,43511,-59,0,4
,,20,21,,,250,836,8.0,21.0,29,168.0,43431,43460,43493,-33,0,3
,,22,21,,,249,826,20.5,21.0,29,430.5,43629,43658,43493,165,-198,3
,,18,20,,,207,143,13.809,15.686,21,216.607974,43504,43525,43502,23,-69,6
,,20,20,,,208,143,13.809,15.686,21,216.607974,43504,43525,43502,23,-69,6
,,20,20,,,209,153,18.919,15.5,21,293.2445,43504,43525,43502,23,-69,6
,,20,20,,,210,153,18.919,15.5,21,293.2445,43504,43525,43502,23,-69,6
,,20,22,,,170,684,14.7,20.0,37,294.0,43504,43541,43530,11,-63,12
,,20,22,,,171,694,14.7,20.0,37,294.0,43504,43541,43529,12,-63,12
,,20,22,,,290,112,21.0,8.6,17,180.6,43504,43521,43477,44,-68,5
,,20,21,,,291,112,21.0,8.6,17,180.6,43505,43522,43477,45,-69,5
,,20,20,,,239,292,16.6,19.5,32,323.7,43505,43537,43505,32,-66,6
,,20,20,,,240,292,16.6,19.5,32,323.7,43505,43537,43505,32,-66,6
,,20,20,,,322,834,9.215,10.9,19,100.4435,43438,43457,43478,-21,0,4
,,20,20,,,321,824,15.665,11.094,19,173.78751,43505,43524,43478,46,-67,4
,,20,21,,,245,282,14.7,19.5,30,286.65,43506,43536,43501,35,-65,7
,,20,21,,,203,621,8.95,15.97,14,142.9315,43506,43520,43500,20,-71,0
,,20,22,,,204,621,8.95,15.97,14,142.9315,43506,43520,43500,20,-71,0
,,18,18,,,201,631,10.53,15.97,13,168.1641,43507,43520,43500,20,-72,0
,,20,21,,,202,631,10.53,15.97,13,168.1641,43507,43520,43500,20,-72,0
,,20,22,,,176,263,16.6,18.79,24,311.914,43507,43531,43517,14,-71,1
,,20,20,,,177,263,16.6,18.79,24,311.914,43509,43533,43517,16,-73,1
,,20,22,,,316,834,9.215,10.9,19,100.4435,43509,43528,43479,49,-70,4
,,20,22,,,315,824,15.665,11.094,19,173.78751,43509,43528,43479,49,-70,4
,,18,20,,,242,282,14.7,19.5,30,286.65,43510,43540,43502,38,-68,7
,,20,21,,,172,273,14.5,18.79,25,272.455,43510,43535,43520,15,-73,1
,,20,22,,,173,273,14.5,18.79,25,272.455,43511,43536,43520,16,-74,1
,,20,20,,,139,283,13.7,18.32,34,250.984,43513,43547,43540,7,-71,6
,,33,21,,,140,293,22.5,18.32,34,412.2,44395,44429,43540,889,-953,6
,,36,21,,,188,101,30.66,9.4,32,288.204,44418,44450,43515,935,-981,0
,,20,21,,,146,282,14.7,19.5,33,286.65,43513,43546,43539,7,-70,6
,,20,22,,,147,292,16.6,19.5,33,323.7,43514,43547,43539,8,-71,6
,,20,22,,,189,231,14.308,15.97,22,228.49876,43518,43540,43517,23,-67,14
,,20,22,,,120,654,19.2,15.1,37,289.92,43518,43555,43550,5,-54,27
,,33,21,,,119,644,22.9,15.1,37,345.79,44430,44467,43550,917,-966,27
,,20,21,,,331,833,8.709,14.287,15,124.425483,43438,43453,43473,-20,0,0
,,18,21,,,294,823,16.231,14.307,18,232.216917,43519,43537,43482,55,-81,0
,,18,21,,,263,653,11.2,17.72,15,198.464,43519,43534,43486,48,-78,3
,,20,21,,,264,653,11.2,17.72,15,198.464,43519,43534,43486,48,-78,3
,,20,22,,,261,643,13.412,17.72,15,237.66064,43519,43534,43486,48,-78,3
,,20,20,,,262,643,13.412,17.72,15,237.66064,43520,43535,43486,49,-79,3
,,20,20,,,169,221,17.0,15.97,24,271.49,43460,43484,43530,-46,0,22
,,20,20,,,323,833,8.709,14.287,16,124.425483,43520,43536,43476,60,-81,0
,,18,18,,,293,823,16.231,14.307,18,232.216917,43521,43539,43483,56,-82,0
,,20,21,,,141,631,10.53,15.97,11,168.1641,43521,43532,43521,11,-48,33
,,20,21,,,211,102,19.76,18.47,19,364.9672,43521,43540,43496,44,-80,0
,,20,22,,,212,102,19.76,18.47,19,364.9672,43521,43540,43496,44,-80,0
,,20,20,,,150,272,14.4,17.28,34,248.832,43522,43556,43539,17,-80,0
,,20,20,,,151,272,14.4,17.28,34,248.832,43442,43476,43539,-63,0,0
,,20,22,,,148,262,14.6,17.28,34,252.288,43522,43556,43539,17,-80,0
,,18,20,,,149,262,14.6,17.28,34,252.288,43523,43557,43539,18,-81,0
,,20,22,,,142,621,8.95,15.97,10,142.9315,43476,43486,43520,-34,0,33
,,36,21,,,161,111,22.2,13.8,28,306.36,44451,44479,43524,955,-992,15
,,20,21,,,182,623,13.38,18.79,16,251.4102,43523,43539,43510,29,-77,0
,,18,20,,,183,623,13.38,18.79,16,251.4102,43524,43540,43510,30,-78,0
,,20,20,,,145,123,16.106,12.2,30,196.4932,43524,43554,43533,21,-74,4
,,33,21,,,157,133,24.07,12.2,30,293.654,44468,44498,43529,969,-1018,4
,,18,20,,,190,182,16.0,7.3,19,116.8,43525,43544,43509,35,-74,4
,,20,20,,,191,182,17.0,7.3,19,124.1,43525,43544,43509,35,-74,4
,,18,20,,,192,192,13.889,7.3,19,101.3897,43526,43545,43509,36,-75,4
,,20,20,,,193,192,13.889,7.3,19,101.3897,43526,43545,43509,36,-75,4
,,20,22,,,178,633,13.38,18.79,15,251.4102,43448,43463,43510,-47,0,0
,,20,20,,,179,633,13.38,18.79,15,251.4102,43526,43541,43510,31,-78,0
,,20,20,,,156,102,19.76,18.47,43,364.9672,43526,43569,43541,28,-77,0
,,20,22,,,194,123,16.106,12.2,25,196.4932,43529,43554,43509,45,-78,1
,,20,22,,,195,123,16.106,12.2,25,196.4932,43529,43554,43509,45,-78,1
,,36,21,,,196,133,24.07,12.2,25,293.654,43603,43628,43509,119,-152,1
,,36,21,,,197,133,24.07,12.2,25,293.654,44480,44505,43509,996,-1029,1
,,18,20,,,135,271,17.8,16.0,36,284.8,43530,43566,43542,24,-74,6
,,20,22,,,136,271,17.8,16.0,36,284.8,43532,43568,43542,26,-76,6
,,20,21,,,133,261,20.1,16.0,36,321.6,43456,43492,43542,-50,0,6
,,20,21,,,134,261,20.1,16.0,36,321.6,43533,43569,43542,27,-77,6
,,18,20,,,166,122,15.531,12.2,31,189.4782,43533,43564,43531,33,-81,-1
,,20,20,,,167,132,18.94,12.2,31,231.068,43534,43565,43531,34,-82,-1
,,20,21,,,132,273,14.5,18.79,31,272.455,43534,43565,43541,24,-74,6
,,20,22,,,131,263,16.6,18.79,31,311.914,43534,43565,43542,23,-74,6
,,18,21,,,158,632,13.38,17.28,19,231.2064,43535,43554,43524,30,-69,12
,,18,21,,,117,124,18.618,14.354,39,267.242772,43535,43574,43556,18,-70,10
,,33,21,,,118,134,22.828,14.354,39,327.673112,44499,44538,43556,982,-1034,10
,,20,21,,,129,143,13.809,15.686,37,216.607974,43535,43572,43549,23,-72,7
,,20,22,,,130,153,18.919,15.5,37,293.2445,43535,43572,43549,23,-72,7
,,20,21,,,168,112,21.0,8.6,21,180.6,43536,43557,43516,41,-74,5
,,20,20,,,159,622,13.38,17.28,17,231.2064,43536,43553,43522,31,-67,12
,,20,21,,,174,112,21.0,8.6,21,180.6,43537,43558,43512,46,-74,5
,,20,22,,,175,112,21.0,8.6,21,180.6,43537,43558,43512,46,-74,5
,,20,20,,,107,271,17.8,16.0,37,284.8,43537,43574,43561,13,-73,6
,,20,21,,,106,261,20.1,16.0,37,321.6,43464,43501,43561,-60,0,6
,,18,21,,,143,182,15.0,7.3,21,109.5,43538,43559,43531,28,-73,6
,,20,20,,,144,192,13.889,7.3,21,101.3897,43538,43559,43531,28,-73,6
,,20,20,,,114,144,17.566,15.678,36,275.399748,43538,43574,43555,19,-69,8
,,20,21,,,99,154,19.932,15.976,45,318.433632,43540,43585,43573,12,-71,8
,,18,18,,,123,835,7.416,16.884,23,125.211744,43540,43563,43536,27,-71,6
,,20,20,,,124,835,7.416,16.884,23,125.211744,43469,43492,43536,-44,0,6
,,18,20,,,121,825,19.167,16.931,23,324.516477,43541,43564,43536,28,-72,6
,,18,20,,,122,825,19.167,16.931,23,324.516477,43541,43564,43536,28,-72,6
,,36,21,,,160,103,29.101,15.68,30,456.30368,43629,43659,43533,126,-160,5
,,36,21,,,35,801,28.614,19.075,65,545.81205,44506,44571,43616,955,-1036,2
,,20,21,,,127,832,6.767,14.288,20,96.686896,43541,43561,43539,22,-68,5
,,20,22,,,128,832,6.767,14.288,20,96.686896,43541,43561,43539,22,-68,5
,,20,22,,,125,822,16.086,14.292,20,229.901112,43541,43561,43539,22,-68,5
,,20,20,,,126,822,16.086,14.292,20,229.901112,43542,43562,43539,23,-69,5
,,20,22,,,137,623,13.38,18.79,19,251.4102,43542,43561,43530,31,-69,3
,,20,22,,,138,633,13.38,18.79,19,251.4102,43542,43561,43530,31,-69,3
,,33,21,,,82,293,22.5,18.32,36,412.2,44539,44575,43570,1005,-1062,7
,,36,21,,,83,293,22.5,18.32,36,412.2,44572,44608,43570,1038,-1095,7
,,20,20,,,84,283,13.7,18.32,36,250.984,43478,43514,43570,-56,0,7
,,20,20,,,85,283,13.7,18.32,36,250.984,43478,43514,43570,-56,0,7
,,20,20,,,90,803,15.5,14.0,35,217.0,43473,43508,43560,-52,0,1
,,20,21,,,91,803,15.5,15.0,35,232.5,43473,43508,43560,-52,0,1
,,20,21,,,115,183,8.82,15.798,27,139.33836,43479,43506,43547,-41,0,6
,,20,22,,,94,272,14.4,17.28,39,248.832,43479,43518,43572,-54,0,6
,,18,20,,,116,193,15.59,15.978,27,249.09702,43545,43572,43547,25,-66,6
,,20,20,,,93,262,14.6,17.28,39,252.288,43545,43584,43572,12,-66,6
,,36,21,,,80,101,30.66,9.4,38,288.204,43660,43698,43570,128,-180,0
,,18,20,,,102,642,13.412,19.5,20,261.534,43546,43566,43550,16,-60,5
,,20,20,,,103,642,13.412,19.5,20,261.534,43546,43566,43550,16,-60,5
,,20,21,,,104,652,13.412,19.5,20,261.534,43547,43567,43550,17,-61,5
,,20,20,,,105,652,13.412,19.5,20,261.534,43548,43568,43550,18,-62,5
,,20,22,,,33,283,13.7,18.32,39,250.984,43548,43587,43595,-8,-61,6
,,33,21,,,34,293,22.5,18.32,39,412.2,44576,44615,43595,1020,-1089,6
,,36,21,,,7,801,28.614,19.075,67,545.81205,44609,44676,43636,1040,-1123,2
,,20,20,,,40,282,14.7,19.5,36,286.65,43554,43590,43592,-2,-64,6
,,18,21,,,41,292,16.6,19.5,36,323.7,43555,43591,43592,-1,-65,6
,,20,20,,,81,231,14.308,15.97,24,228.49876,43555,43579,43568,11,-57,14
,,20,20,,,58,221,16.0,15.97,25,255.52,43508,43533,43580,-47,0,22
,,20,22,,,88,836,8.0,21.0,35,168.0,43490,43525,43564,-39,0,3
,,20,21,,,89,836,8.0,21.0,35,168.0,43493,43528,43564,-36,-3,3
,,22,21,,,86,826,20.5,21.0,35,430.5,43659,43694,43564,130,-169,3
,,22,21,,,87,826,20.5,21.0,35,430.5,43695,43730,43564,166,-205,3
,,33,21,,,36,801,28.614,19.075,39,545.81205,44616,44655,43590,1065,-1119,9
,,33,21,,,37,801,28.614,19.075,39,545.81205,44656,44695,43590,1105,-1159,9
,,20,22,,,49,123,16.106,12.2,34,196.4932,43555,43589,43584,5,-62,4
,,36,21,,,54,133,24.07,12.2,34,293.654,43699,43733,43580,153,-206,4
,,20,22,,,38,631,10.53,15.97,11,168.1641,43555,43566,43570,-4,-33,33
,,36,21,,,57,111,22.2,13.8,29,306.36,43734,43763,43572,191,-229,15
,,20,21,,,64,836,8.0,21.0,34,168.0,43502,43536,43573,-37,-3,8
,,20,21,,,63,826,20.0,21.0,34,420.0,43507,43541,43573,-32,-8,8
,,20,20,,,79,803,15.5,13.0,35,201.5,43493,43528,43567,-39,0,1
,,20,20,,,67,834,9.215,10.9,22,100.4435,43498,43520,43569,-49,0,6
,,20,22,,,66,824,15.665,11.094,22,173.78751,43556,43578,43569,9,-58,6
,,20,20,,,39,621,8.95,15.97,10,142.9315,43557,43567,43569,-2,-32,33
,,20,22,,,70,832,6.767,14.288,21,96.686896,43557,43578,43568,10,-58,6
,,18,20,,,71,833,8.709,14.287,21,124.425483,43558,43579,43568,11,-59,6
,,20,20,,,68,822,16.086,14.292,21,229.901112,43509,43530,43568,-38,-10,6
,,20,21,,,69,823,16.231,14.307,21,232.216917,43558,43579,43568,11,-59,6
,,20,21,,,50,102,19.76,18.47,47,364.9672,43559,43606,43594,12,-65,0
,,20,22,,,97,653,11.2,17.72,19,198.464,43559,43578,43553,25,-59,3
,,18,21,,,98,653,11.2,17.72,19,198.464,43560,43579,43553,26,-60,3
,,20,21,,,95,643,13.412,17.72,19,237.66064,43509,43528,43553,-25,-9,3
,,20,20,,,96,643,13.412,17.72,19,237.66064,43560,43579,43553,26,-60,3
,,20,20,,,59,122,15.531,12.2,31,189.4782,43515,43546,43577,-31,-17,-1
,,20,20,,,60,132,18.94,12.2,31,231.068,43515,43546,43577,-31,-17,-1
,,20,21,,,73,292,16.6,19.5,36,323.7,43562,43598,43579,19,-57,6
,,20,22,,,74,292,16.6,19.5,36,323.7,43562,43598,43579,19,-57,6
,,20,22,,,45,273,14.5,18.79,30,272.455,43562,43592,43585,7,-56,6
,,20,22,,,42,263,16.6,18.79,30,311.914,43519,43549,43586,-37,-13,6
,,20,22,,,77,282,14.7,19.5,35,286.65,43562,43597,43577,20,-55,7
,,20,22,,,78,282,14.7,19.5,35,286.65,43562,43597,43577,20,-55,7
,,20,20,,,110,834,9.215,10.9,22,100.4435,43563,43585,43551,34,-58,4
,,18,18,,,111,834,9.215,10.9,22,100.4435,43564,43586,43551,35,-59,4
,,18,20,,,108,824,15.665,11.094,22,173.78751,43565,43587,43551,36,-60,4
,,18,20,,,109,824,15.665,11.094,22,173.78751,43565,43587,43551,36,-60,4
,,20,20,,,22,143,13.809,15.686,39,216.607974,43521,43560,43598,-38,-13,7
,,20,22,,,23,153,18.919,15.5,39,293.2445,43526,43565,43598,-33,-18,7
,,20,21,,,72,112,21.0,8.6,21,180.6,43566,43587,43561,26,-59,5
,,20,20,,,62,653,11.2,17.72,19,198.464,43529,43548,43567,-19,-21,6
,,18,20,,,76,643,13.412,17.72,19,237.66064,43565,43584,43564,20,-57,6
,,20,21,,,61,652,13.412,19.5,19,261.534,43529,43548,43567,-19,-21,6
,,20,20,,,75,642,13.412,19.5,19,261.534,43566,43585,43564,21,-58,6
,,20,22,,,13,124,18.618,14.354,37,267.242772,43566,43603,43599,4,-54,10
,,36,21,,,14,134,22.828,14.354,37,327.673112,43764,43801,43599,202,-252,10
,,18,20,,,51,632,13.38,17.28,19,231.2064,43567,43586,43573,13,-52,12
,,18,20,,,112,833,8.709,14.287,17,124.425483,43567,43584,43544,40,-62,0
,,20,20,,,113,833,8.709,14.287,17,124.425483,43567,43584,43544,40,-62,0
,,20,22,,,100,823,16.231,14.307,21,232.216917,43567,43588,43555,33,-62,0
,,20,20,,,101,823,16.231,14.307,21,232.216917,43568,43589,43555,34,-63,0
,,36,21,,,46,182,25.0,7.3,21,182.5,44677,44698,43578,1120,-1165,6
,,20,21,,,47,192,13.889,7.3,21,101.3897,43529,43550,43578,-28,-17,6
,,20,21,,,12,144,17.566,15.678,36,275.399748,43568,43604,43600,4,-54,8
,,20,20,,,4,154,19.932,15.976,47,318.433632,43569,43616,43622,-6,-55,8
,,20,20,,,52,622,13.38,17.28,17,231.2064,43531,43548,43571,-23,-13,12
,,20,20,,,48,803,15.5,12.0,35,186.0,43534,43569,43582,-13,-26,1
,,20,21,,,25,834,9.215,10.9,22,100.4435,43537,43559,43584,-25,-24,6
,,20,21,,,24,824,15.665,11.094,22,173.78751,43542,43564,43584,-20,-29,6
,,20,20,,,6,271,17.8,16.0,37,284.8,43547,43584,43610,-26,-34,6
,,20,21,,,5,261,20.1,16.0,37,321.6,43549,43586,43610,-24,-36,6
,,20,22,,,29,832,6.767,14.288,21,96.686896,43569,43590,43583,7,-55,6
,,20,20,,,30,833,8.709,14.287,21,124.425483,43547,43568,43583,-15,-33,6
,,20,20,,,26,822,16.086,14.292,21,229.901112,43549,43570,43583,-13,-35,6
,,20,20,,,27,823,16.231,14.307,21,232.216917,43549,43570,43583,-13,-35,6
,,33,21,,,53,103,29.101,15.68,32,456.30368,44696,44728,43583,1145,-1181,5
,,20,22,,,19,836,8.0,21.0,34,168.0,43550,43584,43593,-9,-31,8
,,20,21,,,18,826,20.0,21.0,34,420.0,43551,43585,43593,-8,-32,8
,,20,21,,,56,835,7.416,16.884,27,125.211744,43560,43587,43574,13,-47,0
,,20,20,,,55,825,19.167,16.931,27,324.516477,43561,43588,43574,14,-48,0
,,20,21,,,43,623,13.38,18.79,19,251.4102,43565,43584,43577,7,-45,3
,,20,20,,,44,633,13.38,18.79,19,251.4102,43570,43589,43577,12,-50,3
,,20,21,,,10,183,8.82,15.798,27,139.33836,43570,43597,43594,3,-44,6
,,20,22,,,21,653,11.2,17.72,17,198.464,43566,43583,43581,2,-40,6
,,18,20,,,32,643,13.412,17.72,17,237.66064,43573,43590,43578,12,-47,6
,,20,21,,,11,193,15.59,15.978,27,249.09702,43573,43600,43594,6,-47,6
,,20,20,,,20,652,13.412,19.5,17,261.534,43569,43586,43581,5,-43,6
,,20,20,,,31,642,13.412,19.5,17,261.534,43570,43587,43578,9,-44,6
,,20,20,,,2,272,14.4,17.28,39,248.832,43571,43610,43621,-11,-43,6
,,20,22,,,1,262,14.6,17.28,39,252.288,43573,43612,43621,-9,-45,6
,,18,21,,,9,835,7.416,16.884,27,125.211744,43575,43602,43594,8,-42,0
,,20,20,,,8,825,19.167,16.931,27,324.516477,43575,43602,43594,8,-42,0
