seq_id,block_id,ship_id,platen_idx,platen_id,platen_name,planned_start_day,planned_end_day,due_day,delay_days,lead_time_days,is_feasible,requested_feasible,status,reward
757,284,H1088,16,PPT0052A,0东-4,0,72,126,0,72,True,True,ALLOCATED,19.38
758,294,H1088,13,PPT0003A,0西-5,0,71,125,0,71,True,True,ALLOCATED,19.38
823,836,H1088,61,PPT0859A,Bay8-N-18,21,74,100,0,53,True,True,ALLOCATED,16.59
822,826,H1088,4,BQM4810A,Bay48-S-10,21,74,100,0,53,True,True,ALLOCATED,19.9
810,835,H1088,43,PPT1056A,Bay10-N-12,21,61,113,0,40,True,True,ALLOCATED,18.89
809,825,H1088,47,PPT1060A,Bay10-N-20,21,61,113,0,40,True,True,ALLOCATED,18.99
803,694,H1088,18,PPT0054A,0东-8,21,60,113,0,39,True,True,ALLOCATED,18.66
802,684,H1087,16,PPT0052A,0东-4,72,111,113,0,39,True,True,ALLOCATED,14.23
819,101,H1088,7,BQM4853A,Bay48-N-3,22,83,107,0,61,True,True,ALLOCATED,16.71
881,102,H1087,20,PPT0056A,0东-12,28,67,74,0,39,True,True,ALLOCATED,13.84
856,110,H1088,35,PPT1011A,Bay10-S-21,29,71,87,0,42,True,True,ALLOCATED,14.19
847,272,H1087,13,PPT0003A,0西-5,71,106,105,1,35,True,True,ALLOCATED,11.93
793,182,H1088,34,PPT1010A,Bay10-S-19,31,73,116,0,42,True,True,ALLOCATED,17.18
794,192,H1088,2,BQM4803A,Bay48-S-3,31,73,116,0,42,True,True,ALLOCATED,18.13
792,154,H1088,7,BQM4853A,Bay48-N-3,83,123,115,8,40,True,True,ALLOCATED,-3.31
828,683,H1087,27,PPT1003A,Bay10-S-5,31,56,108,0,25,True,True,ALLOCATED,18.92
829,693,H1087,34,PPT1010A,Bay10-S-19,73,98,108,0,25,True,True,ALLOCATED,16.36
880,101,H1087,21,PPT0057A,0东-14,35,71,74,0,36,True,True,ALLOCATED,13.13
804,134,H1088,19,PPT0055A,0东-10,36,81,111,0,45,True,True,ALLOCATED,19.25
805,124,H1088,43,PPT1056A,Bay10-N-12,61,106,111,0,45,True,True,ALLOCATED,14.8
870,173,H1088,34,PPT1010A,Bay10-S-19,98,127,99,28,29,True,True,ALLOCATED,-43.46
867,163,H1088,11,PPT0001A,0西-1,36,65,100,0,29,True,True,ALLOCATED,17.18
874,103,H1088,7,BQM4853A,Bay48-N-3,123,162,87,75,39,True,True,ALLOCATED,-138.25
869,161,H1088,31,PPT1007A,Bay10-S-13,37,69,99,0,32,True,True,ALLOCATED,18.02
830,143,H1087,38,PPT1051A,Bay10-N-2,38,83,107,0,45,True,True,ALLOCATED,17.76
831,153,H1087,41,PPT1054A,Bay10-N-8,38,83,107,0,45,True,True,ALLOCATED,18.65
848,132,H1087,37,PPT1013A,Bay10-S-25,42,69,107,0,27,True,True,ALLOCATED,18.21
861,122,H1087,31,PPT1007A,Bay10-S-13,69,93,104,0,24,True,True,ALLOCATED,14.83
862,103,H1087,7,BQM4853A,Bay48-N-3,162,213,104,109,51,True,True,ALLOCATED,-204.98
787,111,H1088,8,BQM4503A,Bay45-S-3,45,85,115,0,40,True,True,ALLOCATED,17.21
797,801,H1087,52,PPT0803A,Bay8-S-5,46,96,113,0,50,True,True,ALLOCATED,17.02
857,112,H1088,18,PPT0054A,0东-8,60,86,85,1,26,True,True,ALLOCATED,9.29
864,144,H1087,34,PPT1010A,Bay10-S-19,127,151,100,51,24,True,True,ALLOCATED,-88.63
865,154,H1087,34,PPT1010A,Bay10-S-19,151,175,100,75,24,True,True,ALLOCATED,-135.67
866,632,H1087,65,PPT0864A,Bay8-N-28,47,62,105,0,15,True,True,ALLOCATED,17.63
863,622,H1087,18,PPT0054A,0东-8,86,101,106,0,15,True,True,ALLOCATED,13.75
879,101,H1087,43,PPT1056A,Bay10-N-12,106,135,86,49,29,True,True,ALLOCATED,-86.75
871,102,H1088,8,BQM4503A,Bay45-S-3,85,122,94,28,37,True,True,ALLOCATED,-43.21
759,154,H1088,29,PPT1005A,Bay10-S-9,50,101,133,0,51,True,True,ALLOCATED,18.98
760,144,H1088,37,PPT1013A,Bay10-S-25,69,118,132,0,49,True,True,ALLOCATED,16.62
843,834,H1087,8,BQM4503A,Bay45-S-3,122,147,105,42,25,True,True,ALLOCATED,-71.43
842,824,H1088,3,BQM4808A,Bay48-S-8,50,75,105,0,25,True,True,ALLOCATED,18.51
859,835,H1087,8,BQM4503A,Bay45-S-3,147,175,101,74,28,True,True,ALLOCATED,-137.31
858,825,H1088,16,PPT0052A,0东-4,111,139,101,38,28,True,True,ALLOCATED,-62.53
761,134,H1088,7,BQM4853A,Bay48-N-3,213,261,132,129,48,True,True,ALLOCATED,-245.83
765,124,H1087,35,PPT1011A,Bay10-S-21,71,118,131,0,47,True,True,ALLOCATED,16.31
878,832,H1087,26,PPT1002A,Bay10-S-3,53,76,94,0,23,True,True,ALLOCATED,15.53
877,822,H1087,22,PPT0058A,0东-16,53,76,94,0,23,True,True,ALLOCATED,15.32
849,143,H1087,25,PPT1001A,Bay10-S-1,53,75,105,0,22,True,True,ALLOCATED,17.71
850,153,H1087,15,PPT0051A,0东-2,53,75,105,0,22,True,True,ALLOCATED,18.49
853,835,H1088,34,PPT1010A,Bay10-S-19,175,197,103,94,22,True,True,ALLOCATED,-176.26
852,825,H1088,25,PPT1001A,Bay10-S-1,75,97,103,0,22,True,True,ALLOCATED,15.26
795,183,H1087,4,BQM4810A,Bay48-S-10,74,96,118,0,22,True,True,ALLOCATED,15.91
796,193,H1087,25,PPT1001A,Bay10-S-1,97,119,118,1,22,True,True,ALLOCATED,11.11
815,283,H1087,3,BQM4808A,Bay48-S-8,75,106,113,0,31,True,True,ALLOCATED,15.88
811,293,H1087,8,BQM4503A,Bay45-S-3,175,206,114,92,31,True,True,ALLOCATED,-171.03
873,832,H1088,14,PPT0004A,0西-7,55,73,101,0,18,True,True,ALLOCATED,16.15
872,822,H1088,36,PPT1012A,Bay10-S-23,55,73,101,0,18,True,True,ALLOCATED,18.19
771,628,H1088,45,PPT1058A,Bay10-N-16,59,82,128,0,23,True,True,ALLOCATED,18.9
772,638,H1088,21,PPT0057A,0东-14,71,94,128,0,23,True,True,ALLOCATED,18.71
812,803,H1087,54,PPT0807A,Bay8-S-13,60,90,108,0,30,True,True,ALLOCATED,17.3
824,631,H1088,10,BQM4202A,Bay42-S-2,60,75,114,0,15,True,True,ALLOCATED,17.6
789,273,H1088,36,PPT1012A,Bay10-S-23,73,98,121,0,25,True,True,ALLOCATED,18.38
788,263,H1088,18,PPT0054A,0东-8,101,126,121,5,25,True,True,ALLOCATED,3.71
825,621,H1088,52,PPT0803A,Bay8-S-5,96,111,114,0,15,True,True,ALLOCATED,12.22
838,623,H1088,22,PPT0058A,0东-16,76,91,111,0,15,True,True,ALLOCATED,17.33
839,633,H1088,43,PPT1056A,Bay10-N-12,135,150,111,39,15,True,True,ALLOCATED,-64.86
844,102,H1087,43,PPT1056A,Bay10-N-12,150,171,102,69,21,True,True,ALLOCATED,-123.44
820,133,H1088,54,PPT0807A,Bay8-S-13,90,119,107,12,29,True,True,ALLOCATED,-9.66
777,261,H1088,53,PPT0804A,Bay8-S-7,65,99,124,0,34,True,True,ALLOCATED,19.38
821,123,H1088,11,PPT0001A,0西-1,66,95,107,0,29,True,True,ALLOCATED,16.9
840,103,H1088,2,BQM4803A,Bay48-S-3,73,103,103,0,30,True,True,ALLOCATED,11.5
776,271,H1088,11,PPT0001A,0西-1,95,129,125,4,34,True,True,ALLOCATED,5.4
766,268,H1087,46,PPT1059A,Bay10-N-18,67,96,130,0,29,True,True,ALLOCATED,17.7
841,184,H1088,39,PPT1052A,Bay10-N-4,68,98,103,0,30,True,True,ALLOCATED,12.44
836,194,H1088,24,PPT0060A,0东-20,68,98,104,0,30,True,True,ALLOCATED,13.18
875,161,H1087,45,PPT1058A,Bay10-N-16,82,100,96,4,18,True,True,ALLOCATED,3.62
876,171,H1087,18,PPT0054A,0东-8,126,144,96,48,18,True,True,ALLOCATED,-84.14
779,272,H1087,13,PPT0003A,0西-5,106,137,128,9,31,True,True,ALLOCATED,-5.04
778,262,H1088,34,PPT1010A,Bay10-S-19,197,228,128,100,31,True,True,ALLOCATED,-186.5
767,278,H1087,42,PPT1055A,Bay10-N-10,68,96,130,0,28,True,True,ALLOCATED,17.7
762,801,H1088,7,BQM4853A,Bay48-N-3,261,295,129,166,34,True,True,ALLOCATED,-318.39
783,183,H1087,39,PPT1052A,Bay10-N-4,98,118,123,0,20,True,True,ALLOCATED,12.34
784,193,H1087,40,PPT1053A,Bay10-N-6,71,91,123,0,20,True,True,ALLOCATED,17.57
832,182,H1087,8,BQM4503A,Bay45-S-3,206,223,113,110,17,True,True,ALLOCATED,-208.79
833,192,H1087,33,PPT1009A,Bay10-S-17,72,89,113,0,17,True,True,ALLOCATED,16.21
816,642,H1087,15,PPT0051A,0东-2,75,91,117,0,16,True,True,ALLOCATED,18.11
817,652,H1087,39,PPT1052A,Bay10-N-4,118,134,117,17,16,True,True,ALLOCATED,-20.73
769,124,H1087,19,PPT0055A,0东-10,81,106,128,0,25,True,True,ALLOCATED,18.93
770,134,H1087,57,PPT0810A,Bay8-S-19,73,98,128,0,25,True,True,ALLOCATED,19.32
845,182,H1087,50,PPT0801A,Bay8-S-1,74,92,109,0,18,True,True,ALLOCATED,16.48
846,192,H1087,9,BQM4504A,Bay45-S-4,74,92,109,0,18,True,True,ALLOCATED,15.17
791,832,H1088,21,PPT0057A,0东-14,94,130,118,12,36,True,True,ALLOCATED,-12.84
790,822,H1088,27,PPT1003A,Bay10-S-5,75,111,118,0,36,True,True,ALLOCATED,14.33
774,271,H1088,20,PPT0056A,0东-12,75,107,127,0,32,True,True,ALLOCATED,17.39
773,261,H1088,18,PPT0054A,0东-8,144,176,127,49,32,True,True,ALLOCATED,-84.17
798,125,H1087,42,PPT1055A,Bay10-N-10,96,130,113,17,34,True,True,ALLOCATED,-21.73
780,135,H1087,3,BQM4808A,Bay48-S-8,106,149,123,26,43,True,True,ALLOCATED,-37.67
800,836,H1087,15,PPT0051A,0东-2,91,120,112,8,29,True,True,ALLOCATED,-4.0
799,826,H1087,4,BQM4810A,Bay48-S-10,96,125,112,13,29,True,True,ALLOCATED,-11.34
834,123,H1087,31,PPT1007A,Bay10-S-13,93,115,107,8,22,True,True,ALLOCATED,-3.27
835,133,H1088,7,BQM4853A,Bay48-N-3,295,317,107,210,22,True,True,ALLOCATED,-408.06
813,824,H1087,14,PPT0004A,0西-7,77,104,113,0,27,True,True,ALLOCATED,14.85
818,834,H1087,35,PPT1011A,Bay10-S-21,118,143,112,31,25,True,True,ALLOCATED,-50.56
763,629,H1087,43,PPT1056A,Bay10-N-12,171,203,132,71,32,True,True,ALLOCATED,-128.31
764,639,H1087,34,PPT1010A,Bay10-S-19,228,260,132,128,32,True,True,ALLOCATED,-241.91
851,144,H1088,8,BQM4503A,Bay45-S-3,223,238,102,136,15,True,True,ALLOCATED,-259.12
806,282,H1088,28,PPT1004A,Bay10-S-7,80,110,117,0,30,True,True,ALLOCATED,14.98
801,292,H1087,44,PPT1057A,Bay10-N-14,80,110,118,0,30,True,True,ALLOCATED,15.65
785,122,H1087,46,PPT1059A,Bay10-N-18,96,124,127,0,28,True,True,ALLOCATED,12.45
786,132,H1087,33,PPT1009A,Bay10-S-17,89,117,127,0,28,True,True,ALLOCATED,13.75
697,683,H1088,44,PPT1057A,Bay10-N-14,110,134,161,0,24,True,True,ALLOCATED,18.92
698,693,H1088,34,PPT1010A,Bay10-S-19,260,284,161,123,24,True,True,ALLOCATED,-231.64
826,823,H1088,43,PPT1056A,Bay10-N-12,203,230,111,119,27,True,True,ALLOCATED,-224.8
827,833,H1087,36,PPT1012A,Bay10-S-23,98,122,111,11,24,True,True,ALLOCATED,-10.53
814,112,H1087,15,PPT0051A,0东-2,120,138,112,26,18,True,True,ALLOCATED,-39.85
855,834,H1088,46,PPT1059A,Bay10-N-18,124,143,108,35,19,True,True,ALLOCATED,-58.74
854,824,H1088,16,PPT0052A,0东-4,139,158,108,50,19,True,True,ALLOCATED,-87.93
755,269,H1088,30,PPT1006A,Bay10-S-11,83,112,139,0,29,True,True,ALLOCATED,17.48
756,279,H1088,3,BQM4808A,Bay48-S-8,149,178,139,39,29,True,True,ALLOCATED,-64.46
736,101,H1087,63,PPT0862A,Bay8-N-24,83,111,148,0,28,True,True,ALLOCATED,17.27
685,110,H1087,18,PPT0054A,0东-8,176,217,150,67,41,True,True,ALLOCATED,-123.22
808,653,H1088,50,PPT0801A,Bay8-S-1,92,108,119,0,16,True,True,ALLOCATED,14.46
807,643,H1088,22,PPT0058A,0东-16,91,107,119,0,16,True,True,ALLOCATED,15.54
775,102,H1088,30,PPT1006A,Bay10-S-11,112,147,122,25,35,True,True,ALLOCATED,-37.43
860,833,H1087,34,PPT1010A,Bay10-S-19,284,300,108,192,16,True,True,ALLOCATED,-372.27
837,823,H1088,12,PPT0002A,0西-3,87,105,113,0,18,True,True,ALLOCATED,14.36
725,123,H1088,30,PPT1006A,Bay10-S-11,147,189,152,37,42,True,True,ALLOCATED,-60.27
726,133,H1088,7,BQM4853A,Bay48-N-3,317,359,152,207,42,True,True,ALLOCATED,-401.04
656,124,H1087,14,PPT0004A,0西-7,104,130,174,0,26,True,True,ALLOCATED,19.53
657,134,H1087,50,PPT0801A,Bay8-S-1,108,134,174,0,26,True,True,ALLOCATED,19.32
741,143,H1088,40,PPT1053A,Bay10-N-6,91,126,149,0,35,True,True,ALLOCATED,15.67
742,153,H1088,26,PPT1002A,Bay10-S-3,89,124,149,0,35,True,True,ALLOCATED,18.07
781,142,H1087,43,PPT1056A,Bay10-N-12,230,260,131,129,30,True,True,ALLOCATED,-246.95
782,152,H1087,63,PPT0862A,Bay8-N-24,111,141,131,10,30,True,True,ALLOCATED,-8.1
678,193,H1088,20,PPT0056A,0东-12,107,142,166,0,35,True,True,ALLOCATED,19.54
671,183,H1087,57,PPT0810A,Bay8-S-19,98,133,167,0,35,True,True,ALLOCATED,17.55
746,103,H1088,2,BQM4803A,Bay48-S-3,103,141,139,2,38,True,True,ALLOCATED,7.75
683,182,H1087,4,BQM4810A,Bay48-S-10,125,165,166,0,40,True,True,ALLOCATED,11.9
684,192,H1087,7,BQM4853A,Bay48-N-3,359,399,166,233,40,True,True,ALLOCATED,-452.87
753,161,H1087,25,PPT1001A,Bay10-S-1,119,156,139,17,37,True,True,ALLOCATED,-21.28
754,171,H1087,17,PPT0053A,0东-6,93,130,139,0,37,True,True,ALLOCATED,15.52
747,184,H1087,9,BQM4504A,Bay45-S-4,93,121,141,0,28,True,True,ALLOCATED,15.37
748,194,H1087,36,PPT1012A,Bay10-S-23,122,150,141,9,28,True,True,ALLOCATED,-5.92
666,261,H1088,44,PPT1057A,Bay10-N-14,134,173,169,4,39,True,True,ALLOCATED,4.97
667,271,H1087,56,PPT0809A,Bay8-S-17,93,132,169,0,39,True,True,ALLOCATED,18.04
699,144,H1087,7,BQM4853A,Bay48-N-3,399,437,158,279,38,True,True,ALLOCATED,-545.36
692,154,H1088,8,BQM4503A,Bay45-S-3,238,277,160,117,39,True,True,ALLOCATED,-221.06
596,294,H1088,13,PPT0003A,0西-5,137,182,179,3,45,True,True,ALLOCATED,8.38
589,284,H1087,16,PPT0052A,0东-4,158,203,180,23,45,True,True,ALLOCATED,-31.62
600,293,H1088,4,BQM4810A,Bay48-S-10,165,208,177,31,43,True,True,ALLOCATED,-48.01
595,283,H1088,12,PPT0002A,0西-3,105,148,180,0,43,True,True,ALLOCATED,19.14
679,272,H1088,61,PPT0859A,Bay8-N-18,94,127,168,0,33,True,True,ALLOCATED,18.75
680,262,H1088,55,PPT0808A,Bay8-S-15,94,127,168,0,33,True,True,ALLOCATED,17.75
658,101,H1087,7,BQM4853A,Bay48-N-3,437,468,172,296,31,True,True,ALLOCATED,-580.09
659,101,H1088,2,BQM4803A,Bay48-S-3,141,172,172,0,31,True,True,ALLOCATED,11.91
636,144,H1087,35,PPT1011A,Bay10-S-21,143,168,181,0,25,True,True,ALLOCATED,15.97
643,154,H1088,26,PPT1002A,Bay10-S-3,124,148,180,0,24,True,True,ALLOCATED,18.89
768,101,H1087,50,PPT0801A,Bay8-S-1,134,156,123,33,22,True,True,ALLOCATED,-53.58
668,112,H1087,34,PPT1010A,Bay10-S-19,300,341,153,188,41,True,True,ALLOCATED,-364.57
686,162,H1087,30,PPT1006A,Bay10-S-11,189,221,162,59,32,True,True,ALLOCATED,-104.42
615,172,H1088,43,PPT1056A,Bay10-N-12,260,292,180,112,32,True,True,ALLOCATED,-210.37
613,144,H1088,31,PPT1007A,Bay10-S-13,115,140,183,0,25,True,True,ALLOCATED,18.37
614,154,H1088,17,PPT0053A,0东-6,130,155,183,0,25,True,True,ALLOCATED,18.71
711,103,H1088,8,BQM4503A,Bay45-S-3,277,311,154,157,34,True,True,ALLOCATED,-302.36
730,331,H1088,11,PPT0001A,0西-1,129,161,154,7,32,True,True,ALLOCATED,-1.9
729,321,H1088,23,PPT0059A,0东-18,98,130,154,0,32,True,True,ALLOCATED,18.81
661,836,H1088,65,PPT0864A,Bay8-N-28,99,154,166,0,55,True,True,ALLOCATED,13.99
660,826,H1088,4,BQM4810A,Bay48-S-10,208,263,166,97,55,True,True,ALLOCATED,-179.1
719,801,H1087,64,PPT0863A,Bay8-N-26,99,132,153,0,33,True,True,ALLOCATED,17.82
628,125,H1088,26,PPT1002A,Bay10-S-3,148,190,180,10,42,True,True,ALLOCATED,-7.73
629,135,H1088,64,PPT0863A,Bay8-N-26,132,174,180,0,42,True,True,ALLOCATED,13.95
700,143,H1087,46,PPT1059A,Bay10-N-18,143,169,159,10,26,True,True,ALLOCATED,-7.04
701,153,H1087,44,PPT1057A,Bay10-N-14,173,199,159,40,26,True,True,ALLOCATED,-66.15
712,134,H1088,21,PPT0057A,0东-14,130,174,154,20,44,True,True,ALLOCATED,-25.75
727,102,H1088,7,BQM4853A,Bay48-N-3,468,503,150,353,35,True,True,ALLOCATED,-693.44
728,102,H1088,8,BQM4503A,Bay45-S-3,311,346,150,196,35,True,True,ALLOCATED,-379.21
687,801,H1087,61,PPT0859A,Bay8-N-18,127,160,163,0,33,True,True,ALLOCATED,14.22
650,628,H1088,30,PPT1006A,Bay10-S-11,221,244,177,67,23,True,True,ALLOCATED,-120.1
651,638,H1087,43,PPT1056A,Bay10-N-12,292,315,177,138,23,True,True,ALLOCATED,-262.1
713,124,H1088,50,PPT0801A,Bay8-S-1,156,200,154,46,44,True,True,ALLOCATED,-78.54
720,103,H1087,8,BQM4503A,Bay45-S-3,346,380,152,228,34,True,True,ALLOCATED,-444.36
705,123,H1087,61,PPT0859A,Bay8-N-18,160,188,155,33,28,True,True,ALLOCATED,-51.7
706,123,H1087,57,PPT0810A,Bay8-S-19,133,161,155,6,28,True,True,ALLOCATED,2.3
707,133,H1088,56,PPT0809A,Bay8-S-17,132,160,155,5,28,True,True,ALLOCATED,4.34
708,133,H1088,57,PPT0810A,Bay8-S-19,161,189,155,34,28,True,True,ALLOCATED,-53.66
731,101,H1087,61,PPT0859A,Bay8-N-18,188,216,150,66,28,True,True,ALLOCATED,-120.87
745,104,H1088,51,PPT0802A,Bay8-S-3,103,124,151,0,21,True,True,ALLOCATED,18.78
693,322,H1088,36,PPT1012A,Bay10-S-23,150,189,159,30,39,True,True,ALLOCATED,-46.62
694,332,H1088,46,PPT1059A,Bay10-N-18,169,208,159,49,39,True,True,ALLOCATED,-84.96
703,834,H1087,22,PPT0058A,0东-16,107,140,159,0,33,True,True,ALLOCATED,15.17
702,824,H1087,34,PPT1010A,Bay10-S-19,341,374,159,215,33,True,True,ALLOCATED,-416.44
743,142,H1088,10,BQM4202A,Bay42-S-2,104,126,151,0,22,True,True,ALLOCATED,17.05
744,152,H1088,58,PPT0811A,Bay8-S-21,104,126,151,0,22,True,True,ALLOCATED,17.77
749,161,H1087,63,PPT0862A,Bay8-N-24,141,158,146,12,17,True,True,ALLOCATED,-11.05
750,161,H1087,37,PPT1013A,Bay10-S-25,118,135,146,0,17,True,True,ALLOCATED,14.0
751,171,H1087,17,PPT0053A,0东-6,155,172,146,26,17,True,True,ALLOCATED,-40.14
752,171,H1087,22,PPT0058A,0东-16,140,157,146,11,17,True,True,ALLOCATED,-9.93
709,173,H1088,50,PPT0801A,Bay8-S-1,200,222,159,63,22,True,True,ALLOCATED,-113.92
704,163,H1087,25,PPT1001A,Bay10-S-1,156,178,160,18,22,True,True,ALLOCATED,-23.72
682,694,H1088,34,PPT1010A,Bay10-S-19,374,412,166,246,38,True,True,ALLOCATED,-477.73
681,684,H1088,44,PPT1057A,Bay10-N-14,199,237,166,71,38,True,True,ALLOCATED,-127.97
715,833,H1087,55,PPT0808A,Bay8-S-15,127,158,159,0,31,True,True,ALLOCATED,11.41
714,823,H1088,11,PPT0001A,0西-1,161,192,159,33,31,True,True,ALLOCATED,-52.95
733,835,H1087,22,PPT0058A,0东-16,157,183,151,32,26,True,True,ALLOCATED,-52.74
732,825,H1087,59,PPT0857A,Bay8-N-14,106,132,151,0,26,True,True,ALLOCATED,17.11
740,832,H1088,14,PPT0004A,0西-7,130,152,153,0,22,True,True,ALLOCATED,11.92
739,822,H1088,14,PPT0004A,0西-7,152,174,153,21,22,True,True,ALLOCATED,-30.46
737,142,H1087,30,PPT1006A,Bay10-S-11,244,266,153,113,22,True,True,ALLOCATED,-214.34
738,152,H1087,33,PPT1009A,Bay10-S-17,117,139,153,0,22,True,True,ALLOCATED,16.19
670,835,H1087,28,PPT1004A,Bay10-S-7,110,150,170,0,40,True,True,ALLOCATED,17.68
669,825,H1087,52,PPT0803A,Bay8-S-5,111,151,170,0,40,True,True,ALLOCATED,17.43
722,835,H1087,34,PPT1010A,Bay10-S-19,412,439,154,285,27,True,True,ALLOCATED,-558.68
721,825,H1087,11,PPT0001A,0西-1,192,219,154,65,27,True,True,ALLOCATED,-116.53
735,832,H1087,30,PPT1006A,Bay10-S-11,266,288,155,133,22,True,True,ALLOCATED,-254.33
734,822,H1087,35,PPT1011A,Bay10-S-21,168,190,155,35,22,True,True,ALLOCATED,-58.2
695,221,H1088,31,PPT1007A,Bay10-S-13,140,152,173,0,12,True,True,ALLOCATED,17.53
696,221,H1088,18,PPT0054A,0东-8,217,229,173,56,12,True,True,ALLOCATED,-98.96
688,231,H1087,16,PPT0052A,0东-4,203,217,173,44,14,True,True,ALLOCATED,-75.28
689,231,H1087,38,PPT1051A,Bay10-N-2,109,123,173,0,14,True,True,ALLOCATED,17.86
716,834,H1087,2,BQM4803A,Bay48-S-3,172,198,156,42,26,True,True,ALLOCATED,-71.73
665,832,H1088,43,PPT1056A,Bay10-N-12,315,350,173,177,35,True,True,ALLOCATED,-342.79
664,822,H1088,23,PPT0059A,0东-18,130,165,173,0,35,True,True,ALLOCATED,14.7
710,834,H1088,8,BQM4503A,Bay45-S-3,380,405,158,247,25,True,True,ALLOCATED,-481.62
723,182,H1088,15,PPT0051A,0东-2,138,157,159,0,19,True,True,ALLOCATED,13.45
724,192,H1088,11,PPT0001A,0西-1,219,238,159,79,19,True,True,ALLOCATED,-146.23
717,182,H1087,53,PPT0804A,Bay8-S-7,116,135,160,0,19,True,True,ALLOCATED,17.75
718,192,H1087,27,PPT1003A,Bay10-S-5,116,135,160,0,19,True,True,ALLOCATED,16.86
672,122,H1087,33,PPT1009A,Bay10-S-17,139,156,171,0,17,True,True,ALLOCATED,15.63
673,122,H1087,39,PPT1052A,Bay10-N-4,134,151,171,0,17,True,True,ALLOCATED,16.37
674,132,H1087,34,PPT1010A,Bay10-S-19,439,456,171,285,17,True,True,ALLOCATED,-556.79
675,132,H1088,31,PPT1007A,Bay10-S-13,152,169,171,0,17,True,True,ALLOCATED,13.61
690,143,H1087,22,PPT0058A,0东-16,183,209,162,47,26,True,True,ALLOCATED,-80.87
691,153,H1088,36,PPT1012A,Bay10-S-23,189,215,162,53,26,True,True,ALLOCATED,-91.72
481,836,H1087,57,PPT0810A,Bay8-S-19,189,243,214,29,54,True,True,ALLOCATED,-46.41
480,826,H1087,2,BQM4803A,Bay48-S-3,198,252,214,38,54,True,True,ALLOCATED,-63.01
676,103,H1088,2,BQM4803A,Bay48-S-3,252,268,171,97,16,True,True,ALLOCATED,-180.98
677,103,H1088,2,BQM4803A,Bay48-S-3,268,284,171,113,16,True,True,ALLOCATED,-212.98
639,271,H1087,53,PPT0804A,Bay8-S-7,135,169,180,0,34,True,True,ALLOCATED,15.45
640,271,H1087,14,PPT0004A,0西-7,174,208,180,28,34,True,True,ALLOCATED,-42.6
637,261,H1087,12,PPT0002A,0西-3,148,182,180,2,34,True,True,ALLOCATED,10.59
638,261,H1087,17,PPT0053A,0东-6,172,206,180,26,34,True,True,ALLOCATED,-37.41
585,111,H1088,8,BQM4503A,Bay45-S-3,405,430,187,243,25,True,True,ALLOCATED,-473.79
586,111,H1088,8,BQM4503A,Bay45-S-3,430,455,187,268,25,True,True,ALLOCATED,-523.79
616,632,H1088,28,PPT1004A,Bay10-S-7,150,164,188,0,14,True,True,ALLOCATED,17.69
617,632,H1088,64,PPT0863A,Bay8-N-26,174,188,188,0,14,True,True,ALLOCATED,12.63
641,622,H1087,18,PPT0054A,0东-8,229,242,186,56,13,True,True,ALLOCATED,-99.25
642,622,H1087,11,PPT0001A,0西-1,238,251,186,65,13,True,True,ALLOCATED,-117.25
630,629,H1088,20,PPT0056A,0东-12,142,174,182,0,32,True,True,ALLOCATED,15.11
631,629,H1088,37,PPT1013A,Bay10-S-25,135,167,182,0,32,True,True,ALLOCATED,17.09
632,639,H1088,35,PPT1011A,Bay10-S-21,190,222,182,40,32,True,True,ALLOCATED,-65.91
633,639,H1088,55,PPT0808A,Bay8-S-15,158,190,182,8,32,True,True,ALLOCATED,-2.65
529,102,H1087,2,BQM4803A,Bay48-S-3,284,331,193,138,47,True,True,ALLOCATED,-263.63
557,144,H1087,30,PPT1006A,Bay10-S-11,288,311,202,109,23,True,True,ALLOCATED,-204.56
558,144,H1087,48,PPT1061A,Bay10-N-22,126,149,202,0,23,True,True,ALLOCATED,18.44
559,154,H1087,61,PPT0859A,Bay8-N-18,216,239,202,37,23,True,True,ALLOCATED,-60.38
560,154,H1087,61,PPT0859A,Bay8-N-18,239,262,202,60,23,True,True,ALLOCATED,-106.38
574,101,H1087,31,PPT1007A,Bay10-S-13,169,214,192,22,45,True,True,ALLOCATED,-31.91
618,268,H1088,22,PPT0058A,0东-16,209,239,182,57,30,True,True,ALLOCATED,-101.14
619,278,H1087,49,PPT1062A,Bay10-N-24,127,157,182,0,30,True,True,ALLOCATED,17.7
605,268,H1087,12,PPT0002A,0西-3,182,212,183,29,30,True,True,ALLOCATED,-45.43
606,278,H1087,50,PPT0801A,Bay8-S-1,222,252,183,69,30,True,True,ALLOCATED,-125.55
590,183,H1087,34,PPT1010A,Bay10-S-19,456,477,191,286,21,True,True,ALLOCATED,-560.06
591,193,H1087,18,PPT0054A,0东-8,242,263,191,72,21,True,True,ALLOCATED,-131.03
644,143,H1088,8,BQM4503A,Bay45-S-3,455,476,181,295,21,True,True,ALLOCATED,-578.44
645,143,H1088,25,PPT1001A,Bay10-S-1,178,199,181,18,21,True,True,ALLOCATED,-23.29
646,153,H1088,46,PPT1059A,Bay10-N-18,208,229,181,48,21,True,True,ALLOCATED,-82.33
647,153,H1088,8,BQM4503A,Bay45-S-3,476,497,181,316,21,True,True,ALLOCATED,-619.88
587,183,H1087,63,PPT0862A,Bay8-N-24,158,179,192,0,21,True,True,ALLOCATED,15.77
588,193,H1087,50,PPT0801A,Bay8-S-1,252,273,192,81,21,True,True,ALLOCATED,-149.17
562,124,H1087,36,PPT1012A,Bay10-S-23,215,237,200,37,22,True,True,ALLOCATED,-60.29
563,124,H1088,16,PPT0052A,0东-4,217,239,200,39,22,True,True,ALLOCATED,-64.82
564,134,H1088,2,BQM4803A,Bay48-S-3,331,353,200,153,22,True,True,ALLOCATED,-293.83
565,134,H1088,2,BQM4803A,Bay48-S-3,353,375,200,175,22,True,True,ALLOCATED,-337.83
634,124,H1088,50,PPT0801A,Bay8-S-1,273,299,181,118,26,True,True,ALLOCATED,-221.68
635,134,H1087,64,PPT0863A,Bay8-N-26,188,214,181,33,26,True,True,ALLOCATED,-51.68
601,269,H1088,37,PPT1013A,Bay10-S-25,167,196,186,10,29,True,True,ALLOCATED,-7.24
602,269,H1088,15,PPT0051A,0东-2,157,186,186,0,29,True,True,ALLOCATED,12.36
603,279,H1087,38,PPT1051A,Bay10-N-2,132,161,186,0,29,True,True,ALLOCATED,17.48
604,279,H1087,30,PPT1006A,Bay10-S-11,311,340,186,154,29,True,True,ALLOCATED,-295.52
648,628,H1088,30,PPT1006A,Bay10-S-11,340,363,181,182,23,True,True,ALLOCATED,-350.1
649,638,H1088,61,PPT0859A,Bay8-N-18,262,285,181,104,23,True,True,ALLOCATED,-194.45
535,834,H1088,39,PPT1052A,Bay10-N-4,151,185,209,0,34,True,True,ALLOCATED,16.09
534,824,H1088,23,PPT0059A,0东-18,165,199,209,0,34,True,True,ALLOCATED,15.39
599,824,H1088,43,PPT1056A,Bay10-N-12,350,376,186,190,26,True,True,ALLOCATED,-367.54
543,833,H1087,36,PPT1012A,Bay10-S-23,237,269,209,60,32,True,True,ALLOCATED,-108.53
542,823,H1087,49,PPT1062A,Bay10-N-24,157,189,209,0,32,True,True,ALLOCATED,17.2
652,102,H1087,57,PPT0810A,Bay8-S-19,243,263,173,90,20,True,True,ALLOCATED,-165.85
653,102,H1087,44,PPT1057A,Bay10-N-14,237,257,173,84,20,True,True,ALLOCATED,-153.44
598,824,H1088,57,PPT0810A,Bay8-S-19,263,289,187,102,26,True,True,ALLOCATED,-191.76
620,621,H1087,56,PPT0809A,Bay8-S-17,160,174,188,0,14,True,True,ALLOCATED,14.42
621,621,H1087,15,PPT0051A,0东-2,186,200,188,12,14,True,True,ALLOCATED,-12.3
607,631,H1087,30,PPT1006A,Bay10-S-11,363,376,189,187,13,True,True,ALLOCATED,-361.9
608,631,H1087,34,PPT1010A,Bay10-S-19,477,490,189,301,13,True,True,ALLOCATED,-589.66
581,272,H1088,21,PPT0057A,0东-14,174,205,199,6,31,True,True,ALLOCATED,0.96
582,272,H1088,56,PPT0809A,Bay8-S-17,174,205,199,6,31,True,True,ALLOCATED,0.83
579,262,H1088,43,PPT1056A,Bay10-N-12,376,407,199,208,31,True,True,ALLOCATED,-402.85
580,262,H1088,36,PPT1012A,Bay10-S-23,269,300,199,101,31,True,True,ALLOCATED,-188.5
662,183,H1088,34,PPT1010A,Bay10-S-19,490,510,178,332,20,True,True,ALLOCATED,-652.51
663,193,H1088,34,PPT1010A,Bay10-S-19,510,530,178,352,20,True,True,ALLOCATED,-691.14
494,835,H1087,54,PPT0807A,Bay8-S-13,139,178,220,0,39,True,True,ALLOCATED,18.15
493,825,H1087,19,PPT0055A,0东-10,139,178,220,0,39,True,True,ALLOCATED,18.8
597,101,H1088,2,BQM4803A,Bay48-S-3,375,405,185,220,30,True,True,ALLOCATED,-428.09
654,183,H1087,52,PPT0803A,Bay8-S-5,151,170,179,0,19,True,True,ALLOCATED,13.02
655,193,H1087,65,PPT0864A,Bay8-N-28,154,173,179,0,19,True,True,ALLOCATED,13.54
592,231,H1087,52,PPT0803A,Bay8-S-5,170,191,198,0,21,True,True,ALLOCATED,14.0
538,283,H1088,61,PPT0859A,Bay8-N-18,285,316,209,107,31,True,True,ALLOCATED,-201.15
539,293,H1087,7,BQM4853A,Bay48-N-3,503,534,209,325,31,True,True,ALLOCATED,-637.27
497,832,H1087,33,PPT1009A,Bay10-S-17,156,191,219,0,35,True,True,ALLOCATED,16.35
496,822,H1087,23,PPT0059A,0东-18,199,234,219,15,35,True,True,ALLOCATED,-16.9
584,221,H1088,64,PPT0863A,Bay8-N-26,214,234,206,28,20,True,True,ALLOCATED,-43.46
548,282,H1088,18,PPT0054A,0东-8,263,293,209,84,30,True,True,ALLOCATED,-154.59
549,292,H1088,17,PPT0053A,0东-6,206,236,209,27,30,True,True,ALLOCATED,-40.15
544,631,H1087,26,PPT1002A,Bay10-S-3,190,198,212,0,8,True,True,ALLOCATED,14.9
501,694,H1088,56,PPT0809A,Bay8-S-17,205,243,216,27,38,True,True,ALLOCATED,-40.51
500,684,H1088,15,PPT0051A,0东-2,200,238,216,22,38,True,True,ALLOCATED,-30.17
540,621,H1087,35,PPT1011A,Bay10-S-21,222,232,213,19,10,True,True,ALLOCATED,-26.01
526,123,H1087,21,PPT0057A,0东-14,205,244,206,38,39,True,True,ALLOCATED,-61.65
609,182,H1087,20,PPT0056A,0东-12,174,192,189,3,18,True,True,ALLOCATED,5.83
610,182,H1087,52,PPT0803A,Bay8-S-5,191,209,189,20,18,True,True,ALLOCATED,-28.17
611,192,H1088,34,PPT1010A,Bay10-S-19,530,548,189,359,18,True,True,ALLOCATED,-706.59
612,192,H1088,34,PPT1010A,Bay10-S-19,548,566,189,377,18,True,True,ALLOCATED,-742.59
423,110,H1088,21,PPT0057A,0东-14,244,295,219,76,51,True,True,ALLOCATED,-141.06
528,182,H1087,43,PPT1056A,Bay10-N-12,407,444,205,239,37,True,True,ALLOCATED,-466.59
570,271,H1088,10,BQM4202A,Bay42-S-2,148,179,199,0,31,True,True,ALLOCATED,18.4
571,271,H1087,49,PPT1062A,Bay10-N-24,189,220,199,21,31,True,True,ALLOCATED,-28.44
568,261,H1088,20,PPT0056A,0东-12,192,223,199,24,31,True,True,ALLOCATED,-34.17
569,261,H1088,18,PPT0054A,0东-8,293,324,199,125,31,True,True,ALLOCATED,-236.17
566,111,H1088,2,BQM4803A,Bay48-S-3,405,430,197,233,25,True,True,ALLOCATED,-453.97
622,123,H1087,15,PPT0051A,0东-2,238,261,182,79,23,True,True,ALLOCATED,-145.66
623,123,H1087,44,PPT1057A,Bay10-N-14,257,280,182,98,23,True,True,ALLOCATED,-183.54
624,133,H1087,2,BQM4803A,Bay48-S-3,430,453,182,271,23,True,True,ALLOCATED,-530.06
625,133,H1087,2,BQM4803A,Bay48-S-3,453,476,182,294,23,True,True,ALLOCATED,-576.06
561,133,H1087,2,BQM4803A,Bay48-S-3,476,504,201,303,28,True,True,ALLOCATED,-594.06
550,123,H1088,40,PPT1053A,Bay10-N-6,150,178,205,0,28,True,True,ALLOCATED,17.46
567,102,H1088,16,PPT0052A,0东-4,239,277,197,80,38,True,True,ALLOCATED,-145.66
502,192,H1088,42,PPT1055A,Bay10-N-10,154,191,211,0,37,True,True,ALLOCATED,15.94
420,294,H1088,45,PPT1058A,Bay10-N-16,154,199,231,0,45,True,True,ALLOCATED,19.6
419,284,H1088,65,PPT0864A,Bay8-N-28,173,218,232,0,45,True,True,ALLOCATED,16.98
523,633,H1087,46,PPT1059A,Bay10-N-18,229,263,210,53,34,True,True,ALLOCATED,-92.86
522,623,H1088,54,PPT0807A,Bay8-S-13,178,212,210,2,34,True,True,ALLOCATED,9.06
424,293,H1088,13,PPT0003A,0西-5,182,225,231,0,43,True,True,ALLOCATED,15.59
627,231,H1088,51,PPT0802A,Bay8-S-3,156,170,190,0,14,True,True,ALLOCATED,15.42
626,221,H1087,36,PPT1012A,Bay10-S-23,300,314,190,124,14,True,True,ALLOCATED,-235.92
438,111,H1088,8,BQM4503A,Bay45-S-3,497,537,217,320,40,True,True,ALLOCATED,-627.86
467,103,H1088,2,BQM4803A,Bay48-S-3,504,544,217,327,40,True,True,ALLOCATED,-640.9
575,122,H1087,15,PPT0051A,0东-2,261,288,200,88,27,True,True,ALLOCATED,-163.74
576,132,H1087,4,BQM4810A,Bay48-S-10,263,290,200,90,27,True,True,ALLOCATED,-167.5
593,112,H1087,20,PPT0056A,0东-12,223,241,188,53,18,True,True,ALLOCATED,-93.85
594,112,H1087,4,BQM4810A,Bay48-S-10,290,308,188,120,18,True,True,ALLOCATED,-228.05
418,283,H1087,40,PPT1053A,Bay10-N-6,178,222,234,0,44,True,True,ALLOCATED,16.75
545,273,H1087,22,PPT0058A,0东-16,239,265,210,55,26,True,True,ALLOCATED,-96.4
541,263,H1087,34,PPT1010A,Bay10-S-19,566,592,211,381,26,True,True,ALLOCATED,-747.67
536,143,H1088,30,PPT1006A,Bay10-S-11,376,407,210,197,31,True,True,ALLOCATED,-381.29
537,153,H1088,50,PPT0801A,Bay8-S-1,299,330,210,120,31,True,True,ALLOCATED,-226.67
516,124,H1088,20,PPT0056A,0东-12,241,273,215,58,32,True,True,ALLOCATED,-102.82
517,134,H1088,8,BQM4503A,Bay45-S-3,537,569,215,354,32,True,True,ALLOCATED,-695.64
583,112,H1088,53,PPT0804A,Bay8-S-7,169,187,195,0,18,True,True,ALLOCATED,13.65
509,683,H1087,15,PPT0051A,0东-2,288,312,216,96,24,True,True,ALLOCATED,-178.27
510,693,H1087,40,PPT1053A,Bay10-N-6,222,246,216,30,24,True,True,ALLOCATED,-46.08
555,632,H1087,12,PPT0002A,0西-3,212,228,208,20,16,True,True,ALLOCATED,-27.25
531,632,H1088,37,PPT1013A,Bay10-S-25,196,225,211,14,29,True,True,ALLOCATED,-14.25
530,622,H1087,43,PPT1056A,Bay10-N-12,444,473,211,262,29,True,True,ALLOCATED,-509.77
556,622,H1087,35,PPT1011A,Bay10-S-21,232,247,208,39,15,True,True,ALLOCATED,-64.79
483,271,H1088,65,PPT0864A,Bay8-N-28,218,249,223,26,31,True,True,ALLOCATED,-38.76
482,261,H1087,21,PPT0057A,0东-14,295,326,223,103,31,True,True,ALLOCATED,-192.17
553,182,H1088,15,PPT0051A,0东-2,312,329,210,119,17,True,True,ALLOCATED,-226.26
554,192,H1088,64,PPT0863A,Bay8-N-26,234,251,210,41,17,True,True,ALLOCATED,-70.85
468,154,H1088,36,PPT1012A,Bay10-S-23,314,353,225,128,39,True,True,ALLOCATED,-241.58
503,144,H1088,30,PPT1006A,Bay10-S-11,407,438,217,221,31,True,True,ALLOCATED,-428.56
572,103,H1087,7,BQM4853A,Bay48-N-3,534,560,201,359,26,True,True,ALLOCATED,-704.98
513,835,H1087,61,PPT0859A,Bay8-N-18,316,336,216,120,20,True,True,ALLOCATED,-228.58
514,835,H1087,12,PPT0002A,0西-3,228,248,216,32,20,True,True,ALLOCATED,-52.51
511,825,H1087,22,PPT0058A,0东-16,265,285,216,69,20,True,True,ALLOCATED,-123.71
512,825,H1087,20,PPT0056A,0东-12,273,293,216,77,20,True,True,ALLOCATED,-140.14
470,273,H1088,13,PPT0003A,0西-5,225,250,228,22,25,True,True,ALLOCATED,-30.76
469,263,H1088,27,PPT1003A,Bay10-S-5,169,194,228,0,25,True,True,ALLOCATED,18.9
461,124,H1087,64,PPT0863A,Bay8-N-26,251,284,223,61,33,True,True,ALLOCATED,-108.63
462,283,H1087,12,PPT0002A,0西-3,248,278,227,51,30,True,True,ALLOCATED,-89.01
450,293,H1087,8,BQM4503A,Bay45-S-3,569,599,228,371,30,True,True,ALLOCATED,-729.03
573,104,H1087,57,PPT0810A,Bay8-S-19,289,304,205,99,15,True,True,ALLOCATED,-186.02
460,273,H1087,49,PPT1062A,Bay10-N-24,220,245,229,16,25,True,True,ALLOCATED,-18.59
459,263,H1087,36,PPT1012A,Bay10-S-23,353,378,229,149,25,True,True,ALLOCATED,-283.67
446,193,H1087,4,BQM4810A,Bay48-S-10,308,343,226,117,35,True,True,ALLOCATED,-219.45
451,134,H1088,40,PPT1053A,Bay10-N-6,246,279,224,55,33,True,True,ALLOCATED,-95.45
504,662,H1088,57,PPT0810A,Bay8-S-19,304,331,218,113,27,True,True,ALLOCATED,-212.68
505,672,H1088,25,PPT1001A,Bay10-S-1,199,226,218,8,27,True,True,ALLOCATED,-2.35
447,283,H1087,2,BQM4803A,Bay48-S-3,544,575,229,346,31,True,True,ALLOCATED,-680.34
445,293,H1087,2,BQM4803A,Bay48-S-3,575,606,230,376,31,True,True,ALLOCATED,-739.27
532,162,H1088,35,PPT1011A,Bay10-S-21,247,268,212,56,21,True,True,ALLOCATED,-100.07
533,172,H1088,20,PPT0056A,0东-12,293,314,212,102,21,True,True,ALLOCATED,-191.27
578,132,H1087,57,PPT0810A,Bay8-S-19,331,345,205,140,14,True,True,ALLOCATED,-268.81
577,122,H1087,20,PPT0056A,0东-12,314,328,205,123,14,True,True,ALLOCATED,-233.95
525,832,H1087,14,PPT0004A,0西-7,208,224,218,6,16,True,True,ALLOCATED,-0.85
524,822,H1087,64,PPT0863A,Bay8-N-26,284,300,218,82,16,True,True,ALLOCATED,-151.39
506,143,H1088,42,PPT1055A,Bay10-N-10,191,216,217,0,25,True,True,ALLOCATED,12.0
507,153,H1087,51,PPT0802A,Bay8-S-3,172,197,217,0,25,True,True,ALLOCATED,16.8
521,191,H1088,3,BQM4808A,Bay48-S-8,178,202,216,0,24,True,True,ALLOCATED,14.72
520,832,H1088,11,PPT0001A,0西-1,251,267,219,48,16,True,True,ALLOCATED,-84.85
519,822,H1088,12,PPT0002A,0西-3,278,294,219,75,16,True,True,ALLOCATED,-137.26
448,183,H1087,52,PPT0803A,Bay8-S-5,209,242,226,16,33,True,True,ALLOCATED,-19.65
463,125,H1087,62,PPT0861A,Bay8-N-22,173,204,224,0,31,True,True,ALLOCATED,17.22
518,181,H1088,38,PPT1051A,Bay10-N-2,173,197,217,0,24,True,True,ALLOCATED,16.24
546,161,H1087,14,PPT0004A,0西-7,224,243,212,31,19,True,True,ALLOCATED,-50.29
547,171,H1088,52,PPT0803A,Bay8-S-5,242,261,212,49,19,True,True,ALLOCATED,-86.13
406,801,H1088,7,BQM4853A,Bay48-N-3,560,618,250,368,58,True,True,ALLOCATED,-722.39
551,623,H1088,52,PPT0803A,Bay8-S-5,261,276,211,65,15,True,True,ALLOCATED,-117.14
552,633,H1088,31,PPT1007A,Bay10-S-13,214,229,211,18,15,True,True,ALLOCATED,-22.51
433,631,H1087,18,PPT0054A,0东-8,324,361,232,129,37,True,True,ALLOCATED,-244.31
432,621,H1087,28,PPT1004A,Bay10-S-7,175,212,232,0,37,True,True,ALLOCATED,18.41
452,803,H1088,38,PPT1051A,Bay10-N-2,197,226,222,4,29,True,True,ALLOCATED,5.88
453,135,H1088,19,PPT0055A,0东-10,178,208,225,0,30,True,True,ALLOCATED,17.68
449,803,H1087,28,PPT1004A,Bay10-S-7,212,241,223,18,29,True,True,ALLOCATED,-22.32
472,272,H1088,18,PPT0054A,0东-8,361,392,228,164,31,True,True,ALLOCATED,-315.04
471,262,H1088,46,PPT1059A,Bay10-N-18,263,294,228,66,31,True,True,ALLOCATED,-118.85
454,194,H1088,7,BQM4853A,Bay48-N-3,618,646,225,421,28,True,True,ALLOCATED,-829.2
455,184,H1088,54,PPT0807A,Bay8-S-13,212,239,225,14,27,True,True,ALLOCATED,-15.65
498,183,H1087,63,PPT0862A,Bay8-N-24,179,201,220,0,22,True,True,ALLOCATED,16.97
499,193,H1088,35,PPT1011A,Bay10-S-21,268,290,220,70,22,True,True,ALLOCATED,-126.54
377,102,H1088,8,BQM4503A,Bay45-S-3,599,651,251,400,52,True,True,ALLOCATED,-787.42
402,101,H1087,57,PPT0810A,Bay8-S-19,345,394,249,145,49,True,True,ALLOCATED,-278.29
436,112,H1088,2,BQM4803A,Bay48-S-3,606,636,230,406,30,True,True,ALLOCATED,-799.78
484,623,H1088,15,PPT0051A,0东-2,329,344,228,116,15,True,True,ALLOCATED,-219.01
485,633,H1088,16,PPT0052A,0东-4,277,292,228,64,15,True,True,ALLOCATED,-115.01
489,155,H1088,14,PPT0004A,0西-7,243,265,224,41,22,True,True,ALLOCATED,-69.72
476,623,H1087,56,PPT0809A,Bay8-S-17,243,258,229,29,15,True,True,ALLOCATED,-45.14
477,633,H1087,45,PPT1058A,Bay10-N-16,199,214,229,0,15,True,True,ALLOCATED,16.14
456,671,H1088,40,PPT1053A,Bay10-N-6,279,304,228,76,25,True,True,ALLOCATED,-138.54
495,144,H1087,55,PPT0808A,Bay8-S-15,190,210,223,0,20,True,True,ALLOCATED,14.16
490,154,H1088,30,PPT1006A,Bay10-S-11,438,458,224,234,20,True,True,ALLOCATED,-455.56
478,642,H1087,25,PPT1001A,Bay10-S-1,226,242,229,13,16,True,True,ALLOCATED,-12.73
479,652,H1087,3,BQM4808A,Bay48-S-8,202,218,229,0,16,True,True,ALLOCATED,16.87
486,145,H1088,14,PPT0004A,0西-7,265,285,225,60,20,True,True,ALLOCATED,-108.43
473,642,H1088,4,BQM4810A,Bay48-S-10,343,359,230,129,16,True,True,ALLOCATED,-245.17
474,652,H1088,16,PPT0052A,0东-4,292,308,230,78,16,True,True,ALLOCATED,-142.89
408,801,H1088,7,BQM4853A,Bay48-N-3,646,683,247,436,37,True,True,ALLOCATED,-858.39
407,801,H1088,8,BQM4503A,Bay45-S-3,651,688,248,440,37,True,True,ALLOCATED,-866.06
441,836,H1088,11,PPT0001A,0西-1,267,300,229,71,33,True,True,ALLOCATED,-130.0
442,836,H1088,63,PPT0862A,Bay8-N-24,201,234,229,5,33,True,True,ALLOCATED,3.82
439,826,H1088,8,BQM4503A,Bay45-S-3,688,721,229,492,33,True,True,ALLOCATED,-970.89
440,826,H1088,4,BQM4810A,Bay48-S-10,359,392,229,163,33,True,True,ALLOCATED,-311.34
427,661,H1087,39,PPT1052A,Bay10-N-4,190,219,239,0,29,True,True,ALLOCATED,17.46
426,834,H1088,25,PPT1001A,Bay10-S-1,242,261,244,17,19,True,True,ALLOCATED,-22.74
425,824,H1088,20,PPT0056A,0东-12,328,347,244,103,19,True,True,ALLOCATED,-193.93
430,832,H1087,50,PPT0801A,Bay8-S-1,330,348,244,104,18,True,True,ALLOCATED,-196.9
431,833,H1087,23,PPT0059A,0东-18,234,252,244,8,18,True,True,ALLOCATED,-4.35
428,822,H1087,40,PPT1053A,Bay10-N-6,304,322,244,78,18,True,True,ALLOCATED,-143.13
429,823,H1087,26,PPT1002A,Bay10-S-3,198,216,244,0,18,True,True,ALLOCATED,17.9
434,803,H1087,15,PPT0051A,0东-2,344,376,231,145,32,True,True,ALLOCATED,-276.68
437,292,H1088,26,PPT1002A,Bay10-S-3,216,250,236,14,34,True,True,ALLOCATED,-13.95
444,282,H1087,49,PPT1062A,Bay10-N-24,245,277,234,43,32,True,True,ALLOCATED,-72.42
443,282,H1087,26,PPT1002A,Bay10-S-3,250,282,235,47,32,True,True,ALLOCATED,-80.42
435,292,H1088,18,PPT0054A,0东-8,392,425,237,188,33,True,True,ALLOCATED,-362.15
415,836,H1087,16,PPT0052A,0东-4,308,339,241,98,31,True,True,ALLOCATED,-184.0
414,826,H1087,8,BQM4503A,Bay45-S-3,721,752,241,511,31,True,True,ALLOCATED,-1008.89
398,825,H1087,8,BQM4503A,Bay45-S-3,752,785,258,527,33,True,True,ALLOCATED,-1042.17
465,653,H1087,35,PPT1011A,Bay10-S-21,290,306,231,75,16,True,True,ALLOCATED,-137.24
464,643,H1087,38,PPT1051A,Bay10-N-2,226,242,231,11,16,True,True,ALLOCATED,-9.03
492,834,H1087,28,PPT1004A,Bay10-S-7,241,263,226,37,22,True,True,ALLOCATED,-62.74
491,824,H1087,61,PPT0859A,Bay8-N-18,336,358,226,132,22,True,True,ALLOCATED,-252.03
488,834,H1088,45,PPT1058A,Bay10-N-16,214,236,227,9,22,True,True,ALLOCATED,-6.74
487,824,H1088,57,PPT0810A,Bay8-S-19,394,416,227,189,22,True,True,ALLOCATED,-366.03
390,182,H1088,60,PPT0858A,Bay8-N-16,199,240,260,0,41,True,True,ALLOCATED,15.28
458,653,H1088,42,PPT1055A,Bay10-N-10,216,231,232,0,15,True,True,ALLOCATED,12.68
457,643,H1088,40,PPT1053A,Bay10-N-6,322,337,232,105,15,True,True,ALLOCATED,-197.03
378,123,H1088,14,PPT0004A,0西-7,285,328,263,65,43,True,True,ALLOCATED,-115.65
379,133,H1087,8,BQM4503A,Bay45-S-3,785,828,263,565,43,True,True,ALLOCATED,-1116.61
394,833,H1088,7,BQM4853A,Bay48-N-3,683,713,261,452,30,True,True,ALLOCATED,-891.52
393,823,H1088,52,PPT0803A,Bay8-S-5,276,306,261,45,30,True,True,ALLOCATED,-76.26
403,824,H1088,7,BQM4853A,Bay48-N-3,713,747,250,497,34,True,True,ALLOCATED,-981.22
515,833,H1088,43,PPT1056A,Bay10-N-12,473,488,222,266,15,True,True,ALLOCATED,-520.44
475,823,H1087,43,PPT1056A,Bay10-N-12,488,509,231,278,21,True,True,ALLOCATED,-543.1
413,834,H1087,59,PPT0857A,Bay8-N-14,203,236,241,0,33,True,True,ALLOCATED,14.82
508,833,H1087,57,PPT0810A,Bay8-S-19,416,431,223,208,15,True,True,ALLOCATED,-404.59
330,110,H1088,18,PPT0054A,0东-8,425,479,277,202,54,True,True,ALLOCATED,-393.12
466,823,H1087,34,PPT1010A,Bay10-S-19,592,613,232,381,21,True,True,ALLOCATED,-748.77
373,192,H1088,55,PPT0808A,Bay8-S-15,210,251,266,0,41,True,True,ALLOCATED,14.77
417,643,H1087,31,PPT1007A,Bay10-S-13,229,248,248,0,19,True,True,ALLOCATED,13.3
416,642,H1087,30,PPT1006A,Bay10-S-11,458,477,248,229,19,True,True,ALLOCATED,-444.73
412,653,H1087,28,PPT1004A,Bay10-S-7,263,282,251,31,19,True,True,ALLOCATED,-49.52
411,652,H1087,56,PPT0809A,Bay8-S-17,258,277,251,26,19,True,True,ALLOCATED,-39.03
400,832,H1087,64,PPT0863A,Bay8-N-26,300,324,261,63,24,True,True,ALLOCATED,-112.15
399,822,H1087,52,PPT0803A,Bay8-S-5,306,330,261,69,24,True,True,ALLOCATED,-124.64
351,111,H1087,8,BQM4503A,Bay45-S-3,828,872,272,600,44,True,True,ALLOCATED,-1187.95
381,633,H1087,19,PPT0055A,0东-10,208,246,266,0,38,True,True,ALLOCATED,16.99
380,623,H1087,18,PPT0054A,0东-8,479,517,266,251,38,True,True,ALLOCATED,-488.79
372,835,H1088,22,PPT0058A,0东-16,285,317,268,49,32,True,True,ALLOCATED,-86.14
395,845,H1087,33,PPT1009A,Bay10-S-17,209,240,260,0,31,True,True,ALLOCATED,17.18
353,801,H1087,7,BQM4853A,Bay48-N-3,747,794,276,518,47,True,True,ALLOCATED,-1023.27
385,855,H1087,53,PPT0804A,Bay8-S-7,210,241,262,0,31,True,True,ALLOCATED,16.2
422,231,H1088,43,PPT1056A,Bay10-N-12,509,526,247,279,17,True,True,ALLOCATED,-546.44
421,221,H1088,64,PPT0863A,Bay8-N-26,324,341,247,94,17,True,True,ALLOCATED,-176.3
357,103,H1088,2,BQM4803A,Bay48-S-3,636,679,274,405,43,True,True,ALLOCATED,-796.9
382,683,H1087,39,PPT1052A,Bay10-N-4,219,251,265,0,32,True,True,ALLOCATED,16.09
383,693,H1087,28,PPT1004A,Bay10-S-7,282,314,265,49,32,True,True,ALLOCATED,-84.71
386,643,H1087,25,PPT1001A,Bay10-S-1,261,287,267,20,26,True,True,ALLOCATED,-26.47
384,653,H1087,48,PPT1061A,Bay10-N-22,215,241,268,0,26,True,True,ALLOCATED,18.18
410,835,H1088,44,PPT1057A,Bay10-N-14,280,305,248,57,25,True,True,ALLOCATED,-102.43
409,825,H1088,18,PPT0054A,0东-8,517,542,248,294,25,True,True,ALLOCATED,-574.14
392,632,H1088,22,PPT0058A,0东-16,317,346,267,79,29,True,True,ALLOCATED,-144.43
391,622,H1088,12,PPT0002A,0西-3,294,323,267,56,29,True,True,ALLOCATED,-97.98
324,101,H1088,8,BQM4503A,Bay45-S-3,872,902,295,607,30,True,True,ALLOCATED,-1201.92
325,101,H1088,2,BQM4803A,Bay48-S-3,679,709,295,414,30,True,True,ALLOCATED,-816.09
360,193,H1088,4,BQM4810A,Bay48-S-10,392,427,279,148,35,True,True,ALLOCATED,-281.45
363,124,H1087,18,PPT0054A,0东-8,542,574,277,297,32,True,True,ALLOCATED,-580.47
361,183,H1088,19,PPT0055A,0东-10,246,279,279,0,33,True,True,ALLOCATED,12.46
374,662,H1088,31,PPT1007A,Bay10-S-13,248,275,273,2,27,True,True,ALLOCATED,10.06
375,672,H1088,11,PPT0001A,0西-1,300,327,273,54,27,True,True,ALLOCATED,-94.52
356,134,H1088,64,PPT0863A,Bay8-N-26,341,374,280,94,33,True,True,ALLOCATED,-173.86
387,191,H1088,37,PPT1013A,Bay10-S-25,227,250,270,0,23,True,True,ALLOCATED,15.49
401,104,H1087,25,PPT1001A,Bay10-S-1,287,302,262,40,15,True,True,ALLOCATED,-67.82
362,125,H1088,20,PPT0056A,0东-12,347,378,279,99,31,True,True,ALLOCATED,-184.63
376,181,H1088,20,PPT0056A,0东-12,378,402,272,130,24,True,True,ALLOCATED,-248.01
388,162,H1088,31,PPT1007A,Bay10-S-13,275,296,269,27,21,True,True,ALLOCATED,-42.07
389,172,H1088,44,PPT1057A,Bay10-N-14,305,326,269,57,21,True,True,ALLOCATED,-101.13
405,132,H1088,22,PPT0058A,0东-16,346,360,262,98,14,True,True,ALLOCATED,-184.74
404,122,H1088,48,PPT1061A,Bay10-N-22,241,255,262,0,14,True,True,ALLOCATED,13.43
358,135,H1088,13,PPT0003A,0西-5,250,281,280,1,31,True,True,ALLOCATED,12.28
364,194,H1087,4,BQM4810A,Bay48-S-10,427,455,277,178,28,True,True,ALLOCATED,-341.42
369,143,H1087,41,PPT1054A,Bay10-N-8,229,254,274,0,25,True,True,ALLOCATED,15.8
370,153,H1087,46,PPT1059A,Bay10-N-18,294,319,274,45,25,True,True,ALLOCATED,-76.92
340,631,H1088,25,PPT1001A,Bay10-S-1,302,339,288,51,37,True,True,ALLOCATED,-88.12
339,621,H1088,13,PPT0003A,0西-5,281,318,288,30,37,True,True,ALLOCATED,-45.8
365,184,H1087,59,PPT0857A,Bay8-N-14,236,262,277,0,26,True,True,ALLOCATED,15.35
396,161,H1087,17,PPT0053A,0东-6,236,254,269,0,18,True,True,ALLOCATED,14.71
397,171,H1087,64,PPT0863A,Bay8-N-26,374,392,269,123,18,True,True,ALLOCATED,-234.13
336,694,H1087,62,PPT0861A,Bay8-N-22,232,267,293,0,35,True,True,ALLOCATED,18.34
333,684,H1087,25,PPT1001A,Bay10-S-1,339,374,294,80,35,True,True,ALLOCATED,-146.32
354,221,H1087,54,PPT0807A,Bay8-S-13,239,251,297,0,12,True,True,ALLOCATED,18.63
355,221,H1088,4,BQM4810A,Bay48-S-10,455,467,297,170,12,True,True,ALLOCATED,-326.37
349,231,H1087,57,PPT0810A,Bay8-S-19,431,445,297,148,14,True,True,ALLOCATED,-283.4
350,231,H1087,31,PPT1007A,Bay10-S-13,296,310,297,13,14,True,True,ALLOCATED,-12.83
341,112,H1088,62,PPT0861A,Bay8-N-22,267,297,286,11,30,True,True,ALLOCATED,-8.35
368,155,H1087,42,PPT1055A,Bay10-N-10,236,259,279,0,23,True,True,ALLOCATED,16.4
359,671,H1088,34,PPT1010A,Bay10-S-19,613,638,283,355,25,True,True,ALLOCATED,-696.15
371,144,H1088,18,PPT0054A,0东-8,574,593,277,316,19,True,True,ALLOCATED,-620.37
342,122,H1088,28,PPT1004A,Bay10-S-7,314,330,292,38,16,True,True,ALLOCATED,-63.63
343,122,H1088,42,PPT1055A,Bay10-N-10,259,275,292,0,16,True,True,ALLOCATED,15.77
344,132,H1088,31,PPT1007A,Bay10-S-13,310,326,292,34,16,True,True,ALLOCATED,-54.79
345,132,H1088,32,PPT1008A,Bay10-S-15,238,254,292,0,16,True,True,ALLOCATED,18.21
346,103,H1088,2,BQM4803A,Bay48-S-3,709,725,292,433,16,True,True,ALLOCATED,-852.98
347,103,H1087,8,BQM4503A,Bay45-S-3,902,918,292,626,16,True,True,ALLOCATED,-1238.71
366,145,H1087,14,PPT0004A,0西-7,328,348,280,68,20,True,True,ALLOCATED,-124.43
367,154,H1087,55,PPT0808A,Bay8-S-15,251,271,280,0,20,True,True,ALLOCATED,14.02
266,654,H1088,40,PPT1053A,Bay10-N-6,337,368,310,58,31,True,True,ALLOCATED,-102.38
265,644,H1088,2,BQM4803A,Bay48-S-3,725,756,310,446,31,True,True,ALLOCATED,-879.71
279,111,H1088,7,BQM4853A,Bay48-N-3,794,819,305,514,25,True,True,ALLOCATED,-1015.97
280,111,H1088,8,BQM4503A,Bay45-S-3,918,943,305,638,25,True,True,ALLOCATED,-1263.79
292,825,H1088,7,BQM4853A,Bay48-N-3,819,849,299,550,30,True,True,ALLOCATED,-1088.32
307,632,H1088,13,PPT0003A,0西-5,318,332,305,27,14,True,True,ALLOCATED,-41.25
308,632,H1088,3,BQM4808A,Bay48-S-8,241,255,305,0,14,True,True,ALLOCATED,19.13
326,622,H1088,36,PPT1012A,Bay10-S-23,378,391,303,88,13,True,True,ALLOCATED,-162.79
327,622,H1088,50,PPT0801A,Bay8-S-1,348,361,303,58,13,True,True,ALLOCATED,-103.37
288,833,H1087,7,BQM4853A,Bay48-N-3,849,879,303,576,30,True,True,ALLOCATED,-1139.63
287,823,H1087,62,PPT0861A,Bay8-N-22,297,327,303,24,30,True,True,ALLOCATED,-34.26
213,101,H1088,7,BQM4853A,Bay48-N-3,879,909,321,588,30,True,True,ALLOCATED,-1164.09
214,101,H1088,2,BQM4803A,Bay48-S-3,756,786,321,465,30,True,True,ALLOCATED,-918.09
348,661,H1087,48,PPT1061A,Bay10-N-22,255,280,290,0,25,True,True,ALLOCATED,15.46
221,144,H1087,56,PPT0809A,Bay8-S-17,277,300,321,0,23,True,True,ALLOCATED,17.33
222,144,H1087,47,PPT1060A,Bay10-N-20,245,268,321,0,23,True,True,ALLOCATED,18.44
223,154,H1087,11,PPT0001A,0西-1,327,350,321,29,23,True,True,ALLOCATED,-44.21
224,154,H1087,28,PPT1004A,Bay10-S-7,330,353,321,32,23,True,True,ALLOCATED,-50.02
332,824,H1087,8,BQM4503A,Bay45-S-3,943,973,292,681,30,True,True,ALLOCATED,-1348.97
281,183,H1088,13,PPT0003A,0西-5,332,353,310,43,21,True,True,ALLOCATED,-74.34
282,183,H1088,64,PPT0863A,Bay8-N-26,392,413,310,103,21,True,True,ALLOCATED,-194.42
283,193,H1087,14,PPT0004A,0西-7,348,369,310,59,21,True,True,ALLOCATED,-105.03
284,193,H1087,57,PPT0810A,Bay8-S-19,445,466,310,156,21,True,True,ALLOCATED,-299.17
229,124,H1088,35,PPT1011A,Bay10-S-21,306,328,318,10,22,True,True,ALLOCATED,-6.29
230,124,H1088,36,PPT1012A,Bay10-S-23,391,413,318,95,22,True,True,ALLOCATED,-176.29
231,134,H1088,2,BQM4803A,Bay48-S-3,786,808,318,490,22,True,True,ALLOCATED,-967.83
232,134,H1088,8,BQM4503A,Bay45-S-3,973,995,318,677,22,True,True,ALLOCATED,-1341.64
352,834,H1087,50,PPT0801A,Bay8-S-1,361,391,283,108,30,True,True,ALLOCATED,-202.37
296,832,H1088,14,PPT0004A,0西-7,369,393,303,90,24,True,True,ALLOCATED,-166.15
295,822,H1088,28,PPT1004A,Bay10-S-7,353,377,303,74,24,True,True,ALLOCATED,-134.31
317,143,H1087,44,PPT1057A,Bay10-N-14,326,347,300,47,21,True,True,ALLOCATED,-81.29
318,143,H1087,64,PPT0863A,Bay8-N-26,413,434,300,134,21,True,True,ALLOCATED,-255.54
319,153,H1087,4,BQM4810A,Bay48-S-10,467,488,300,188,21,True,True,ALLOCATED,-362.83
320,153,H1087,14,PPT0004A,0西-7,393,414,300,114,21,True,True,ALLOCATED,-214.51
289,845,H1087,50,PPT0801A,Bay8-S-1,391,423,301,122,32,True,True,ALLOCATED,-231.4
241,835,H1087,16,PPT0052A,0东-4,339,371,309,62,32,True,True,ALLOCATED,-112.33
285,855,H1087,55,PPT0808A,Bay8-S-15,271,302,303,0,31,True,True,ALLOCATED,12.06
329,835,H1088,63,PPT0862A,Bay8-N-24,252,271,298,0,19,True,True,ALLOCATED,17.85
328,825,H1088,49,PPT1062A,Bay10-N-24,277,296,298,0,19,True,True,ALLOCATED,14.46
310,835,H1088,27,PPT1003A,Bay10-S-5,253,273,300,0,20,True,True,ALLOCATED,16.57
309,825,H1088,30,PPT1006A,Bay10-S-11,477,497,300,197,20,True,True,ALLOCATED,-379.94
338,832,H1087,10,BQM4202A,Bay42-S-2,253,269,300,0,16,True,True,ALLOCATED,16.49
337,822,H1087,23,PPT0059A,0东-18,253,269,300,0,16,True,True,ALLOCATED,18.04
246,683,H1088,45,PPT1058A,Bay10-N-16,254,288,309,0,34,True,True,ALLOCATED,17.49
247,693,H1088,9,BQM4504A,Bay45-S-4,254,288,309,0,34,True,True,ALLOCATED,17.34
267,283,H1087,43,PPT1056A,Bay10-N-12,526,556,311,245,30,True,True,ALLOCATED,-476.86
251,293,H1087,8,BQM4503A,Bay45-S-3,995,1025,312,713,30,True,True,ALLOCATED,-1413.03
252,293,H1087,7,BQM4853A,Bay48-N-3,909,939,312,627,30,True,True,ALLOCATED,-1241.27
335,832,H1087,14,PPT0004A,0西-7,414,430,301,129,16,True,True,ALLOCATED,-246.85
334,822,H1087,33,PPT1009A,Bay10-S-17,254,270,301,0,16,True,True,ALLOCATED,18.19
311,621,H1088,14,PPT0004A,0西-7,430,444,305,139,14,True,True,ALLOCATED,-266.3
312,621,H1088,60,PPT0858A,Bay8-N-16,254,268,305,0,14,True,True,ALLOCATED,16.62
305,631,H1087,15,PPT0051A,0东-2,376,389,306,83,13,True,True,ALLOCATED,-154.0
306,631,H1087,31,PPT1007A,Bay10-S-13,326,339,306,33,13,True,True,ALLOCATED,-53.66
200,801,H1088,8,BQM4503A,Bay45-S-3,1025,1069,318,751,44,True,True,ALLOCATED,-1488.49
248,283,H1088,43,PPT1056A,Bay10-N-12,556,587,313,274,31,True,True,ALLOCATED,-534.86
286,643,H1087,11,PPT0001A,0西-1,350,376,308,68,26,True,True,ALLOCATED,-122.64
255,273,H1087,17,PPT0053A,0东-6,255,280,314,0,25,True,True,ALLOCATED,18.24
256,273,H1087,56,PPT0809A,Bay8-S-17,300,325,314,11,25,True,True,ALLOCATED,-8.9
253,263,H1087,25,PPT1001A,Bay10-S-1,374,399,314,85,25,True,True,ALLOCATED,-156.1
254,263,H1087,45,PPT1058A,Bay10-N-16,288,313,314,0,25,True,True,ALLOCATED,14.1
269,653,H1087,40,PPT1053A,Bay10-N-6,368,394,309,85,26,True,True,ALLOCATED,-156.82
270,803,H1087,27,PPT1003A,Bay10-S-5,273,302,304,0,29,True,True,ALLOCATED,13.69
268,803,H1087,48,PPT1061A,Bay10-N-22,280,309,305,4,29,True,True,ALLOCATED,5.1
243,231,H1088,11,PPT0001A,0西-1,376,390,322,68,14,True,True,ALLOCATED,-123.28
244,231,H1088,31,PPT1007A,Bay10-S-13,339,353,322,31,14,True,True,ALLOCATED,-48.83
257,221,H1087,30,PPT1006A,Bay10-S-11,497,508,322,186,11,True,True,ALLOCATED,-358.41
258,221,H1087,62,PPT0861A,Bay8-N-22,327,338,322,16,11,True,True,ALLOCATED,-18.55
313,102,H1088,9,BQM4504A,Bay45-S-4,288,308,297,11,20,True,True,ALLOCATED,-7.66
314,102,H1088,4,BQM4810A,Bay48-S-10,488,508,297,211,20,True,True,ALLOCATED,-408.05
227,272,H1088,17,PPT0053A,0东-6,280,312,322,0,32,True,True,ALLOCATED,14.96
228,272,H1088,38,PPT1051A,Bay10-N-2,261,293,322,0,32,True,True,ALLOCATED,18.11
225,262,H1087,36,PPT1012A,Bay10-S-23,413,445,322,123,32,True,True,ALLOCATED,-232.5
226,262,H1087,47,PPT1060A,Bay10-N-20,268,300,322,0,32,True,True,ALLOCATED,17.55
233,122,H1088,62,PPT0861A,Bay8-N-22,338,355,318,37,17,True,True,ALLOCATED,-61.85
234,122,H1088,40,PPT1053A,Bay10-N-6,394,411,318,93,17,True,True,ALLOCATED,-173.63
235,132,H1087,65,PPT0864A,Bay8-N-28,263,280,318,0,17,True,True,ALLOCATED,17.63
236,132,H1087,34,PPT1010A,Bay10-S-19,638,655,318,337,17,True,True,ALLOCATED,-660.79
297,182,H1088,28,PPT1004A,Bay10-S-7,377,395,307,88,18,True,True,ALLOCATED,-164.36
298,182,H1088,22,PPT0058A,0东-16,360,378,307,71,18,True,True,ALLOCATED,-130.17
299,192,H1087,33,PPT1009A,Bay10-S-17,270,288,307,0,18,True,True,ALLOCATED,15.21
300,192,H1087,35,PPT1011A,Bay10-S-21,328,346,307,39,18,True,True,ALLOCATED,-66.59
237,103,H1087,8,BQM4503A,Bay45-S-3,1069,1085,318,767,16,True,True,ALLOCATED,-1520.71
238,103,H1087,2,BQM4803A,Bay48-S-3,808,824,318,506,16,True,True,ALLOCATED,-998.98
205,632,H1087,26,PPT1002A,Bay10-S-3,282,296,330,0,14,True,True,ALLOCATED,17.89
206,632,H1087,34,PPT1010A,Bay10-S-19,655,669,330,339,14,True,True,ALLOCATED,-664.79
180,111,H1088,7,BQM4853A,Bay48-N-3,939,963,331,632,24,True,True,ALLOCATED,-1251.97
181,111,H1088,2,BQM4803A,Bay48-S-3,824,848,331,517,24,True,True,ALLOCATED,-1021.97
271,623,H1087,54,PPT0807A,Bay8-S-13,267,282,314,0,15,True,True,ALLOCATED,17.86
272,623,H1087,48,PPT1061A,Bay10-N-22,309,324,314,10,15,True,True,ALLOCATED,-6.86
273,633,H1087,17,PPT0053A,0东-6,312,327,314,13,15,True,True,ALLOCATED,-13.01
274,633,H1087,30,PPT1006A,Bay10-S-11,508,523,314,209,15,True,True,ALLOCATED,-404.86
215,622,H1088,46,PPT1059A,Bay10-N-18,319,331,328,3,12,True,True,ALLOCATED,6.89
216,622,H1088,64,PPT0863A,Bay8-N-26,434,446,328,118,12,True,True,ALLOCATED,-223.37
198,801,H1088,8,BQM4503A,Bay45-S-3,1085,1119,326,793,34,True,True,ALLOCATED,-1572.06
199,801,H1088,8,BQM4503A,Bay45-S-3,1119,1153,326,827,34,True,True,ALLOCATED,-1640.06
301,123,H1087,34,PPT1010A,Bay10-S-19,669,692,301,391,23,True,True,ALLOCATED,-769.27
302,123,H1087,26,PPT1002A,Bay10-S-3,296,319,301,18,23,True,True,ALLOCATED,-23.54
303,133,H1087,2,BQM4803A,Bay48-S-3,848,871,301,570,23,True,True,ALLOCATED,-1128.06
304,133,H1087,7,BQM4853A,Bay48-N-3,963,986,301,685,23,True,True,ALLOCATED,-1358.06
275,642,H1088,24,PPT0060A,0东-20,269,285,314,0,16,True,True,ALLOCATED,18.46
276,642,H1088,61,PPT0859A,Bay8-N-18,358,374,314,60,16,True,True,ALLOCATED,-107.03
277,652,H1088,23,PPT0059A,0东-18,269,285,314,0,16,True,True,ALLOCATED,18.46
278,652,H1088,36,PPT1012A,Bay10-S-23,445,461,314,147,16,True,True,ALLOCATED,-280.37
152,144,H1088,13,PPT0003A,0西-5,353,377,346,31,24,True,True,ALLOCATED,-48.72
153,144,H1088,37,PPT1013A,Bay10-S-25,269,293,346,0,24,True,True,ALLOCATED,18.82
154,154,H1088,25,PPT1001A,Bay10-S-1,399,423,346,77,24,True,True,ALLOCATED,-140.02
155,154,H1087,15,PPT0051A,0东-2,389,413,346,67,24,True,True,ALLOCATED,-120.21
219,271,H1087,30,PPT1006A,Bay10-S-11,523,555,322,233,32,True,True,ALLOCATED,-452.44
220,271,H1087,13,PPT0003A,0西-5,377,409,322,87,32,True,True,ALLOCATED,-160.61
217,261,H1088,21,PPT0057A,0东-14,326,358,322,36,32,True,True,ALLOCATED,-58.17
218,261,H1088,20,PPT0056A,0东-12,402,434,322,112,32,True,True,ALLOCATED,-210.17
162,124,H1087,22,PPT0058A,0东-16,378,401,343,58,23,True,True,ALLOCATED,-102.47
163,124,H1088,19,PPT0055A,0东-10,279,302,343,0,23,True,True,ALLOCATED,18.18
164,134,H1088,2,BQM4803A,Bay48-S-3,871,894,343,551,23,True,True,ALLOCATED,-1089.83
165,134,H1088,8,BQM4503A,Bay45-S-3,1153,1176,343,833,23,True,True,ALLOCATED,-1653.64
260,836,H1088,59,PPT0857A,Bay8-N-14,272,301,308,0,29,True,True,ALLOCATED,13.31
259,826,H1088,4,BQM4810A,Bay48-S-10,508,537,308,229,29,True,True,ALLOCATED,-443.34
184,183,H1088,19,PPT0055A,0东-10,302,323,335,0,21,True,True,ALLOCATED,14.06
185,183,H1088,22,PPT0058A,0东-16,401,422,335,87,21,True,True,ALLOCATED,-162.16
186,193,H1088,30,PPT1006A,Bay10-S-11,555,576,335,241,21,True,True,ALLOCATED,-468.89
187,193,H1087,57,PPT0810A,Bay8-S-19,466,487,335,152,21,True,True,ALLOCATED,-291.17
250,836,H1088,61,PPT0859A,Bay8-N-18,374,403,309,94,29,True,True,ALLOCATED,-176.09
249,826,H1088,7,BQM4853A,Bay48-N-3,986,1015,309,706,29,True,True,ALLOCATED,-1399.15
171,694,H1087,42,PPT1055A,Bay10-N-10,275,312,337,0,37,True,True,ALLOCATED,18.68
170,684,H1088,11,PPT0001A,0西-1,390,427,338,89,37,True,True,ALLOCATED,-164.5
207,143,H1087,30,PPT1006A,Bay10-S-11,576,597,326,271,21,True,True,ALLOCATED,-529.29
208,143,H1087,34,PPT1010A,Bay10-S-19,692,713,326,387,21,True,True,ALLOCATED,-760.99
209,153,H1087,11,PPT0001A,0西-1,427,448,326,122,21,True,True,ALLOCATED,-230.51
210,153,H1087,62,PPT0861A,Bay8-N-22,355,376,326,50,21,True,True,ALLOCATED,-86.67
290,112,H1087,14,PPT0004A,0西-7,444,461,305,156,17,True,True,ALLOCATED,-299.85
291,112,H1088,13,PPT0003A,0西-5,409,426,305,121,17,True,True,ALLOCATED,-229.85
239,292,H1087,18,PPT0054A,0东-8,593,625,318,307,32,True,True,ALLOCATED,-600.15
240,292,H1087,34,PPT1010A,Bay10-S-19,713,745,318,427,32,True,True,ALLOCATED,-839.5
245,282,H1088,12,PPT0002A,0西-3,323,353,316,37,30,True,True,ALLOCATED,-60.59
322,834,H1087,38,PPT1051A,Bay10-N-2,293,312,304,8,19,True,True,ALLOCATED,-4.74
321,824,H1087,22,PPT0058A,0东-16,422,441,304,137,19,True,True,ALLOCATED,-261.7
242,282,H1087,19,PPT0055A,0东-10,323,353,317,36,30,True,True,ALLOCATED,-58.59
316,834,H1087,64,PPT0863A,Bay8-N-26,446,465,305,160,19,True,True,ALLOCATED,-308.86
315,824,H1087,48,PPT1061A,Bay10-N-22,324,343,305,38,19,True,True,ALLOCATED,-63.83
176,263,H1087,34,PPT1010A,Bay10-S-19,745,769,338,431,24,True,True,ALLOCATED,-847.67
177,263,H1087,45,PPT1058A,Bay10-N-16,313,337,338,0,24,True,True,ALLOCATED,14.1
203,621,H1087,61,PPT0859A,Bay8-N-18,403,417,331,86,14,True,True,ALLOCATED,-160.38
204,621,H1087,42,PPT1055A,Bay10-N-10,312,326,331,0,14,True,True,ALLOCATED,12.79
201,631,H1088,48,PPT1061A,Bay10-N-22,343,356,332,24,13,True,True,ALLOCATED,-35.9
202,631,H1088,10,BQM4202A,Bay42-S-2,280,293,332,0,13,True,True,ALLOCATED,17.6
139,283,H1087,61,PPT0859A,Bay8-N-18,417,451,351,100,34,True,True,ALLOCATED,-187.15
140,293,H1087,8,BQM4503A,Bay45-S-3,1176,1210,351,859,34,True,True,ALLOCATED,-1705.03
172,273,H1087,46,PPT1059A,Bay10-N-18,331,356,340,16,25,True,True,ALLOCATED,-18.59
173,273,H1087,46,PPT1059A,Bay10-N-18,356,381,340,41,25,True,True,ALLOCATED,-68.59
188,101,H1087,2,BQM4803A,Bay48-S-3,894,926,328,598,32,True,True,ALLOCATED,-1184.09
120,654,H1088,31,PPT1007A,Bay10-S-13,353,390,358,32,37,True,True,ALLOCATED,-49.97
119,644,H1088,2,BQM4803A,Bay48-S-3,926,963,358,605,37,True,True,ALLOCATED,-1197.71
146,282,H1087,50,PPT0801A,Bay8-S-1,423,456,351,105,33,True,True,ALLOCATED,-196.74
147,292,H1088,31,PPT1007A,Bay10-S-13,390,423,351,72,33,True,True,ALLOCATED,-129.5
189,231,H1087,13,PPT0003A,0西-5,426,448,340,108,22,True,True,ALLOCATED,-203.28
331,833,H1087,34,PPT1010A,Bay10-S-19,769,784,303,481,15,True,True,ALLOCATED,-950.27
294,823,H1088,47,PPT1060A,Bay10-N-20,300,318,309,9,18,True,True,ALLOCATED,-5.1
263,653,H1088,21,PPT0057A,0东-14,358,373,316,57,15,True,True,ALLOCATED,-101.64
264,653,H1088,51,PPT0802A,Bay8-S-3,283,298,316,0,15,True,True,ALLOCATED,15.86
261,643,H1088,28,PPT1004A,Bay10-S-7,395,410,316,94,15,True,True,ALLOCATED,-175.03
262,643,H1088,31,PPT1007A,Bay10-S-13,423,438,316,122,15,True,True,ALLOCATED,-230.7
169,221,H1088,31,PPT1007A,Bay10-S-13,438,462,351,111,24,True,True,ALLOCATED,-208.23
323,833,H1088,40,PPT1053A,Bay10-N-6,411,427,305,122,16,True,True,ALLOCATED,-232.44
293,823,H1088,50,PPT0801A,Bay8-S-1,456,474,310,164,18,True,True,ALLOCATED,-315.36
141,631,H1087,12,PPT0002A,0西-3,353,364,355,9,11,True,True,ALLOCATED,-6.0
211,102,H1088,52,PPT0803A,Bay8-S-5,330,349,322,27,19,True,True,ALLOCATED,-39.85
212,102,H1088,19,PPT0055A,0东-10,353,372,322,50,19,True,True,ALLOCATED,-85.66
150,272,H1088,28,PPT1004A,Bay10-S-7,410,444,350,94,34,True,True,ALLOCATED,-174.89
151,272,H1088,18,PPT0054A,0东-8,625,659,350,309,34,True,True,ALLOCATED,-605.04
148,262,H1088,38,PPT1051A,Bay10-N-2,312,346,350,0,34,True,True,ALLOCATED,13.95
149,262,H1088,18,PPT0054A,0东-8,659,693,350,343,34,True,True,ALLOCATED,-673.0
142,621,H1087,35,PPT1011A,Bay10-S-21,346,356,355,1,10,True,True,ALLOCATED,9.99
161,111,H1087,7,BQM4853A,Bay48-N-3,1015,1043,341,702,28,True,True,ALLOCATED,-1391.97
157,133,H1087,7,BQM4853A,Bay48-N-3,1043,1073,344,729,30,True,True,ALLOCATED,-1446.06
145,123,H1087,36,PPT1012A,Bay10-S-23,461,491,348,143,30,True,True,ALLOCATED,-273.27
182,623,H1088,36,PPT1012A,Bay10-S-23,491,507,339,168,16,True,True,ALLOCATED,-322.51
183,623,H1088,20,PPT0056A,0东-12,434,450,339,111,16,True,True,ALLOCATED,-209.01
190,182,H1087,25,PPT1001A,Bay10-S-1,423,442,335,107,19,True,True,ALLOCATED,-202.54
191,182,H1087,45,PPT1058A,Bay10-N-16,337,356,335,21,19,True,True,ALLOCATED,-30.45
192,192,H1087,3,BQM4808A,Bay48-S-8,292,311,335,0,19,True,True,ALLOCATED,16.61
193,192,H1087,34,PPT1010A,Bay10-S-19,784,803,335,468,19,True,True,ALLOCATED,-924.59
178,633,H1087,64,PPT0863A,Bay8-N-26,465,480,340,140,15,True,True,ALLOCATED,-267.14
179,633,H1088,65,PPT0864A,Bay8-N-28,293,308,340,0,15,True,True,ALLOCATED,17.86
156,102,H1087,40,PPT1053A,Bay10-N-6,427,470,343,127,43,True,True,ALLOCATED,-239.44
194,123,H1087,15,PPT0051A,0东-2,413,438,329,109,25,True,True,ALLOCATED,-205.66
195,123,H1088,37,PPT1013A,Bay10-S-25,295,320,329,0,25,True,True,ALLOCATED,14.53
196,133,H1088,2,BQM4803A,Bay48-S-3,963,988,329,659,25,True,True,ALLOCATED,-1306.06
197,133,H1088,2,BQM4803A,Bay48-S-3,988,1013,329,684,25,True,True,ALLOCATED,-1356.06
135,271,H1088,40,PPT1053A,Bay10-N-6,470,506,351,155,36,True,True,ALLOCATED,-296.44
136,271,H1088,18,PPT0054A,0东-8,693,729,351,378,36,True,True,ALLOCATED,-742.61
133,261,H1088,4,BQM4810A,Bay48-S-10,537,573,351,222,36,True,True,ALLOCATED,-430.52
134,261,H1088,9,BQM4504A,Bay45-S-4,308,344,351,0,36,True,True,ALLOCATED,15.23
166,122,H1088,30,PPT1006A,Bay10-S-11,597,628,345,283,31,True,True,ALLOCATED,-553.63
167,132,H1088,50,PPT0801A,Bay8-S-1,474,505,345,160,31,True,True,ALLOCATED,-307.37
132,273,H1088,11,PPT0001A,0西-1,448,479,355,124,31,True,True,ALLOCATED,-234.76
131,263,H1088,13,PPT0003A,0西-5,448,479,356,123,31,True,True,ALLOCATED,-232.29
158,632,H1087,32,PPT1008A,Bay10-S-15,299,318,350,0,19,True,True,ALLOCATED,18.21
117,124,H1088,33,PPT1009A,Bay10-S-17,300,339,362,0,39,True,True,ALLOCATED,18.31
118,134,H1088,7,BQM4853A,Bay48-N-3,1073,1112,362,750,39,True,True,ALLOCATED,-1487.83
129,143,H1087,21,PPT0057A,0东-14,373,410,357,53,37,True,True,ALLOCATED,-93.42
130,153,H1087,36,PPT1012A,Bay10-S-23,507,544,357,187,37,True,True,ALLOCATED,-359.93
168,112,H1088,13,PPT0003A,0西-5,479,500,340,160,21,True,True,ALLOCATED,-307.85
159,622,H1087,34,PPT1010A,Bay10-S-19,803,820,350,470,17,True,True,ALLOCATED,-926.79
174,112,H1087,61,PPT0859A,Bay8-N-18,451,472,336,136,21,True,True,ALLOCATED,-259.95
175,112,H1087,18,PPT0054A,0东-8,729,750,336,414,21,True,True,ALLOCATED,-815.85
107,271,H1087,20,PPT0056A,0东-12,450,487,369,118,37,True,True,ALLOCATED,-222.61
106,261,H1088,11,PPT0001A,0西-1,479,516,369,147,37,True,True,ALLOCATED,-280.17
143,182,H1087,13,PPT0003A,0西-5,500,521,355,166,21,True,True,ALLOCATED,-320.7
144,192,H1087,34,PPT1010A,Bay10-S-19,820,841,355,486,21,True,True,ALLOCATED,-960.59
99,154,H1088,22,PPT0058A,0东-16,441,486,373,113,45,True,True,ALLOCATED,-211.79
114,144,H1087,49,PPT1062A,Bay10-N-24,306,342,364,0,36,True,True,ALLOCATED,17.84
123,835,H1087,43,PPT1056A,Bay10-N-12,587,610,358,252,23,True,True,ALLOCATED,-492.43
124,835,H1087,45,PPT1058A,Bay10-N-16,356,379,358,21,23,True,True,ALLOCATED,-30.43
121,825,H1088,20,PPT0056A,0东-12,487,510,358,152,23,True,True,ALLOCATED,-290.14
122,825,H1088,36,PPT1012A,Bay10-S-23,544,567,358,209,23,True,True,ALLOCATED,-403.49
160,103,H1087,2,BQM4803A,Bay48-S-3,1013,1043,348,695,30,True,True,ALLOCATED,-1376.98
35,801,H1088,2,BQM4803A,Bay48-S-3,1043,1108,396,712,65,True,True,ALLOCATED,-1410.39
127,832,H1087,7,BQM4853A,Bay48-N-3,1112,1132,364,768,20,True,True,ALLOCATED,-1525.36
128,832,H1087,20,PPT0056A,0东-12,510,530,364,166,20,True,True,ALLOCATED,-320.85
125,822,H1087,19,PPT0055A,0东-10,372,392,364,28,20,True,True,ALLOCATED,-43.26
126,822,H1087,65,PPT0864A,Bay8-N-28,313,333,364,0,20,True,True,ALLOCATED,17.61
82,293,H1088,2,BQM4803A,Bay48-S-3,1108,1144,379,765,36,True,True,ALLOCATED,-1517.27
83,293,H1088,8,BQM4503A,Bay45-S-3,1210,1246,379,867,36,True,True,ALLOCATED,-1721.03
137,623,H1088,22,PPT0058A,0东-16,486,505,356,149,19,True,True,ALLOCATED,-284.67
138,633,H1088,41,PPT1054A,Bay10-N-8,315,334,356,0,19,True,True,ALLOCATED,17.54
84,283,H1088,49,PPT1062A,Bay10-N-24,342,378,379,0,36,True,True,ALLOCATED,13.34
85,283,H1087,52,PPT0803A,Bay8-S-5,349,385,379,6,36,True,True,ALLOCATED,0.85
90,803,H1087,21,PPT0057A,0东-14,410,445,370,75,35,True,True,ALLOCATED,-137.42
91,803,H1087,20,PPT0056A,0东-12,530,565,370,195,35,True,True,ALLOCATED,-377.23
94,272,H1087,26,PPT1002A,Bay10-S-3,319,358,378,0,39,True,True,ALLOCATED,17.11
93,262,H1087,14,PPT0004A,0西-7,461,500,378,122,39,True,True,ALLOCATED,-231.0
115,183,H1088,34,PPT1010A,Bay10-S-19,841,868,365,503,27,True,True,ALLOCATED,-994.06
116,193,H1088,40,PPT1053A,Bay10-N-6,506,533,365,168,27,True,True,ALLOCATED,-322.89
80,101,H1088,2,BQM4803A,Bay48-S-3,1144,1182,377,805,38,True,True,ALLOCATED,-1598.09
33,283,H1087,57,PPT0810A,Bay8-S-19,487,526,401,125,39,True,True,ALLOCATED,-237.15
34,293,H1087,7,BQM4853A,Bay48-N-3,1132,1171,401,770,39,True,True,ALLOCATED,-1527.27
102,642,H1088,20,PPT0056A,0东-12,565,585,375,210,20,True,True,ALLOCATED,-406.89
103,642,H1088,45,PPT1058A,Bay10-N-16,379,399,375,24,20,True,True,ALLOCATED,-34.73
104,652,H1088,52,PPT0803A,Bay8-S-5,385,405,375,30,20,True,True,ALLOCATED,-47.03
105,652,H1088,13,PPT0003A,0西-5,521,541,375,166,20,True,True,ALLOCATED,-318.89
7,801,H1087,8,BQM4503A,Bay45-S-3,1246,1313,414,899,67,True,True,ALLOCATED,-1784.06
40,282,H1088,57,PPT0810A,Bay8-S-19,526,562,401,161,36,True,True,ALLOCATED,-308.74
41,292,H1088,47,PPT1060A,Bay10-N-20,329,365,401,0,36,True,True,ALLOCATED,19.05
81,231,H1088,12,PPT0002A,0西-3,364,388,389,0,24,True,True,ALLOCATED,12.92
58,221,H1087,46,PPT1059A,Bay10-N-18,381,406,400,6,25,True,True,ALLOCATED,1.19
88,836,H1087,21,PPT0057A,0东-14,445,480,374,106,35,True,True,ALLOCATED,-200.0
89,836,H1087,18,PPT0054A,0东-8,750,785,374,411,35,True,True,ALLOCATED,-810.0
86,826,H1087,4,BQM4810A,Bay48-S-10,573,608,374,234,35,True,True,ALLOCATED,-453.34
87,826,H1087,8,BQM4503A,Bay45-S-3,1313,1348,374,974,35,True,True,ALLOCATED,-1934.89
36,801,H1088,2,BQM4803A,Bay48-S-3,1182,1221,396,825,39,True,True,ALLOCATED,-1636.39
37,801,H1088,8,BQM4503A,Bay45-S-3,1348,1387,396,991,39,True,True,ALLOCATED,-1968.06
54,133,H1087,7,BQM4853A,Bay48-N-3,1171,1205,391,814,34,True,True,ALLOCATED,-1616.06
49,123,H1088,18,PPT0054A,0东-8,785,819,395,424,34,True,True,ALLOCATED,-835.66
38,631,H1088,23,PPT0059A,0东-18,334,345,404,0,11,True,True,ALLOCATED,17.22
57,111,H1087,8,BQM4503A,Bay45-S-3,1387,1416,388,1028,29,True,True,ALLOCATED,-2043.79
64,836,H1087,23,PPT0059A,0东-18,345,379,384,0,34,True,True,ALLOCATED,13.22
63,826,H1087,20,PPT0056A,0东-12,585,619,384,235,34,True,True,ALLOCATED,-455.0
79,803,H1088,11,PPT0001A,0西-1,516,551,377,174,35,True,True,ALLOCATED,-335.6
67,834,H1087,21,PPT0057A,0东-14,480,502,392,110,22,True,True,ALLOCATED,-208.8
66,824,H1087,42,PPT1055A,Bay10-N-10,337,359,392,0,22,True,True,ALLOCATED,17.17
39,621,H1088,43,PPT1056A,Bay10-N-12,610,620,404,216,10,True,True,ALLOCATED,-420.21
70,832,H1087,13,PPT0003A,0西-5,541,562,392,170,21,True,True,ALLOCATED,-328.85
71,833,H1087,63,PPT0862A,Bay8-N-24,338,359,392,0,21,True,True,ALLOCATED,17.83
68,822,H1087,4,BQM4810A,Bay48-S-10,608,629,392,237,21,True,True,ALLOCATED,-461.51
69,823,H1087,60,PPT0858A,Bay8-N-16,338,359,392,0,21,True,True,ALLOCATED,17.64
50,102,H1088,56,PPT0809A,Bay8-S-17,339,386,392,0,47,True,True,ALLOCATED,15.35
97,653,H1087,45,PPT1058A,Bay10-N-16,399,418,379,39,19,True,True,ALLOCATED,-65.52
98,653,H1087,36,PPT1012A,Bay10-S-23,567,586,379,207,19,True,True,ALLOCATED,-401.24
95,643,H1087,15,PPT0051A,0东-2,438,457,379,78,19,True,True,ALLOCATED,-143.17
96,643,H1087,64,PPT0863A,Bay8-N-26,480,499,379,120,19,True,True,ALLOCATED,-227.3
73,292,H1088,50,PPT0801A,Bay8-S-1,505,541,388,153,36,True,True,ALLOCATED,-292.32
74,292,H1088,65,PPT0864A,Bay8-N-28,344,380,388,0,36,True,True,ALLOCATED,15.28
59,122,H1087,20,PPT0056A,0东-12,619,650,391,259,31,True,True,ALLOCATED,-505.74
60,132,H1087,40,PPT1053A,Bay10-N-6,533,564,391,173,31,True,True,ALLOCATED,-333.11
77,282,H1088,34,PPT1010A,Bay10-S-19,868,903,387,516,35,True,True,ALLOCATED,-1018.02
78,282,H1088,18,PPT0054A,0东-8,819,854,387,467,35,True,True,ALLOCATED,-920.59
45,273,H1088,23,PPT0059A,0东-18,379,409,400,9,30,True,True,ALLOCATED,-4.4
42,263,H1088,50,PPT0801A,Bay8-S-1,541,571,401,170,30,True,True,ALLOCATED,-326.46
110,834,H1087,22,PPT0058A,0东-16,505,527,374,153,22,True,True,ALLOCATED,-294.67
111,834,H1087,30,PPT1006A,Bay10-S-11,628,650,374,276,22,True,True,ALLOCATED,-540.74
108,824,H1087,59,PPT0857A,Bay8-N-14,346,368,374,0,22,True,True,ALLOCATED,13.17
109,824,H1087,29,PPT1005A,Bay10-S-9,346,368,374,0,22,True,True,ALLOCATED,13.37
22,143,H1087,33,PPT1009A,Bay10-S-17,346,385,404,0,39,True,True,ALLOCATED,16.81
23,153,H1087,48,PPT1061A,Bay10-N-22,356,395,404,0,39,True,True,ALLOCATED,15.47
13,124,H1087,34,PPT1010A,Bay10-S-19,903,940,407,533,37,True,True,ALLOCATED,-1052.29
14,134,H1087,7,BQM4853A,Bay48-N-3,1205,1242,407,835,37,True,True,ALLOCATED,-1657.83
72,112,H1088,63,PPT0862A,Bay8-N-24,359,380,385,0,21,True,True,ALLOCATED,15.1
76,643,H1088,33,PPT1009A,Bay10-S-17,385,404,390,14,19,True,True,ALLOCATED,-14.7
75,642,H1088,54,PPT0807A,Bay8-S-13,347,366,390,0,19,True,True,ALLOCATED,17.77
62,653,H1087,36,PPT1012A,Bay10-S-23,586,605,393,212,19,True,True,ALLOCATED,-411.24
61,652,H1087,57,PPT0810A,Bay8-S-19,562,581,393,188,19,True,True,ALLOCATED,-363.03
51,632,H1088,59,PPT0857A,Bay8-N-14,368,387,399,0,19,True,True,ALLOCATED,15.03
112,833,H1087,10,BQM4202A,Bay42-S-2,350,367,372,0,17,True,True,ALLOCATED,12.92
113,833,H1087,39,PPT1052A,Bay10-N-4,350,367,372,0,17,True,True,ALLOCATED,12.56
100,823,H1088,56,PPT0809A,Bay8-S-17,386,407,379,28,21,True,True,ALLOCATED,-43.36
101,823,H1088,29,PPT1005A,Bay10-S-9,368,389,379,10,21,True,True,ALLOCATED,-7.1
4,154,H1087,25,PPT1001A,Bay10-S-1,442,489,420,69,47,True,True,ALLOCATED,-124.02
12,144,H1087,34,PPT1010A,Bay10-S-19,940,976,409,567,36,True,True,ALLOCATED,-1120.18
46,182,H1088,2,BQM4803A,Bay48-S-3,1221,1242,402,840,21,True,True,ALLOCATED,-1668.79
47,192,H1088,3,BQM4808A,Bay48-S-8,351,372,402,0,21,True,True,ALLOCATED,16.81
52,622,H1088,3,BQM4808A,Bay48-S-8,372,389,399,0,17,True,True,ALLOCATED,16.13
48,803,H1088,15,PPT0051A,0东-2,457,492,392,100,35,True,True,ALLOCATED,-187.79
6,271,H1087,61,PPT0859A,Bay8-N-18,472,509,418,91,37,True,True,ALLOCATED,-168.76
5,261,H1087,21,PPT0057A,0东-14,502,539,418,121,37,True,True,ALLOCATED,-228.17
25,834,H1087,20,PPT0056A,0东-12,650,672,407,265,22,True,True,ALLOCATED,-518.8
24,824,H1087,28,PPT1004A,Bay10-S-7,444,466,407,59,22,True,True,ALLOCATED,-105.83
29,832,H1087,19,PPT0055A,0东-10,392,413,407,6,21,True,True,ALLOCATED,-0.85
30,833,H1087,3,BQM4808A,Bay48-S-8,389,410,407,3,21,True,True,ALLOCATED,6.22
26,822,H1087,29,PPT1005A,Bay10-S-9,389,410,407,3,21,True,True,ALLOCATED,6.87
27,823,H1087,58,PPT0811A,Bay8-S-21,353,374,407,0,21,True,True,ALLOCATED,17.64
53,103,H1088,7,BQM4853A,Bay48-N-3,1242,1274,396,878,32,True,True,ALLOCATED,-1742.98
19,836,H1087,20,PPT0056A,0东-12,672,706,404,302,34,True,True,ALLOCATED,-592.0
18,826,H1087,4,BQM4810A,Bay48-S-10,629,663,404,259,34,True,True,ALLOCATED,-503.45
56,835,H1087,2,BQM4803A,Bay48-S-3,1242,1269,392,877,27,True,True,ALLOCATED,-1743.17
55,825,H1087,52,PPT0803A,Bay8-S-5,405,432,392,40,27,True,True,ALLOCATED,-66.31
43,623,H1088,22,PPT0058A,0东-16,527,546,403,143,19,True,True,ALLOCATED,-272.67
44,633,H1088,13,PPT0003A,0西-5,562,581,403,178,19,True,True,ALLOCATED,-343.01
10,183,H1087,10,BQM4202A,Bay42-S-2,367,394,412,0,27,True,True,ALLOCATED,15.75
11,193,H1087,40,PPT1053A,Bay10-N-6,564,591,412,179,27,True,True,ALLOCATED,-344.89
32,643,H1087,23,PPT0059A,0东-18,409,426,406,20,17,True,True,ALLOCATED,-26.86
31,642,H1087,48,PPT1061A,Bay10-N-22,395,412,406,6,17,True,True,ALLOCATED,1.27
21,653,H1087,46,PPT1059A,Bay10-N-18,406,423,409,14,17,True,True,ALLOCATED,-15.52
20,652,H1087,14,PPT0004A,0西-7,500,517,409,108,17,True,True,ALLOCATED,-202.89
2,272,H1087,46,PPT1059A,Bay10-N-18,423,462,427,35,39,True,True,ALLOCATED,-56.89
1,262,H1087,55,PPT0808A,Bay8-S-15,367,406,427,0,39,True,True,ALLOCATED,17.07
9,835,H1087,23,PPT0059A,0东-18,426,453,412,41,27,True,True,ALLOCATED,-70.34
8,825,H1087,46,PPT1059A,Bay10-N-18,462,489,412,77,27,True,True,ALLOCATED,-139.94
