seq_id,primary_area,secondary_area,platen_id,platen_name,dimensions,crane_capacity_ton,height_limit_m,subcontractor_team,assigned_block_type,block_type,platen_type,notes,platen_length_m,platen_width_m,platen_area_m2
1,Curved-Bay,Bay-48m,BQM4801A,Bay48-S-1,5*10,240,9.0,MZ,110.0,,Fixed,,10.0,5.0,50.0
2,Curved-Bay,Bay-48m,BQM4802A,Bay48-S-2,5*10,240,9.0,MZ,110.0,,Fixed,,10.0,5.0,50.0
3,Curved-Bay,Bay-48m,BQM4803A,Bay48-S-3,36*21,240,9.0,MZ,,,General,,36.0,21.0,756.0
8,Curved-Bay,Bay-48m,BQM4808A,Bay48-S-8,20*14,240,9.0,MZ,111.0,,Fixed,,20.0,14.0,280.0
10,Curved-Bay,Bay-48m,BQM4810A,Bay48-S-10,22*21,240,9.0,MZ,,,General,,22.0,21.0,462.0
11,Curved-Bay,Bay-48m,BQM4851A,Bay48-N-1,5*10,240,9.0,HN,110.0,,Fixed,,10.0,5.0,50.0
12,Curved-Bay,Bay-48m,BQM4852A,Bay48-N-2,5*10,240,9.0,HN,110.0,,Fixed,,10.0,5.0,50.0
13,Curved-Bay,Bay-48m,BQM4853A,Bay48-N-3,36*21,240,9.0,HN,,CURVED,General,,36.0,21.0,756.0
22,Curved-Bay,Bay-45m,BQM4503A,Bay45-S-3,33*21,240,9.0,ZH,,FLAT,General,,33.0,21.0,693.0
23,Curved-Bay,Bay-45m,BQM4504A,Bay45-S-4,20*21,240,9.0,ZH,,FLAT,General,,21.0,20.0,420.0
37,Curved-Bay,Bay-42m,BQM4202A,Bay42-S-2,18*18,240,9.0,YT,,,General,,18.0,18.0,324.0
38,Platform-1,Platform-0,PPT0001A,0西-1,20*21,270,9.0,MZ,,,General,Platform-1,21.0,20.0,420.0
39,Platform-1,Platform-0,PPT0002A,0西-3,20*21,270,9.0,MZ,,,General,,21.0,20.0,420.0
40,Platform-1,Platform-0,PPT0003A,0西-5,20*21,270,9.0,MZ,,CURVED,Fixed,,21.0,20.0,420.0
41,Platform-1,Platform-0,PPT0004A,0西-7,20*21,270,9.0,MZ,,CURVED,Fixed,,21.0,20.0,420.0
49,Platform-1,Platform-0,PPT0051A,0东-2,20*21,270,9.0,MZ,,FLAT,General,,21.0,20.0,420.0
50,Platform-1,Platform-0,PPT0052A,0东-4,20*21,270,9.0,MZ,,FLAT,General,,21.0,20.0,420.0
51,Platform-1,Platform-0,PPT0053A,0东-6,20*21,270,9.0,MZ,,,General,,21.0,20.0,420.0
52,Platform-1,Platform-0,PPT0054A,0东-8,20*21,270,9.0,MZ,,CURVED,Fixed,,21.0,20.0,420.0
53,Platform-1,Platform-0,PPT0055A,0东-10,20*21,270,9.0,MZ,,CURVED,Fixed,,21.0,20.0,420.0
54,Platform-1,Platform-0,PPT0056A,0东-12,20*21,270,9.0,QS,,FLAT,General,,21.0,20.0,420.0
55,Platform-1,Platform-0,PPT0057A,0东-14,20*21,270,9.0,QS,,FLAT,General,,21.0,20.0,420.0
56,Platform-1,Platform-0,PPT0058A,0东-16,18*21,270,9.0,QS,,FLAT,General,,21.0,18.0,378.0
57,Platform-1,Platform-0,PPT0059A,0东-18,18*21,270,9.0,QS,,FLAT,General,,21.0,18.0,378.0
58,Platform-1,Platform-0,PPT0060A,0东-20,18*21,270,9.0,QS,,FLAT,General,,21.0,18.0,378.0
59,Platform-1,Platform-10,PPT1001A,Bay10-S-1,20*20,280,9.0,Yard-ZH,,FLAT,General,,20.0,20.0,400.0
60,Platform-1,Platform-10,PPT1002A,Bay10-S-3,20*20,280,9.0,Yard-ZH,,FLAT,General,,20.0,20.0,400.0
61,Platform-1,Platform-10,PPT1003A,Bay10-S-5,20*20,280,9.0,Yard-ZH,,,General,,20.0,20.0,400.0
62,Platform-1,Platform-10,PPT1004A,Bay10-S-7,20*20,280,9.0,Yard-ZH,,,General,,20.0,20.0,400.0
63,Platform-1,Platform-10,PPT1005A,Bay10-S-9,20*20,280,9.0,RH,,CURVED,Fixed,,20.0,20.0,400.0
64,Platform-1,Platform-10,PPT1006A,Bay10-S-11,20*20,280,9.0,RH,,CURVED,Fixed,,20.0,20.0,400.0
65,Platform-1,Platform-10,PPT1007A,Bay10-S-13,18*20,280,9.0,RH,,FLAT,General,,20.0,18.0,360.0
66,Platform-1,Platform-10,PPT1008A,Bay10-S-15,18*20,280,9.0,Yard-HN,,FLAT,General,,20.0,18.0,360.0
67,Platform-1,Platform-10,PPT1009A,Bay10-S-17,18*20,280,9.0,Yard-HN,,FLAT,General,,20.0,18.0,360.0
68,Platform-1,Platform-10,PPT1010A,Bay10-S-19,18*20,280,9.0,Yard-HN,,,General,,20.0,18.0,360.0
69,Platform-1,Platform-10,PPT1011A,Bay10-S-21,18*20,280,9.0,Yard-HN,,FLAT,General,,20.0,18.0,360.0
70,Platform-1,Platform-10,PPT1012A,Bay10-S-23,18*20,280,9.0,Yard-HN,,FLAT,General,,20.0,18.0,360.0
71,Platform-1,Platform-10,PPT1013A,Bay10-S-25,18*20,280,9.0,Yard-HN,,FLAT,General,,20.0,18.0,360.0
72,Platform-1,Platform-10,PPT1051A,Bay10-N-2,20*20,280,9.0,Yard-ZH,,CURVED,Fixed,,20.0,20.0,400.0
73,Platform-1,Platform-10,PPT1052A,Bay10-N-4,20*20,280,9.0,Yard-ZH,,CURVED,Fixed,,20.0,20.0,400.0
74,Platform-1,Platform-10,PPT1053A,Bay10-N-6,20*20,280,9.0,Yard-ZH,,,General,,20.0,20.0,400.0
75,Platform-1,Platform-10,PPT1054A,Bay10-N-8,20*20,280,9.0,Yard-ZH,,,General,,20.0,20.0,400.0
76,Platform-1,Platform-10,PPT1055A,Bay10-N-10,20*20,280,9.0,RH,,,General,,20.0,20.0,400.0
77,Platform-1,Platform-10,PPT1056A,Bay10-N-12,20*20,280,9.0,RH,,,General,,20.0,20.0,400.0
78,Platform-1,Platform-10,PPT1057A,Bay10-N-14,20*20,280,9.0,RH,,,General,,20.0,20.0,400.0
79,Platform-1,Platform-10,PPT1058A,Bay10-N-16,20*20,280,9.0,Yard-HN,,CURVED,Fixed,,20.0,20.0,400.0
80,Platform-1,Platform-10,PPT1059A,Bay10-N-18,20*20,280,9.0,Yard-HN,,CURVED,Fixed,,20.0,20.0,400.0
81,Platform-1,Platform-10,PPT1060A,Bay10-N-20,20*20,280,9.0,Yard-HN,,,General,,20.0,20.0,400.0
82,Platform-1,Platform-10,PPT1061A,Bay10-N-22,20*20,280,9.0,Yard-HN,,,General,,20.0,20.0,400.0
83,Platform-1,Platform-10,PPT1062A,Bay10-N-24,20*20,280,9.0,Yard-HN,,,General,,20.0,20.0,400.0
84,Mega-Assembly,Platform-8,PPT0801A,Bay8-S-1,20*22,350,9.0,HY,,FLAT,General,Mega-Assembly,22.0,20.0,440.0
85,Mega-Assembly,Platform-8,PPT0802A,Bay8-S-3,20*22,350,9.0,HY,,FLAT,General,,22.0,20.0,440.0
86,Mega-Assembly,Platform-8,PPT0803A,Bay8-S-5,20*22,350,9.0,HY,,FLAT,General,,22.0,20.0,440.0
87,Mega-Assembly,Platform-8,PPT0804A,Bay8-S-7,20*22,350,9.0,XZY,,,General,,22.0,20.0,440.0
90,Mega-Assembly,Platform-8,PPT0807A,Bay8-S-13,20*22,350,9.0,XZY,,FLAT,General,,22.0,20.0,440.0
91,Mega-Assembly,Platform-8,PPT0808A,Bay8-S-15,20*22,350,9.0,HL,,,General,,22.0,20.0,440.0
92,Mega-Assembly,Platform-8,PPT0809A,Bay8-S-17,20*22,350,9.0,HL,,,General,,22.0,20.0,440.0
93,Mega-Assembly,Platform-8,PPT0810A,Bay8-S-19,20*22,350,9.0,HL,,FLAT,General,,22.0,20.0,440.0
94,Mega-Assembly,Platform-8,PPT0811A,Bay8-S-21,20*22,350,9.0,HL,,FLAT,General,,22.0,20.0,440.0
104,Mega-Assembly,Platform-8,PPT0857A,Bay8-N-14,20*22,350,9.0,HL,,CURVED,Fixed,,22.0,20.0,440.0
105,Mega-Assembly,Platform-8,PPT0858A,Bay8-N-16,20*22,350,9.0,HL,,CURVED,Fixed,,22.0,20.0,440.0
106,Mega-Assembly,Platform-8,PPT0859A,Bay8-N-18,20*22,350,9.0,HL,,,General,,22.0,20.0,440.0
108,Mega-Assembly,Platform-8,PPT0861A,Bay8-N-22,20*22,350,9.0,HY,,,General,,22.0,20.0,440.0
109,Mega-Assembly,Platform-8,PPT0862A,Bay8-N-24,10*22,350,9.0,MZ,111.0,,Fixed,,22.0,10.0,220.0
110,Mega-Assembly,Platform-8,PPT0863A,Bay8-N-26,20*22,350,9.0,机动,,,General,,22.0,20.0,440.0
111,Mega-Assembly,Platform-8,PPT0864A,Bay8-N-28,20*22,350,9.0,机动,,,General,,22.0,20.0,440.0
