seq_id,block_id,ship_id,platen_idx,platen_id,platen_name,planned_start_day,planned_end_day,due_day,delay_days,lead_time_days,is_feasible,reward
762,801,H1088,8,BQM4503A,Bay45-S-3,71,105,129,0,34,True,18.74
406,801,H1088,8,BQM4503A,Bay45-S-3,174,232,250,0,58,True,17.54
408,801,H1088,2,BQM4803A,Bay48-S-3,186,223,247,0,37,True,18.41
407,801,H1088,2,BQM4803A,Bay48-S-3,223,260,248,12,37,True,-10.39
198,801,H1088,8,BQM4503A,Bay45-S-3,268,302,326,0,34,True,18.74
199,801,H1088,2,BQM4803A,Bay48-S-3,268,302,326,0,34,True,18.41
35,801,H1088,8,BQM4503A,Bay45-S-3,313,378,396,0,65,True,17.54
7,801,H1087,2,BQM4803A,Bay48-S-3,329,396,414,0,67,True,17.21
36,801,H1088,8,BQM4503A,Bay45-S-3,378,417,396,21,39,True,-28.06
37,801,H1088,2,BQM4803A,Bay48-S-3,396,435,396,39,39,True,-64.39
200,801,H1088,8,BQM4503A,Bay45-S-3,417,461,318,143,44,True,-272.49
794,192,H1088,2,BQM4803A,Bay48-S-3,435,477,116,361,42,True,-708.87
684,192,H1087,8,BQM4503A,Bay45-S-3,461,501,166,335,40,True,-656.58
379,133,H1087,2,BQM4803A,Bay48-S-3,477,520,263,257,43,True,-500.89
467,103,H1088,2,BQM4803A,Bay48-S-3,520,560,217,343,40,True,-672.9
357,103,H1088,2,BQM4803A,Bay48-S-3,560,603,274,329,43,True,-644.9
862,103,H1087,8,BQM4503A,Bay45-S-3,501,552,104,448,51,True,-882.71
676,103,H1088,8,BQM4503A,Bay45-S-3,552,568,171,397,16,True,-780.71
677,103,H1088,8,BQM4503A,Bay45-S-3,568,584,171,413,16,True,-812.71
572,103,H1087,8,BQM4503A,Bay45-S-3,584,610,201,409,26,True,-804.71
346,103,H1088,2,BQM4803A,Bay48-S-3,603,619,292,327,16,True,-640.98
347,103,H1087,8,BQM4503A,Bay45-S-3,610,626,292,334,16,True,-654.71
237,103,H1087,2,BQM4803A,Bay48-S-3,619,635,318,317,16,True,-620.98
238,103,H1087,8,BQM4503A,Bay45-S-3,626,642,318,324,16,True,-634.71
160,103,H1087,2,BQM4803A,Bay48-S-3,635,665,348,317,30,True,-620.98
53,103,H1088,8,BQM4503A,Bay45-S-3,642,674,396,278,32,True,-542.71
822,826,H1088,4,BQM4810A,Bay48-S-10,21,74,100,0,53,True,19.9
660,826,H1088,4,BQM4810A,Bay48-S-10,99,154,166,0,55,True,17.3
480,826,H1087,4,BQM4810A,Bay48-S-10,154,208,214,0,54,True,16.1
726,133,H1088,2,BQM4803A,Bay48-S-3,665,707,152,555,42,True,-1097.04
799,826,H1087,4,BQM4810A,Bay48-S-10,208,237,112,125,29,True,-235.34
439,826,H1088,4,BQM4810A,Bay48-S-10,237,270,229,41,33,True,-67.34
440,826,H1088,4,BQM4810A,Bay48-S-10,270,303,229,74,33,True,-133.34
414,826,H1087,4,BQM4810A,Bay48-S-10,303,334,241,93,31,True,-171.34
259,826,H1088,4,BQM4810A,Bay48-S-10,334,363,308,55,29,True,-95.34
249,826,H1088,4,BQM4810A,Bay48-S-10,363,392,309,83,29,True,-151.34
86,826,H1087,4,BQM4810A,Bay48-S-10,392,427,374,53,35,True,-91.34
87,826,H1087,4,BQM4810A,Bay48-S-10,427,462,374,88,35,True,-161.34
454,194,H1088,4,BQM4810A,Bay48-S-10,462,490,225,265,28,True,-515.42
364,194,H1087,4,BQM4810A,Bay48-S-10,490,518,277,241,28,True,-467.42
446,193,H1087,4,BQM4810A,Bay48-S-10,518,553,226,327,35,True,-639.45
360,193,H1088,4,BQM4810A,Bay48-S-10,553,588,279,309,35,True,-603.45
63,826,H1087,9,BQM4504A,Bay45-S-4,336,370,384,0,34,True,17.8
18,826,H1087,9,BQM4504A,Bay45-S-4,370,404,404,0,34,True,15.0
403,824,H1088,8,BQM4503A,Bay45-S-3,674,708,250,458,34,True,-902.97
332,824,H1087,8,BQM4503A,Bay45-S-3,708,738,292,446,30,True,-878.97
353,801,H1087,2,BQM4803A,Bay48-S-3,707,754,276,478,47,True,-943.27
811,293,H1087,8,BQM4503A,Bay45-S-3,738,769,114,655,31,True,-1297.03
539,293,H1087,2,BQM4803A,Bay48-S-3,754,785,209,576,31,True,-1139.27
450,293,H1087,8,BQM4503A,Bay45-S-3,769,799,228,571,30,True,-1129.03
445,293,H1087,2,BQM4803A,Bay48-S-3,785,816,230,586,31,True,-1159.27
251,293,H1087,8,BQM4503A,Bay45-S-3,799,829,312,517,30,True,-1021.03
252,293,H1087,2,BQM4803A,Bay48-S-3,816,846,312,534,30,True,-1055.27
140,293,H1087,8,BQM4503A,Bay45-S-3,829,863,351,512,34,True,-1011.03
82,293,H1088,2,BQM4803A,Bay48-S-3,846,882,379,503,36,True,-993.27
83,293,H1088,8,BQM4503A,Bay45-S-3,863,899,379,520,36,True,-1027.03
34,293,H1087,2,BQM4803A,Bay48-S-3,882,921,401,520,39,True,-1027.27
792,154,H1088,8,BQM4503A,Bay45-S-3,899,939,115,824,40,True,-1635.06
692,154,H1088,2,BQM4803A,Bay48-S-3,921,960,160,800,39,True,-1587.31
851,144,H1088,8,BQM4503A,Bay45-S-3,939,954,102,852,15,True,-1691.12
699,144,H1087,8,BQM4503A,Bay45-S-3,954,992,158,834,38,True,-1655.12
678,193,H1088,25,PPT1001A,Bay10-S-1,91,126,166,0,35,True,19.98
871,102,H1088,2,BQM4803A,Bay48-S-3,960,997,94,903,37,True,-1793.44
727,102,H1088,8,BQM4503A,Bay45-S-3,992,1027,150,877,35,True,-1741.21
728,102,H1088,2,BQM4803A,Bay48-S-3,997,1032,150,882,35,True,-1751.44
777,261,H1088,9,BQM4504A,Bay45-S-4,404,438,124,314,34,True,-613.41
637,261,H1087,9,BQM4504A,Bay45-S-4,438,472,180,292,34,True,-569.41
638,261,H1087,9,BQM4504A,Bay45-S-4,472,506,180,326,34,True,-637.41
820,133,H1088,50,PPT0801A,Bay8-S-1,65,94,107,0,29,True,16.94
707,133,H1088,50,PPT0801A,Bay8-S-1,102,130,155,0,28,True,19.34
708,133,H1088,50,PPT0801A,Bay8-S-1,130,158,155,3,28,True,8.34
769,124,H1087,9,BQM4504A,Bay45-S-4,506,531,128,403,25,True,-791.48
770,134,H1087,9,BQM4504A,Bay45-S-4,531,556,128,428,25,True,-841.48
656,124,H1087,9,BQM4504A,Bay45-S-4,556,582,174,408,26,True,-801.48
657,134,H1087,9,BQM4504A,Bay45-S-4,582,608,174,434,26,True,-853.48
634,124,H1088,11,PPT0001A,0西-1,130,156,181,0,26,True,19.52
635,134,H1087,11,PPT0001A,0西-1,156,182,181,1,26,True,12.53
821,123,H1088,11,PPT0001A,0西-1,182,211,107,104,29,True,-193.5
705,123,H1087,11,PPT0001A,0西-1,211,239,155,84,28,True,-153.5
706,123,H1087,11,PPT0001A,0西-1,239,267,155,112,28,True,-209.5
394,833,H1088,8,BQM4503A,Bay45-S-3,1027,1057,261,796,30,True,-1579.3
600,293,H1088,25,PPT1001A,Bay10-S-1,126,169,177,0,43,True,16.21
424,293,H1088,25,PPT1001A,Bay10-S-1,169,212,231,0,43,True,18.41
757,284,H1088,25,PPT1001A,Bay10-S-1,212,284,126,158,72,True,-301.4
758,294,H1088,26,PPT1002A,Bay10-S-3,0,71,125,0,71,True,19.6
596,294,H1088,26,PPT1002A,Bay10-S-3,94,139,179,0,45,True,19.6
589,284,H1087,26,PPT1002A,Bay10-S-3,139,184,180,4,45,True,6.6
420,294,H1088,26,PPT1002A,Bay10-S-3,184,229,231,0,45,True,15.0
419,284,H1088,26,PPT1002A,Bay10-S-3,229,274,232,42,45,True,-69.4
526,123,H1087,27,PPT1003A,Bay10-S-5,147,186,206,0,39,True,18.57
378,123,H1088,27,PPT1003A,Bay10-S-5,200,243,263,0,43,True,18.57
844,102,H1087,27,PPT1003A,Bay10-S-5,243,264,102,162,21,True,-309.44
652,102,H1087,27,PPT1003A,Bay10-S-5,264,284,173,111,20,True,-207.44
653,102,H1087,28,PPT1004A,Bay10-S-7,136,156,173,0,20,True,17.96
567,102,H1088,28,PPT1004A,Bay10-S-7,156,194,197,0,38,True,15.16
313,102,H1088,28,PPT1004A,Bay10-S-7,260,280,297,0,20,True,17.96
314,102,H1088,29,PPT1005A,Bay10-S-9,260,280,297,0,20,True,17.96
211,102,H1088,25,PPT1001A,Bay10-S-1,286,305,322,0,19,True,17.96
212,102,H1088,26,PPT1002A,Bay10-S-3,286,305,322,0,19,True,17.96
156,102,H1087,27,PPT1003A,Bay10-S-5,294,337,343,0,43,True,15.76
50,102,H1088,25,PPT1001A,Bay10-S-1,339,386,392,0,47,True,15.76
451,134,H1088,30,PPT1006A,Bay10-S-11,171,204,224,0,33,True,18.55
356,134,H1088,30,PPT1006A,Bay10-S-11,227,260,280,0,33,True,18.55
453,135,H1088,30,PPT1006A,Bay10-S-11,260,290,225,65,30,True,-115.5
358,135,H1088,38,PPT1051A,Bay10-N-2,229,260,280,0,31,True,18.5
288,833,H1087,2,BQM4803A,Bay48-S-3,1032,1062,303,759,30,True,-1505.63
529,102,H1087,8,BQM4503A,Bay45-S-3,1057,1104,193,911,47,True,-1809.42
377,102,H1088,2,BQM4803A,Bay48-S-3,1062,1114,251,863,52,True,-1713.63
804,134,H1088,38,PPT1051A,Bay10-N-2,260,305,111,194,45,True,-373.53
712,134,H1088,39,PPT1052A,Bay10-N-4,100,144,154,0,44,True,16.47
843,834,H1087,8,BQM4503A,Bay45-S-3,1104,1129,105,1024,25,True,-2035.43
432,621,H1087,39,PPT1052A,Bay10-N-4,175,212,232,0,37,True,18.41
339,621,H1088,39,PPT1052A,Bay10-N-4,231,268,288,0,37,True,18.41
595,283,H1088,39,PPT1052A,Bay10-N-4,268,311,180,131,43,True,-247.65
418,283,H1087,40,PPT1053A,Bay10-N-6,158,202,234,0,44,True,19.35
265,644,H1088,2,BQM4803A,Bay48-S-3,1114,1145,310,835,31,True,-1657.71
119,644,H1088,8,BQM4503A,Bay45-S-3,1129,1166,358,808,37,True,-1603.51
716,834,H1087,2,BQM4803A,Bay48-S-3,1145,1171,156,1015,26,True,-2017.73
400,832,H1087,50,PPT0801A,Bay8-S-1,206,230,261,0,24,True,18.85
530,622,H1087,31,PPT1007A,Bay10-S-13,162,191,211,0,29,True,18.69
391,622,H1088,31,PPT1007A,Bay10-S-13,218,247,267,0,29,True,18.69
436,112,H1088,8,BQM4503A,Bay45-S-3,1166,1196,230,966,30,True,-1919.58
413,834,H1087,32,PPT1008A,Bay10-S-15,203,236,241,0,33,True,15.67
355,221,H1088,22,PPT0058A,0东-16,232,244,297,0,12,True,19.44
745,104,H1088,40,PPT1053A,Bay10-N-6,202,223,151,72,21,True,-129.84
847,272,H1087,22,PPT0058A,0东-16,244,279,105,174,35,True,-333.63
679,272,H1088,23,PPT0059A,0东-18,94,127,168,0,33,True,19.37
710,834,H1088,2,BQM4803A,Bay48-S-3,1171,1196,158,1038,25,True,-2063.82
393,823,H1088,50,PPT0801A,Bay8-S-1,230,260,261,0,30,True,13.94
287,823,H1087,50,PPT0801A,Bay8-S-1,260,290,303,0,30,True,16.34
761,134,H1088,8,BQM4503A,Bay45-S-3,1196,1244,132,1112,48,True,-2211.64
564,134,H1088,2,BQM4803A,Bay48-S-3,1196,1218,200,1018,22,True,-2023.83
565,134,H1088,2,BQM4803A,Bay48-S-3,1218,1240,200,1040,22,True,-2067.83
517,134,H1088,2,BQM4803A,Bay48-S-3,1240,1272,215,1057,32,True,-2101.83
231,134,H1088,8,BQM4503A,Bay45-S-3,1244,1266,318,948,22,True,-1883.64
232,134,H1088,8,BQM4503A,Bay45-S-3,1266,1288,318,970,22,True,-1927.64
164,134,H1088,2,BQM4803A,Bay48-S-3,1272,1295,343,952,23,True,-1891.83
165,134,H1088,8,BQM4503A,Bay45-S-3,1288,1311,343,968,23,True,-1923.64
118,134,H1088,2,BQM4803A,Bay48-S-3,1295,1334,362,972,39,True,-1931.83
14,134,H1087,8,BQM4503A,Bay45-S-3,1311,1348,407,941,37,True,-1869.64
812,803,H1087,23,PPT0059A,0东-18,127,157,108,49,30,True,-83.69
852,825,H1088,33,PPT1009A,Bay10-S-17,54,76,103,0,22,True,19.51
511,825,H1087,33,PPT1009A,Bay10-S-17,169,189,216,0,20,True,19.51
512,825,H1087,34,PPT1010A,Bay10-S-19,169,189,216,0,20,True,19.51
409,825,H1088,33,PPT1009A,Bay10-S-17,216,241,248,0,25,True,15.91
328,825,H1088,31,PPT1007A,Bay10-S-13,252,271,298,0,19,True,19.51
309,825,H1088,32,PPT1008A,Bay10-S-15,253,273,300,0,20,True,19.51
121,825,H1088,31,PPT1007A,Bay10-S-13,308,331,358,0,23,True,19.51
122,825,H1088,32,PPT1008A,Bay10-S-15,308,331,358,0,23,True,19.51
55,825,H1087,31,PPT1007A,Bay10-S-13,358,385,392,0,27,True,15.91
8,825,H1087,32,PPT1008A,Bay10-S-15,378,405,412,0,27,True,15.91
801,292,H1087,35,PPT1011A,Bay10-S-21,80,110,118,0,30,True,16.1
549,292,H1088,35,PPT1011A,Bay10-S-21,143,173,209,0,30,True,19.5
437,292,H1088,34,PPT1010A,Bay10-S-19,194,228,236,0,34,True,16.1
435,292,H1088,35,PPT1011A,Bay10-S-21,196,229,237,0,33,True,16.1
239,292,H1087,33,PPT1009A,Bay10-S-17,278,310,318,0,32,True,16.1
240,292,H1087,34,PPT1010A,Bay10-S-19,278,310,318,0,32,True,16.1
147,292,H1088,35,PPT1011A,Bay10-S-21,282,315,351,0,33,True,19.5
41,292,H1088,33,PPT1009A,Bay10-S-17,329,365,401,0,36,True,19.5
73,292,H1088,34,PPT1010A,Bay10-S-19,344,380,388,0,36,True,16.1
74,292,H1088,35,PPT1011A,Bay10-S-21,344,380,388,0,36,True,16.1
296,832,H1088,23,PPT0059A,0东-18,248,272,303,0,24,True,19.28
802,684,H1087,36,PPT1012A,Bay10-S-23,21,60,113,0,39,True,19.47
681,684,H1088,36,PPT1012A,Bay10-S-23,106,144,166,0,38,True,18.87
500,684,H1088,36,PPT1012A,Bay10-S-23,146,184,216,0,38,True,19.47
773,261,H1088,24,PPT0060A,0东-20,75,107,127,0,32,True,18.25
568,261,H1088,24,PPT0060A,0东-20,148,179,199,0,31,True,18.25
569,261,H1088,24,PPT0060A,0东-20,179,210,199,11,31,True,-7.75
482,261,H1087,24,PPT0060A,0东-20,210,241,223,18,31,True,-21.75
217,261,H1088,23,PPT0059A,0东-18,272,304,322,0,32,True,17.85
218,261,H1088,24,PPT0060A,0东-20,270,302,322,0,32,True,18.25
133,261,H1088,22,PPT0058A,0东-16,295,331,351,0,36,True,18.25
134,261,H1088,11,PPT0001A,0西-1,295,331,351,0,36,True,17.83
106,261,H1088,22,PPT0058A,0东-16,331,368,369,0,37,True,14.45
5,261,H1087,23,PPT0059A,0东-18,352,389,418,0,37,True,19.25
341,112,H1088,50,PPT0801A,Bay8-S-1,290,320,286,34,30,True,-54.35
354,221,H1087,36,PPT1012A,Bay10-S-23,232,244,297,0,12,True,19.44
809,825,H1088,36,PPT1012A,Bay10-S-23,244,284,113,171,40,True,-327.57
669,825,H1087,36,PPT1012A,Bay10-S-23,284,324,170,154,40,True,-293.57
493,825,H1087,37,PPT1013A,Bay10-S-25,139,178,220,0,39,True,19.43
352,834,H1087,37,PPT1013A,Bay10-S-25,248,278,283,0,30,True,15.43
797,801,H1087,24,PPT0060A,0东-20,302,352,113,239,50,True,-463.78
719,801,H1087,11,PPT0001A,0西-1,331,364,153,211,33,True,-408.21
687,801,H1087,24,PPT0060A,0东-20,352,385,163,222,33,True,-429.78
759,154,H1088,37,PPT1013A,Bay10-S-25,278,329,133,196,51,True,-377.58
559,154,H1087,26,PPT1002A,Bay10-S-3,305,328,202,126,23,True,-238.02
560,154,H1087,36,PPT1012A,Bay10-S-23,324,347,202,145,23,True,-275.58
468,154,H1088,37,PPT1013A,Bay10-S-25,329,368,225,143,39,True,-271.58
223,154,H1087,26,PPT1002A,Bay10-S-3,328,351,321,30,23,True,-46.02
224,154,H1087,36,PPT1012A,Bay10-S-23,347,370,321,49,23,True,-83.58
154,154,H1088,26,PPT1002A,Bay10-S-3,351,375,346,29,24,True,-44.02
155,154,H1087,27,PPT1003A,Bay10-S-5,337,361,346,15,24,True,-16.02
99,154,H1088,27,PPT1003A,Bay10-S-5,361,406,373,33,45,True,-52.02
4,154,H1087,28,PPT1004A,Bay10-S-7,351,398,420,0,47,True,18.38
828,683,H1087,29,PPT1005A,Bay10-S-9,280,305,108,197,25,True,-380.08
829,693,H1087,29,PPT1005A,Bay10-S-9,305,330,108,222,25,True,-430.08
697,683,H1088,29,PPT1005A,Bay10-S-9,330,354,161,193,24,True,-372.08
698,693,H1088,29,PPT1005A,Bay10-S-9,354,378,161,217,24,True,-420.08
509,683,H1087,30,PPT1006A,Bay10-S-11,290,314,216,98,24,True,-182.08
510,693,H1087,30,PPT1006A,Bay10-S-11,314,338,216,122,24,True,-230.08
754,171,H1087,11,PPT0001A,0西-1,364,401,139,262,37,True,-510.28
771,628,H1088,33,PPT1009A,Bay10-S-17,365,388,128,260,23,True,-505.67
772,638,H1088,36,PPT1012A,Bay10-S-23,370,393,128,265,23,True,-515.67
650,628,H1088,37,PPT1013A,Bay10-S-25,368,391,177,214,23,True,-413.67
651,638,H1087,22,PPT0058A,0东-16,368,391,177,214,23,True,-413.87
648,628,H1088,31,PPT1007A,Bay10-S-13,385,408,181,227,23,True,-439.67
649,638,H1088,33,PPT1009A,Bay10-S-17,388,411,181,230,23,True,-445.67
788,263,H1088,34,PPT1010A,Bay10-S-19,380,405,121,284,25,True,-553.67
541,263,H1087,35,PPT1011A,Bay10-S-21,380,406,211,195,26,True,-375.67
469,263,H1088,36,PPT1012A,Bay10-S-23,393,418,228,190,25,True,-365.67
459,263,H1087,37,PPT1013A,Bay10-S-25,391,416,229,187,25,True,-359.67
253,263,H1087,22,PPT0058A,0东-16,391,416,314,102,25,True,-189.87
254,263,H1087,23,PPT0059A,0东-18,389,414,314,100,25,True,-185.87
176,263,H1087,24,PPT0060A,0东-20,385,409,338,71,24,True,-127.87
177,263,H1087,25,PPT1001A,Bay10-S-1,386,410,338,72,24,True,-130.1
131,263,H1088,26,PPT1002A,Bay10-S-3,375,406,356,50,31,True,-86.1
42,263,H1088,28,PPT1004A,Bay10-S-7,398,428,401,27,30,True,-40.1
865,154,H1087,29,PPT1005A,Bay10-S-9,378,402,100,302,24,True,-590.11
643,154,H1088,29,PPT1005A,Bay10-S-9,402,426,180,246,24,True,-478.11
614,154,H1088,30,PPT1006A,Bay10-S-11,338,363,183,180,25,True,-346.11
810,835,H1088,10,BQM4202A,Bay42-S-2,21,61,113,0,40,True,19.81
433,631,H1087,30,PPT1006A,Bay10-S-11,363,400,232,168,37,True,-322.12
340,631,H1088,30,PPT1006A,Bay10-S-11,400,437,288,149,37,True,-284.12
452,803,H1088,38,PPT1051A,Bay10-N-2,305,334,222,112,29,True,-210.12
831,153,H1087,38,PPT1051A,Bay10-N-2,334,379,107,272,45,True,-530.15
701,153,H1087,38,PPT1051A,Bay10-N-2,379,405,159,246,26,True,-478.15
691,153,H1088,39,PPT1052A,Bay10-N-4,311,337,162,175,26,True,-336.15
803,694,H1088,39,PPT1052A,Bay10-N-4,337,376,113,263,39,True,-512.16
682,694,H1088,39,PPT1052A,Bay10-N-4,376,414,166,248,38,True,-482.16
501,694,H1088,40,PPT1053A,Bay10-N-6,223,261,216,45,38,True,-76.16
787,111,H1088,2,BQM4803A,Bay48-S-3,1334,1374,115,1259,40,True,-2505.97
585,111,H1088,8,BQM4503A,Bay45-S-3,1348,1373,187,1186,25,True,-2359.79
586,111,H1088,8,BQM4503A,Bay45-S-3,1373,1398,187,1211,25,True,-2409.79
566,111,H1088,2,BQM4803A,Bay48-S-3,1374,1399,197,1202,25,True,-2391.97
279,111,H1088,8,BQM4503A,Bay45-S-3,1398,1423,305,1118,25,True,-2223.79
280,111,H1088,2,BQM4803A,Bay48-S-3,1399,1424,305,1119,25,True,-2225.97
180,111,H1088,8,BQM4503A,Bay45-S-3,1423,1447,331,1116,24,True,-2219.79
181,111,H1088,2,BQM4803A,Bay48-S-3,1424,1448,331,1117,24,True,-2221.97
161,111,H1087,8,BQM4503A,Bay45-S-3,1447,1475,341,1134,28,True,-2255.79
57,111,H1087,2,BQM4803A,Bay48-S-3,1448,1477,388,1089,29,True,-2165.97
805,124,H1088,40,PPT1053A,Bay10-N-6,261,306,111,195,45,True,-376.2
713,124,H1088,40,PPT1053A,Bay10-N-6,306,350,154,196,44,True,-378.2
258,221,H1087,40,PPT1053A,Bay10-N-6,350,361,322,39,11,True,-64.21
729,321,H1088,11,PPT0001A,0西-1,401,433,154,279,32,True,-544.39
725,123,H1088,31,PPT1007A,Bay10-S-13,408,450,152,298,42,True,-581.85
461,124,H1087,32,PPT1008A,Bay10-S-15,405,438,223,215,33,True,-415.88
363,124,H1087,33,PPT1009A,Bay10-S-17,411,443,277,166,32,True,-317.88
438,111,H1088,8,BQM4503A,Bay45-S-3,1475,1515,217,1298,40,True,-2583.86
399,822,H1087,34,PPT1010A,Bay10-S-19,405,429,261,168,24,True,-321.9
295,822,H1088,35,PPT1011A,Bay10-S-21,406,430,303,127,24,True,-239.9
763,629,H1087,36,PPT1012A,Bay10-S-23,418,450,132,318,32,True,-621.9
764,639,H1087,37,PPT1013A,Bay10-S-25,416,448,132,316,32,True,-617.9
630,629,H1088,22,PPT0058A,0东-16,416,448,182,266,32,True,-518.1
631,629,H1088,23,PPT0059A,0东-18,414,446,182,264,32,True,-514.1
632,639,H1088,24,PPT0060A,0东-20,409,441,182,259,32,True,-504.1
633,639,H1088,25,PPT1001A,Bay10-S-1,410,442,182,260,32,True,-506.31
449,803,H1087,26,PPT1002A,Bay10-S-3,406,435,223,212,29,True,-410.32
670,835,H1087,10,BQM4202A,Bay42-S-2,108,148,170,0,40,True,18.94
333,684,H1087,34,PPT1010A,Bay10-S-19,429,464,294,170,35,True,-325.92
336,694,H1087,35,PPT1011A,Bay10-S-21,430,465,293,172,35,True,-329.92
170,684,H1088,26,PPT1002A,Bay10-S-3,435,472,338,134,37,True,-254.32
171,694,H1087,27,PPT1003A,Bay10-S-5,406,443,337,106,37,True,-198.32
835,133,H1088,2,BQM4803A,Bay48-S-3,1477,1499,107,1392,22,True,-2772.06
624,133,H1087,2,BQM4803A,Bay48-S-3,1499,1522,182,1340,23,True,-2668.06
625,133,H1087,8,BQM4503A,Bay45-S-3,1515,1538,182,1356,23,True,-2699.88
561,133,H1087,2,BQM4803A,Bay48-S-3,1522,1550,201,1349,28,True,-2686.06
303,133,H1087,8,BQM4503A,Bay45-S-3,1538,1561,301,1260,23,True,-2507.88
304,133,H1087,2,BQM4803A,Bay48-S-3,1550,1573,301,1272,23,True,-2532.06
157,133,H1087,8,BQM4503A,Bay45-S-3,1561,1591,344,1247,30,True,-2481.88
196,133,H1088,2,BQM4803A,Bay48-S-3,1573,1598,329,1269,25,True,-2526.06
197,133,H1088,8,BQM4503A,Bay45-S-3,1591,1616,329,1287,25,True,-2561.88
54,133,H1087,2,BQM4803A,Bay48-S-3,1598,1632,391,1241,34,True,-2470.06
850,153,H1087,28,PPT1004A,Bay10-S-7,428,450,105,345,22,True,-676.33
646,153,H1088,29,PPT1005A,Bay10-S-9,426,447,181,266,21,True,-518.33
647,153,H1088,38,PPT1051A,Bay10-N-2,405,426,181,245,21,True,-476.33
537,153,H1088,38,PPT1051A,Bay10-N-2,426,457,210,247,31,True,-480.33
319,153,H1087,39,PPT1052A,Bay10-N-4,414,435,300,135,21,True,-256.33
320,153,H1087,39,PPT1052A,Bay10-N-4,435,456,300,156,21,True,-298.33
209,153,H1087,40,PPT1053A,Bay10-N-6,361,382,326,56,21,True,-98.33
210,153,H1087,40,PPT1053A,Bay10-N-6,382,403,326,77,21,True,-140.33
130,153,H1087,40,PPT1053A,Bay10-N-6,403,440,357,83,37,True,-152.33
23,153,H1087,41,PPT1054A,Bay10-N-8,346,385,404,0,39,True,17.47
504,662,H1088,41,PPT1054A,Bay10-N-8,385,412,218,194,27,True,-374.35
505,672,H1088,41,PPT1054A,Bay10-N-8,412,439,218,221,27,True,-428.35
374,662,H1088,42,PPT1055A,Bay10-N-10,226,253,273,0,27,True,17.65
375,672,H1088,42,PPT1055A,Bay10-N-10,253,280,273,7,27,True,-0.35
858,825,H1088,10,BQM4202A,Bay42-S-2,148,176,101,75,28,True,-135.5
732,825,H1087,10,BQM4202A,Bay42-S-2,176,202,151,51,26,True,-87.5
721,825,H1087,10,BQM4202A,Bay42-S-2,202,229,154,75,27,True,-135.5
615,172,H1088,42,PPT1055A,Bay10-N-10,280,312,180,132,32,True,-250.37
266,654,H1088,42,PPT1055A,Bay10-N-10,312,343,310,33,31,True,-52.38
120,654,H1088,42,PPT1055A,Bay10-N-10,343,380,358,22,37,True,-30.38
819,101,H1088,8,BQM4503A,Bay45-S-3,1616,1677,107,1570,61,True,-3127.92
658,101,H1087,2,BQM4803A,Bay48-S-3,1632,1663,172,1491,31,True,-2970.09
659,101,H1088,2,BQM4803A,Bay48-S-3,1663,1694,172,1522,31,True,-3032.09
597,101,H1088,8,BQM4503A,Bay45-S-3,1677,1707,185,1522,30,True,-3031.92
324,101,H1088,2,BQM4803A,Bay48-S-3,1694,1724,295,1429,30,True,-2846.09
325,101,H1088,8,BQM4503A,Bay45-S-3,1707,1737,295,1442,30,True,-2871.92
213,101,H1088,2,BQM4803A,Bay48-S-3,1724,1754,321,1433,30,True,-2854.09
214,101,H1088,8,BQM4503A,Bay45-S-3,1737,1767,321,1446,30,True,-2879.92
188,101,H1087,2,BQM4803A,Bay48-S-3,1754,1786,328,1458,32,True,-2904.09
80,101,H1088,8,BQM4503A,Bay45-S-3,1767,1805,377,1428,38,True,-2843.92
257,221,H1087,10,BQM4202A,Bay42-S-2,258,269,322,0,11,True,19.44
686,162,H1087,42,PPT1055A,Bay10-N-10,380,412,162,250,32,True,-486.42
806,282,H1088,42,PPT1055A,Bay10-N-10,412,442,117,325,30,True,-636.42
548,282,H1088,43,PPT1056A,Bay10-N-12,143,173,209,0,30,True,18.58
444,282,H1087,43,PPT1056A,Bay10-N-12,195,227,234,0,32,True,14.98
443,282,H1087,43,PPT1056A,Bay10-N-12,227,259,235,24,32,True,-34.42
245,282,H1088,43,PPT1056A,Bay10-N-12,279,309,316,0,30,True,14.98
242,282,H1087,43,PPT1056A,Bay10-N-12,309,339,317,22,30,True,-30.42
146,282,H1087,43,PPT1056A,Bay10-N-12,339,372,351,21,33,True,-28.42
40,282,H1088,43,PPT1056A,Bay10-N-12,372,408,401,7,36,True,-0.42
77,282,H1088,43,PPT1056A,Bay10-N-12,408,443,387,56,35,True,-98.42
78,282,H1088,44,PPT1057A,Bay10-N-14,345,380,387,0,35,True,14.98
776,271,H1088,44,PPT1057A,Bay10-N-14,380,414,125,289,34,True,-564.43
639,271,H1087,44,PPT1057A,Bay10-N-14,414,448,180,268,34,True,-522.43
640,271,H1087,45,PPT1058A,Bay10-N-16,121,155,180,0,34,True,18.57
774,271,H1088,10,BQM4202A,Bay42-S-2,269,301,127,174,32,True,-333.6
570,271,H1088,10,BQM4202A,Bay42-S-2,301,332,199,133,31,True,-251.6
571,271,H1087,10,BQM4202A,Bay42-S-2,332,363,199,164,31,True,-313.6
483,271,H1088,10,BQM4202A,Bay42-S-2,363,394,223,171,31,True,-327.6
219,271,H1087,10,BQM4202A,Bay42-S-2,394,426,322,104,32,True,-193.6
220,271,H1087,10,BQM4202A,Bay42-S-2,426,458,322,136,32,True,-257.6
135,271,H1088,10,BQM4202A,Bay42-S-2,458,494,351,143,36,True,-271.6
136,271,H1088,10,BQM4202A,Bay42-S-2,494,530,351,179,36,True,-343.6
107,271,H1087,10,BQM4202A,Bay42-S-2,530,567,369,198,37,True,-381.6
6,271,H1087,10,BQM4202A,Bay42-S-2,567,604,418,186,37,True,-357.6
351,111,H1087,2,BQM4803A,Bay48-S-3,1786,1830,272,1558,44,True,-3104.12
463,125,H1087,45,PPT1058A,Bay10-N-16,173,204,224,0,31,True,17.54
362,125,H1088,45,PPT1058A,Bay10-N-16,228,259,279,0,31,True,17.54
386,643,H1087,45,PPT1058A,Bay10-N-16,259,285,267,18,26,True,-22.47
286,643,H1087,45,PPT1058A,Bay10-N-16,285,311,308,3,26,True,7.53
434,803,H1087,45,PPT1058A,Bay10-N-16,311,343,231,112,32,True,-210.51
456,671,H1088,45,PPT1058A,Bay10-N-16,343,368,228,140,25,True,-266.54
427,661,H1087,45,PPT1058A,Bay10-N-16,368,397,239,158,29,True,-302.54
359,671,H1088,45,PPT1058A,Bay10-N-16,397,422,283,139,25,True,-264.54
348,661,H1087,45,PPT1058A,Bay10-N-16,422,447,290,157,25,True,-300.54
494,835,H1087,46,PPT1059A,Bay10-N-18,139,178,220,0,39,True,18.46
760,144,H1088,46,PPT1059A,Bay10-N-18,178,227,132,95,49,True,-176.56
557,144,H1087,46,PPT1059A,Bay10-N-18,227,250,202,48,23,True,-82.56
558,144,H1087,46,PPT1059A,Bay10-N-18,250,273,202,71,23,True,-128.56
503,144,H1088,46,PPT1059A,Bay10-N-18,273,304,217,87,31,True,-160.56
221,144,H1087,46,PPT1059A,Bay10-N-18,304,327,321,6,23,True,1.44
222,144,H1087,46,PPT1059A,Bay10-N-18,327,350,321,29,23,True,-44.56
152,144,H1088,46,PPT1059A,Bay10-N-18,350,374,346,28,24,True,-42.56
153,144,H1088,46,PPT1059A,Bay10-N-18,374,398,346,52,24,True,-90.56
114,144,H1087,46,PPT1059A,Bay10-N-18,398,434,364,70,36,True,-126.56
12,144,H1087,46,PPT1059A,Bay10-N-18,434,470,409,61,36,True,-108.56
789,273,H1088,47,PPT1060A,Bay10-N-20,62,87,121,0,25,True,18.41
545,273,H1087,47,PPT1060A,Bay10-N-20,159,185,210,0,26,True,18.41
470,273,H1088,47,PPT1060A,Bay10-N-20,185,210,228,0,25,True,17.01
460,273,H1087,47,PPT1060A,Bay10-N-20,210,235,229,6,25,True,1.41
255,273,H1087,47,PPT1060A,Bay10-N-20,255,280,314,0,25,True,18.41
256,273,H1087,47,PPT1060A,Bay10-N-20,280,305,314,0,25,True,15.21
172,273,H1087,47,PPT1060A,Bay10-N-20,305,330,340,0,25,True,15.41
173,273,H1087,47,PPT1060A,Bay10-N-20,330,355,340,15,25,True,-16.59
132,273,H1088,47,PPT1060A,Bay10-N-20,355,386,355,31,31,True,-48.59
45,273,H1088,47,PPT1060A,Bay10-N-20,386,416,400,16,30,True,-18.59
169,221,H1088,47,PPT1060A,Bay10-N-20,416,440,351,89,24,True,-164.61
845,182,H1087,48,PPT1061A,Bay10-N-22,74,92,109,0,18,True,16.78
531,632,H1088,3,BQM4808A,Bay48-S-8,162,191,211,0,29,True,18.82
392,632,H1088,3,BQM4808A,Bay48-S-8,218,247,267,0,29,True,18.82
522,623,H1088,3,BQM4808A,Bay48-S-8,247,281,210,71,34,True,-127.19
380,623,H1087,3,BQM4808A,Bay48-S-8,281,319,266,53,38,True,-91.19
667,271,H1087,50,PPT0801A,Bay8-S-1,320,359,169,190,39,True,-366.96
765,124,H1087,48,PPT1061A,Bay10-N-22,92,139,131,8,47,True,-2.66
562,124,H1087,48,PPT1061A,Bay10-N-22,139,161,200,0,22,True,18.34
563,124,H1088,48,PPT1061A,Bay10-N-22,161,183,200,0,22,True,16.74
516,124,H1088,48,PPT1061A,Bay10-N-22,183,215,215,0,32,True,13.34
229,124,H1088,48,PPT1061A,Bay10-N-22,247,269,318,0,22,True,18.34
230,124,H1088,48,PPT1061A,Bay10-N-22,269,291,318,0,22,True,18.34
162,124,H1087,48,PPT1061A,Bay10-N-22,291,314,343,0,23,True,18.34
163,124,H1088,48,PPT1061A,Bay10-N-22,314,337,343,0,23,True,14.54
117,124,H1088,48,PPT1061A,Bay10-N-22,337,376,362,14,39,True,-14.66
13,124,H1087,48,PPT1061A,Bay10-N-22,376,413,407,6,37,True,1.34
874,103,H1088,8,BQM4503A,Bay45-S-3,1805,1844,87,1757,39,True,-3502.1
746,103,H1088,2,BQM4803A,Bay48-S-3,1830,1868,139,1729,38,True,-3446.25
270,803,H1087,48,PPT1061A,Bay10-N-22,413,442,304,138,29,True,-262.71
382,683,H1087,49,PPT1062A,Bay10-N-24,212,244,265,0,32,True,17.49
383,693,H1087,49,PPT1062A,Bay10-N-24,244,276,265,11,32,True,-8.71
246,683,H1088,49,PPT1062A,Bay10-N-24,276,310,309,1,34,True,11.29
247,693,H1088,49,PPT1062A,Bay10-N-24,310,344,309,35,34,True,-56.71
816,642,H1087,3,BQM4808A,Bay48-S-8,319,335,117,218,16,True,-421.33
817,652,H1087,3,BQM4808A,Bay48-S-8,335,351,117,234,16,True,-453.33
478,642,H1087,3,BQM4808A,Bay48-S-8,351,367,229,138,16,True,-261.33
479,652,H1087,3,BQM4808A,Bay48-S-8,367,383,229,154,16,True,-293.33
473,642,H1088,3,BQM4808A,Bay48-S-8,383,399,230,169,16,True,-323.33
474,652,H1088,3,BQM4808A,Bay48-S-8,399,415,230,185,16,True,-355.33
411,652,H1087,3,BQM4808A,Bay48-S-8,415,434,251,183,19,True,-351.33
416,642,H1087,3,BQM4808A,Bay48-S-8,434,453,248,205,19,True,-395.33
275,642,H1088,3,BQM4808A,Bay48-S-8,453,469,314,155,16,True,-295.33
276,642,H1088,3,BQM4808A,Bay48-S-8,469,485,314,171,16,True,-327.33
277,652,H1088,3,BQM4808A,Bay48-S-8,485,501,314,187,16,True,-359.33
278,652,H1088,3,BQM4808A,Bay48-S-8,501,517,314,203,16,True,-391.33
102,642,H1088,3,BQM4808A,Bay48-S-8,517,537,375,162,20,True,-309.33
103,642,H1088,3,BQM4808A,Bay48-S-8,537,557,375,182,20,True,-349.33
104,652,H1088,3,BQM4808A,Bay48-S-8,557,577,375,202,20,True,-389.33
105,652,H1088,3,BQM4808A,Bay48-S-8,577,597,375,222,20,True,-429.33
61,652,H1087,3,BQM4808A,Bay48-S-8,597,616,393,223,19,True,-431.33
75,642,H1088,3,BQM4808A,Bay48-S-8,616,635,390,245,19,True,-475.33
20,652,H1087,3,BQM4808A,Bay48-S-8,635,652,409,243,17,True,-471.33
31,642,H1087,3,BQM4808A,Bay48-S-8,652,669,406,263,17,True,-511.33
723,182,H1088,49,PPT1062A,Bay10-N-24,344,363,159,204,19,True,-394.79
813,824,H1087,49,PPT1062A,Bay10-N-24,363,390,113,277,27,True,-540.79
702,824,H1087,49,PPT1062A,Bay10-N-24,390,423,159,264,33,True,-514.79
534,824,H1088,49,PPT1062A,Bay10-N-24,423,457,209,248,34,True,-482.79
826,823,H1088,11,PPT0001A,0西-1,433,460,111,349,27,True,-684.95
714,823,H1088,31,PPT1007A,Bay10-S-13,450,481,159,322,31,True,-630.45
542,823,H1087,32,PPT1008A,Bay10-S-15,438,470,209,261,32,True,-508.45
696,221,H1088,33,PPT1009A,Bay10-S-17,443,455,173,282,12,True,-550.45
58,221,H1087,36,PPT1012A,Bay10-S-23,450,475,400,75,25,True,-136.45
384,653,H1087,37,PPT1013A,Bay10-S-25,448,474,268,206,26,True,-398.47
269,653,H1087,22,PPT0058A,0东-16,448,474,309,165,26,True,-316.64
398,825,H1087,8,BQM4503A,Bay45-S-3,1844,1877,258,1619,33,True,-3226.17
292,825,H1088,2,BQM4803A,Bay48-S-3,1868,1898,299,1599,30,True,-3186.32
778,262,H1088,23,PPT0059A,0东-18,446,477,128,349,31,True,-684.66
579,262,H1088,24,PPT0060A,0东-20,441,472,199,273,31,True,-532.66
580,262,H1088,25,PPT1001A,Bay10-S-1,442,473,199,274,31,True,-534.85
471,262,H1088,27,PPT1003A,Bay10-S-5,443,474,228,246,31,True,-478.85
225,262,H1087,28,PPT1004A,Bay10-S-7,450,482,322,160,32,True,-306.85
226,262,H1087,29,PPT1005A,Bay10-S-9,447,479,322,157,32,True,-300.85
148,262,H1088,30,PPT1006A,Bay10-S-11,437,471,350,121,34,True,-228.85
149,262,H1088,33,PPT1009A,Bay10-S-17,455,489,350,139,34,True,-264.5
93,262,H1087,38,PPT1051A,Bay10-N-2,457,496,378,118,39,True,-222.85
1,262,H1087,39,PPT1052A,Bay10-N-4,456,495,427,68,39,True,-122.85
523,633,H1087,3,BQM4808A,Bay48-S-8,669,703,210,493,34,True,-971.51
381,633,H1087,3,BQM4808A,Bay48-S-8,703,741,266,475,38,True,-935.51
838,623,H1088,3,BQM4808A,Bay48-S-8,741,756,111,645,15,True,-1275.51
839,633,H1088,3,BQM4808A,Bay48-S-8,756,771,111,660,15,True,-1305.51
551,623,H1088,3,BQM4808A,Bay48-S-8,771,786,211,575,15,True,-1135.51
552,633,H1088,3,BQM4808A,Bay48-S-8,786,801,211,590,15,True,-1165.51
484,623,H1088,3,BQM4808A,Bay48-S-8,801,816,228,588,15,True,-1161.51
485,633,H1088,3,BQM4808A,Bay48-S-8,816,831,228,603,15,True,-1191.51
476,623,H1087,3,BQM4808A,Bay48-S-8,831,846,229,617,15,True,-1219.51
477,633,H1087,3,BQM4808A,Bay48-S-8,846,861,229,632,15,True,-1249.51
271,623,H1087,3,BQM4808A,Bay48-S-8,861,876,314,562,15,True,-1109.51
272,623,H1087,3,BQM4808A,Bay48-S-8,876,891,314,577,15,True,-1139.51
273,633,H1087,3,BQM4808A,Bay48-S-8,891,906,314,592,15,True,-1169.51
274,633,H1087,3,BQM4808A,Bay48-S-8,906,921,314,607,15,True,-1199.51
182,623,H1088,3,BQM4808A,Bay48-S-8,921,937,339,598,16,True,-1181.51
183,623,H1088,3,BQM4808A,Bay48-S-8,937,953,339,614,16,True,-1213.51
178,633,H1087,3,BQM4808A,Bay48-S-8,953,968,340,628,15,True,-1241.51
179,633,H1088,3,BQM4808A,Bay48-S-8,968,983,340,643,15,True,-1271.51
137,623,H1088,3,BQM4808A,Bay48-S-8,983,1002,356,646,19,True,-1277.51
138,633,H1088,3,BQM4808A,Bay48-S-8,1002,1021,356,665,19,True,-1315.51
43,623,H1088,3,BQM4808A,Bay48-S-8,1021,1040,403,637,19,True,-1259.51
44,633,H1088,3,BQM4808A,Bay48-S-8,1040,1059,403,656,19,True,-1297.51
815,283,H1087,3,BQM4808A,Bay48-S-8,1059,1090,113,977,31,True,-1939.52
538,283,H1088,3,BQM4808A,Bay48-S-8,1090,1121,209,912,31,True,-1809.52
462,283,H1087,3,BQM4808A,Bay48-S-8,1121,1151,227,924,30,True,-1833.52
447,283,H1087,3,BQM4808A,Bay48-S-8,1151,1182,229,953,31,True,-1891.52
267,283,H1087,3,BQM4808A,Bay48-S-8,1182,1212,311,901,30,True,-1787.52
248,283,H1088,3,BQM4808A,Bay48-S-8,1212,1243,313,930,31,True,-1845.52
139,283,H1087,3,BQM4808A,Bay48-S-8,1243,1277,351,926,34,True,-1837.52
84,283,H1088,3,BQM4808A,Bay48-S-8,1277,1313,379,934,36,True,-1853.52
85,283,H1087,3,BQM4808A,Bay48-S-8,1313,1349,379,970,36,True,-1925.52
33,283,H1087,3,BQM4808A,Bay48-S-8,1349,1388,401,987,39,True,-1959.52
796,193,H1087,40,PPT1053A,Bay10-N-6,440,462,118,344,22,True,-674.89
591,193,H1087,40,PPT1053A,Bay10-N-6,462,483,191,292,21,True,-570.89
588,193,H1087,41,PPT1054A,Bay10-N-8,439,460,192,268,21,True,-522.89
499,193,H1088,41,PPT1054A,Bay10-N-8,460,482,220,262,22,True,-510.89
283,193,H1087,42,PPT1055A,Bay10-N-10,442,463,310,153,21,True,-292.89
284,193,H1087,43,PPT1056A,Bay10-N-12,443,464,310,154,21,True,-294.89
186,193,H1088,44,PPT1057A,Bay10-N-14,448,469,335,134,21,True,-254.89
187,193,H1087,45,PPT1058A,Bay10-N-16,447,468,335,133,21,True,-252.89
116,193,H1088,47,PPT1060A,Bay10-N-20,440,467,365,102,27,True,-190.89
11,193,H1087,48,PPT1061A,Bay10-N-22,442,469,412,57,27,True,-100.89
779,272,H1087,49,PPT1062A,Bay10-N-24,457,488,128,360,31,True,-706.89
581,272,H1088,11,PPT0001A,0西-1,460,491,199,292,31,True,-571.04
582,272,H1088,32,PPT1008A,Bay10-S-15,470,501,199,302,31,True,-590.54
472,272,H1088,34,PPT1010A,Bay10-S-19,464,495,228,267,31,True,-520.54
227,272,H1088,35,PPT1011A,Bay10-S-21,465,497,322,175,32,True,-336.54
228,272,H1088,36,PPT1012A,Bay10-S-23,475,507,322,185,32,True,-356.54
150,272,H1088,37,PPT1013A,Bay10-S-25,474,508,350,158,34,True,-302.54
151,272,H1088,22,PPT0058A,0东-16,474,508,350,158,34,True,-302.71
94,272,H1087,23,PPT0059A,0东-18,477,516,378,138,39,True,-262.71
2,272,H1087,24,PPT0060A,0东-20,472,511,427,84,39,True,-154.71
268,803,H1087,25,PPT1001A,Bay10-S-1,473,502,305,197,29,True,-380.9
507,153,H1087,3,BQM4808A,Bay48-S-8,1388,1413,217,1196,25,True,-2377.6
370,153,H1087,3,BQM4808A,Bay48-S-8,1413,1438,274,1164,25,True,-2313.6
742,153,H1088,26,PPT1002A,Bay10-S-3,472,507,149,358,35,True,-702.93
744,152,H1088,27,PPT1003A,Bay10-S-5,474,496,151,345,22,True,-676.95
738,152,H1087,31,PPT1007A,Bay10-S-13,481,503,153,350,22,True,-686.61
693,322,H1088,3,BQM4808A,Bay48-S-8,1438,1477,159,1318,39,True,-2621.66
694,332,H1088,3,BQM4808A,Bay48-S-8,1477,1516,159,1357,39,True,-2699.66
864,144,H1087,28,PPT1004A,Bay10-S-7,482,506,100,406,24,True,-798.96
636,144,H1087,29,PPT1005A,Bay10-S-9,479,504,181,323,25,True,-632.96
613,144,H1088,30,PPT1006A,Bay10-S-11,471,496,183,313,25,True,-612.96
780,135,H1087,3,BQM4808A,Bay48-S-8,1516,1559,123,1436,43,True,-2857.67
629,135,H1088,3,BQM4808A,Bay48-S-8,1559,1601,180,1421,42,True,-2827.67
717,182,H1087,33,PPT1009A,Bay10-S-17,489,508,160,348,19,True,-682.64
680,262,H1088,11,PPT0001A,0西-1,491,524,168,356,33,True,-699.12
695,221,H1088,31,PPT1007A,Bay10-S-13,503,515,173,342,12,True,-670.67
666,261,H1088,3,BQM4808A,Bay48-S-8,1601,1640,169,1471,39,True,-2927.75
807,643,H1088,3,BQM4808A,Bay48-S-8,1640,1656,119,1537,16,True,-3059.76
464,643,H1087,3,BQM4808A,Bay48-S-8,1656,1672,231,1441,16,True,-2867.76
457,643,H1088,3,BQM4808A,Bay48-S-8,1672,1687,232,1455,15,True,-2895.76
417,643,H1087,3,BQM4808A,Bay48-S-8,1687,1706,248,1458,19,True,-2901.76
261,643,H1088,3,BQM4808A,Bay48-S-8,1706,1721,316,1405,15,True,-2795.76
262,643,H1088,3,BQM4808A,Bay48-S-8,1721,1736,316,1420,15,True,-2825.76
95,643,H1087,3,BQM4808A,Bay48-S-8,1736,1755,379,1376,19,True,-2737.76
96,643,H1087,3,BQM4808A,Bay48-S-8,1755,1774,379,1395,19,True,-2775.76
76,643,H1088,3,BQM4808A,Bay48-S-8,1774,1793,390,1403,19,True,-2791.76
32,643,H1087,3,BQM4808A,Bay48-S-8,1793,1810,406,1404,17,True,-2793.76
830,143,H1087,32,PPT1008A,Bay10-S-15,501,546,107,439,45,True,-864.72
700,143,H1087,33,PPT1009A,Bay10-S-17,508,534,159,375,26,True,-736.72
690,143,H1087,34,PPT1010A,Bay10-S-19,495,521,162,359,26,True,-704.72
790,822,H1088,35,PPT1011A,Bay10-S-21,497,533,118,415,36,True,-816.75
664,822,H1088,36,PPT1012A,Bay10-S-23,507,542,173,369,35,True,-724.75
496,822,H1087,37,PPT1013A,Bay10-S-25,508,543,219,324,35,True,-634.75
91,803,H1087,22,PPT0058A,0东-16,508,543,370,173,35,True,-332.92
837,823,H1088,31,PPT1007A,Bay10-S-13,515,533,113,420,18,True,-826.77
429,823,H1087,23,PPT0059A,0东-18,516,534,244,290,18,True,-566.93
475,823,H1087,24,PPT0060A,0东-20,511,532,231,301,21,True,-588.93
466,823,H1087,25,PPT1001A,Bay10-S-1,502,523,232,291,21,True,-569.1
294,823,H1088,34,PPT1010A,Bay10-S-19,521,539,309,230,18,True,-446.77
293,823,H1088,25,PPT1001A,Bay10-S-1,523,541,310,231,18,True,-449.1
69,823,H1087,26,PPT1002A,Bay10-S-3,507,528,392,136,21,True,-259.1
100,823,H1088,27,PPT1003A,Bay10-S-5,496,517,379,138,21,True,-263.1
101,823,H1088,27,PPT1003A,Bay10-S-5,517,538,379,159,21,True,-305.1
27,823,H1087,28,PPT1004A,Bay10-S-7,506,527,407,120,21,True,-227.1
866,632,H1087,3,BQM4808A,Bay48-S-8,1810,1825,105,1720,15,True,-3425.87
863,622,H1087,3,BQM4808A,Bay48-S-8,1825,1840,106,1734,15,True,-3453.87
616,632,H1088,3,BQM4808A,Bay48-S-8,1840,1854,188,1666,14,True,-3317.87
617,632,H1088,3,BQM4808A,Bay48-S-8,1854,1868,188,1680,14,True,-3345.87
641,622,H1087,3,BQM4808A,Bay48-S-8,1868,1881,186,1695,13,True,-3375.87
642,622,H1087,3,BQM4808A,Bay48-S-8,1881,1894,186,1708,13,True,-3401.87
555,632,H1087,3,BQM4808A,Bay48-S-8,1894,1910,208,1702,16,True,-3389.87
556,622,H1087,29,PPT1005A,Bay10-S-9,504,519,208,311,15,True,-609.11
307,632,H1088,29,PPT1005A,Bay10-S-9,519,533,305,228,14,True,-443.11
308,632,H1088,30,PPT1006A,Bay10-S-11,496,510,305,205,14,True,-397.11
326,622,H1088,30,PPT1006A,Bay10-S-11,510,523,303,220,13,True,-427.11
327,622,H1088,30,PPT1006A,Bay10-S-11,523,536,303,233,13,True,-453.11
205,632,H1087,38,PPT1051A,Bay10-N-2,496,510,330,180,14,True,-347.11
206,632,H1087,38,PPT1051A,Bay10-N-2,510,524,330,194,14,True,-375.11
215,622,H1088,38,PPT1051A,Bay10-N-2,524,536,328,208,12,True,-403.11
216,622,H1088,39,PPT1052A,Bay10-N-4,495,507,328,179,12,True,-345.11
158,632,H1087,39,PPT1052A,Bay10-N-4,507,526,350,176,19,True,-339.11
159,622,H1087,39,PPT1052A,Bay10-N-4,526,543,350,193,17,True,-373.11
51,632,H1088,40,PPT1053A,Bay10-N-6,483,502,399,103,19,True,-193.11
52,622,H1088,40,PPT1053A,Bay10-N-6,502,519,399,120,17,True,-227.11
848,132,H1087,40,PPT1053A,Bay10-N-6,519,546,107,439,27,True,-865.11
674,132,H1087,41,PPT1054A,Bay10-N-8,482,499,171,328,17,True,-643.11
675,132,H1088,41,PPT1054A,Bay10-N-8,499,516,171,345,17,True,-677.11
576,132,H1087,41,PPT1054A,Bay10-N-8,516,543,200,343,27,True,-673.11
344,132,H1088,42,PPT1055A,Bay10-N-10,463,479,292,187,16,True,-361.11
345,132,H1088,42,PPT1055A,Bay10-N-10,479,495,292,203,16,True,-393.11
235,132,H1087,42,PPT1055A,Bay10-N-10,495,512,318,194,17,True,-375.11
236,132,H1087,42,PPT1055A,Bay10-N-10,512,529,318,211,17,True,-409.11
167,132,H1088,43,PPT1056A,Bay10-N-12,464,495,345,150,31,True,-287.11
60,132,H1087,43,PPT1056A,Bay10-N-12,495,526,391,135,31,True,-257.11
872,822,H1088,43,PPT1056A,Bay10-N-12,526,544,101,443,18,True,-873.13
524,822,H1087,44,PPT1057A,Bay10-N-14,469,485,218,267,16,True,-521.13
519,822,H1088,44,PPT1057A,Bay10-N-14,485,501,219,282,16,True,-551.13
428,822,H1087,44,PPT1057A,Bay10-N-14,501,519,244,275,18,True,-537.13
337,822,H1087,44,PPT1057A,Bay10-N-14,519,535,300,235,16,True,-457.13
334,822,H1087,45,PPT1058A,Bay10-N-16,468,484,301,183,16,True,-353.13
125,822,H1087,45,PPT1058A,Bay10-N-16,484,504,364,140,20,True,-267.13
126,822,H1087,45,PPT1058A,Bay10-N-16,504,524,364,160,20,True,-307.13
68,822,H1087,45,PPT1058A,Bay10-N-16,524,545,392,153,21,True,-293.13
26,822,H1087,46,PPT1059A,Bay10-N-18,470,491,407,84,21,True,-155.13
533,172,H1088,46,PPT1059A,Bay10-N-18,491,512,212,300,21,True,-587.13
389,172,H1088,46,PPT1059A,Bay10-N-18,512,533,269,264,21,True,-515.13
395,845,H1087,47,PPT1060A,Bay10-N-20,467,498,260,238,31,True,-463.14
289,845,H1087,47,PPT1060A,Bay10-N-20,498,530,301,229,32,True,-445.14
688,231,H1087,48,PPT1061A,Bay10-N-22,469,483,173,310,14,True,-607.14
689,231,H1087,48,PPT1061A,Bay10-N-22,483,497,173,324,14,True,-635.14
592,231,H1087,48,PPT1061A,Bay10-N-22,497,518,198,320,21,True,-627.14
349,231,H1087,48,PPT1061A,Bay10-N-22,518,532,297,235,14,True,-457.14
350,231,H1087,49,PPT1062A,Bay10-N-24,488,502,297,205,14,True,-397.14
243,231,H1088,49,PPT1062A,Bay10-N-24,502,516,322,194,14,True,-375.14
244,231,H1088,49,PPT1062A,Bay10-N-24,516,530,322,208,14,True,-403.14
189,231,H1087,11,PPT0001A,0西-1,524,546,340,206,22,True,-399.28
81,231,H1088,31,PPT1007A,Bay10-S-13,533,557,389,168,24,True,-322.83
840,103,H1088,8,BQM4503A,Bay45-S-3,1877,1907,103,1804,30,True,-3596.36
711,103,H1088,2,BQM4803A,Bay48-S-3,1898,1932,154,1778,34,True,-3544.5
720,103,H1087,8,BQM4503A,Bay45-S-3,1907,1941,152,1789,34,True,-3566.36
671,183,H1087,3,BQM4808A,Bay48-S-8,1910,1945,167,1778,35,True,-3542.0
584,221,H1088,33,PPT1009A,Bay10-S-17,534,554,206,348,20,True,-682.89
869,161,H1088,34,PPT1010A,Bay10-S-19,539,571,99,472,32,True,-930.98
753,161,H1087,35,PPT1011A,Bay10-S-21,533,570,139,431,37,True,-848.98
90,803,H1087,36,PPT1012A,Bay10-S-23,542,577,370,207,35,True,-400.99
849,143,H1087,37,PPT1013A,Bay10-S-25,543,565,105,460,22,True,-906.99
644,143,H1088,22,PPT0058A,0东-16,543,564,181,383,21,True,-753.13
645,143,H1088,23,PPT0059A,0东-18,534,555,181,374,21,True,-735.13
536,143,H1088,24,PPT0060A,0东-20,532,563,210,353,31,True,-693.13
317,143,H1087,25,PPT1001A,Bay10-S-1,541,562,300,262,21,True,-511.29
318,143,H1087,26,PPT1002A,Bay10-S-3,528,549,300,249,21,True,-485.29
207,143,H1087,27,PPT1003A,Bay10-S-5,538,559,326,233,21,True,-453.29
208,143,H1087,28,PPT1004A,Bay10-S-7,527,548,326,222,21,True,-431.29
129,143,H1087,32,PPT1008A,Bay10-S-15,546,583,357,226,37,True,-438.99
22,143,H1087,28,PPT1004A,Bay10-S-7,548,587,404,183,39,True,-353.29
766,268,H1087,29,PPT1005A,Bay10-S-9,533,562,130,432,29,True,-851.3
767,278,H1087,30,PPT1006A,Bay10-S-11,536,564,130,434,28,True,-855.3
618,268,H1088,38,PPT1051A,Bay10-N-2,536,566,182,384,30,True,-755.3
619,278,H1087,39,PPT1052A,Bay10-N-4,543,573,182,391,30,True,-769.3
605,268,H1087,40,PPT1053A,Bay10-N-6,546,576,183,393,30,True,-773.3
606,278,H1087,41,PPT1054A,Bay10-N-8,543,573,183,390,30,True,-767.3
880,101,H1087,42,PPT1055A,Bay10-N-10,529,565,74,491,36,True,-969.34
768,101,H1087,43,PPT1056A,Bay10-N-12,544,566,123,443,22,True,-873.34
448,183,H1087,63,PPT0862A,Bay8-N-24,173,206,226,0,33,True,18.7
361,183,H1088,63,PPT0862A,Bay8-N-24,226,259,279,0,33,True,18.7
455,184,H1088,63,PPT0862A,Bay8-N-24,259,286,225,61,27,True,-107.31
365,184,H1087,63,PPT0862A,Bay8-N-24,286,312,277,35,26,True,-55.31
784,193,H1087,44,PPT1057A,Bay10-N-14,535,555,123,432,20,True,-851.43
663,193,H1088,45,PPT1058A,Bay10-N-16,545,565,178,387,20,True,-761.43
655,193,H1087,46,PPT1059A,Bay10-N-18,533,552,179,373,19,True,-733.43
881,102,H1087,47,PPT1060A,Bay10-N-20,530,569,74,495,39,True,-977.43
775,102,H1088,48,PPT1061A,Bay10-N-22,532,567,122,445,35,True,-877.43
79,803,H1088,49,PPT1062A,Bay10-N-24,530,565,377,188,35,True,-363.48
808,653,H1088,11,PPT0001A,0西-1,546,562,119,443,16,True,-873.64
465,653,H1087,31,PPT1007A,Bay10-S-13,557,573,231,342,16,True,-671.24
458,653,H1088,33,PPT1009A,Bay10-S-17,554,569,232,337,15,True,-661.24
412,653,H1087,37,PPT1013A,Bay10-S-25,565,584,251,333,19,True,-653.24
263,653,H1088,22,PPT0058A,0东-16,564,579,316,263,15,True,-513.37
264,653,H1088,23,PPT0059A,0东-18,555,570,316,254,15,True,-495.37
97,653,H1087,24,PPT0060A,0东-20,563,582,379,203,19,True,-393.37
98,653,H1087,25,PPT1001A,Bay10-S-1,562,581,379,202,19,True,-391.52
62,653,H1087,26,PPT1002A,Bay10-S-3,549,568,393,175,19,True,-337.52
21,653,H1087,27,PPT1003A,Bay10-S-5,559,576,409,167,17,True,-321.52
755,269,H1088,29,PPT1005A,Bay10-S-9,562,591,139,452,29,True,-891.52
756,279,H1088,30,PPT1006A,Bay10-S-11,564,593,139,454,29,True,-895.52
601,269,H1088,44,PPT1057A,Bay10-N-14,555,584,186,398,29,True,-783.52
602,269,H1088,46,PPT1059A,Bay10-N-18,552,581,186,395,29,True,-777.52
603,279,H1087,11,PPT0001A,0西-1,562,591,186,405,29,True,-797.64
604,279,H1087,12,PPT0002A,0西-3,132,161,186,0,29,True,17.36
842,824,H1088,12,PPT0002A,0西-3,161,186,105,81,25,True,-149.66
599,824,H1088,12,PPT0002A,0西-3,186,212,186,26,26,True,-39.66
598,824,H1088,12,PPT0002A,0西-3,212,238,187,51,26,True,-89.66
834,123,H1087,12,PPT0002A,0西-3,238,260,107,153,22,True,-293.66
622,123,H1087,12,PPT0002A,0西-3,260,283,182,101,23,True,-189.66
623,123,H1087,12,PPT0002A,0西-3,283,306,182,124,23,True,-235.66
550,123,H1088,12,PPT0002A,0西-3,306,334,205,129,28,True,-245.66
301,123,H1087,12,PPT0002A,0西-3,334,357,301,56,23,True,-99.66
302,123,H1087,12,PPT0002A,0西-3,357,380,301,79,23,True,-145.66
145,123,H1087,12,PPT0002A,0西-3,380,410,348,62,30,True,-111.66
194,123,H1087,12,PPT0002A,0西-3,410,435,329,106,25,True,-199.66
195,123,H1088,12,PPT0002A,0西-3,435,460,329,131,25,True,-249.66
49,123,H1088,12,PPT0002A,0西-3,460,494,395,99,34,True,-185.66
490,154,H1088,12,PPT0002A,0西-3,494,514,224,290,20,True,-567.68
367,154,H1087,12,PPT0002A,0西-3,514,534,280,254,20,True,-495.68
489,155,H1088,12,PPT0002A,0西-3,534,556,224,332,22,True,-651.72
368,155,H1087,12,PPT0002A,0西-3,556,579,279,300,23,True,-587.72
861,122,H1087,31,PPT1007A,Bay10-S-13,573,597,104,493,24,True,-973.37
672,122,H1087,33,PPT1009A,Bay10-S-17,569,586,171,415,17,True,-817.37
673,122,H1087,34,PPT1010A,Bay10-S-19,571,588,171,417,17,True,-821.37
575,122,H1087,35,PPT1011A,Bay10-S-21,570,597,200,397,27,True,-781.37
342,122,H1088,36,PPT1012A,Bay10-S-23,577,593,292,301,16,True,-589.37
343,122,H1088,22,PPT0058A,0东-16,579,595,292,303,16,True,-593.49
233,122,H1088,23,PPT0059A,0东-18,570,587,318,269,17,True,-525.49
234,122,H1088,32,PPT1008A,Bay10-S-15,583,600,318,282,17,True,-551.37
166,122,H1088,25,PPT1001A,Bay10-S-1,581,612,345,267,31,True,-521.63
59,122,H1087,26,PPT1002A,Bay10-S-3,568,599,391,208,31,True,-403.63
48,803,H1088,27,PPT1003A,Bay10-S-5,576,611,392,219,35,True,-425.68
867,163,H1088,38,PPT1051A,Bay10-N-2,566,595,100,495,29,True,-977.72
870,173,H1088,39,PPT1052A,Bay10-N-4,573,602,99,503,29,True,-993.72
709,173,H1088,40,PPT1053A,Bay10-N-6,576,598,159,439,22,True,-865.72
704,163,H1087,41,PPT1054A,Bay10-N-8,573,595,160,435,22,True,-857.72
46,182,H1088,2,BQM4803A,Bay48-S-3,1932,1953,402,1551,21,True,-3090.79
798,125,H1087,63,PPT0862A,Bay8-N-24,312,346,113,233,34,True,-451.88
628,125,H1088,63,PPT0862A,Bay8-N-24,346,388,180,208,42,True,-401.88
814,112,H1087,63,PPT0862A,Bay8-N-24,388,406,112,294,18,True,-573.9
593,112,H1087,63,PPT0862A,Bay8-N-24,406,424,188,236,18,True,-457.9
594,112,H1087,63,PPT0862A,Bay8-N-24,424,442,188,254,18,True,-493.9
583,112,H1088,63,PPT0862A,Bay8-N-24,442,460,195,265,18,True,-515.9
290,112,H1087,63,PPT0862A,Bay8-N-24,460,477,305,172,17,True,-329.9
291,112,H1088,63,PPT0862A,Bay8-N-24,477,494,305,189,17,True,-363.9
168,112,H1088,63,PPT0862A,Bay8-N-24,494,515,340,175,21,True,-335.9
174,112,H1087,63,PPT0862A,Bay8-N-24,515,536,336,200,21,True,-385.9
175,112,H1087,63,PPT0862A,Bay8-N-24,536,557,336,221,21,True,-427.9
72,112,H1088,63,PPT0862A,Bay8-N-24,557,578,385,193,21,True,-371.9
518,181,H1088,3,BQM4808A,Bay48-S-8,1945,1969,217,1752,24,True,-3490.8
385,855,H1087,42,PPT1055A,Bay10-N-10,565,596,262,334,31,True,-655.79
730,331,H1088,63,PPT0862A,Bay8-N-24,578,610,154,456,32,True,-897.99
573,104,H1087,43,PPT1056A,Bay10-N-12,566,581,205,376,15,True,-739.82
401,104,H1087,43,PPT1056A,Bay10-N-12,581,596,262,334,15,True,-655.82
854,824,H1088,45,PPT1058A,Bay10-N-16,565,584,108,476,19,True,-939.83
425,824,H1088,46,PPT1059A,Bay10-N-18,581,600,244,356,19,True,-699.83
491,824,H1087,47,PPT1060A,Bay10-N-20,569,591,226,365,22,True,-717.83
487,824,H1088,48,PPT1061A,Bay10-N-22,567,589,227,362,22,True,-711.83
321,824,H1087,49,PPT1062A,Bay10-N-24,565,584,304,280,19,True,-547.83
315,824,H1087,12,PPT0002A,0西-3,579,598,305,293,19,True,-573.93
66,824,H1087,13,PPT0003A,0西-5,337,359,392,0,22,True,17.07
108,824,H1087,13,PPT0003A,0西-5,359,381,374,7,22,True,-1.93
109,824,H1087,13,PPT0003A,0西-5,381,403,374,29,22,True,-45.93
24,824,H1087,13,PPT0003A,0西-5,403,425,407,18,22,True,-23.93
577,122,H1087,13,PPT0003A,0西-5,425,439,205,234,14,True,-455.95
824,631,H1088,13,PPT0003A,0西-5,439,454,114,340,15,True,-668.0
607,631,H1087,13,PPT0003A,0西-5,454,467,189,278,13,True,-544.0
608,631,H1087,13,PPT0003A,0西-5,467,480,189,291,13,True,-570.0
544,631,H1087,13,PPT0003A,0西-5,480,488,212,276,8,True,-540.0
305,631,H1087,13,PPT0003A,0西-5,488,501,306,195,13,True,-378.0
306,631,H1087,13,PPT0003A,0西-5,501,514,306,208,13,True,-404.0
201,631,H1088,13,PPT0003A,0西-5,514,527,332,195,13,True,-378.0
202,631,H1088,13,PPT0003A,0西-5,527,540,332,208,13,True,-404.0
141,631,H1087,13,PPT0003A,0西-5,540,551,355,196,11,True,-380.0
38,631,H1088,13,PPT0003A,0西-5,551,562,404,158,11,True,-304.0
800,836,H1087,13,PPT0003A,0西-5,562,591,112,479,29,True,-946.0
441,836,H1088,14,PPT0004A,0西-7,189,222,229,0,33,True,13.4
442,836,H1088,14,PPT0004A,0西-7,222,255,229,26,33,True,-40.0
415,836,H1087,14,PPT0004A,0西-7,255,286,241,45,31,True,-78.0
260,836,H1088,14,PPT0004A,0西-7,286,315,308,7,29,True,-2.0
250,836,H1088,14,PPT0004A,0西-7,315,344,309,35,29,True,-58.0
88,836,H1087,14,PPT0004A,0西-7,344,379,374,5,35,True,2.0
89,836,H1087,14,PPT0004A,0西-7,379,414,374,40,35,True,-68.0
64,836,H1087,14,PPT0004A,0西-7,414,448,384,64,34,True,-116.0
19,836,H1087,14,PPT0004A,0西-7,448,482,404,78,34,True,-144.0
832,182,H1087,8,BQM4503A,Bay45-S-3,1941,1958,113,1845,17,True,-3678.79
376,181,H1088,14,PPT0004A,0西-7,482,506,272,234,24,True,-456.01
547,171,H1088,50,PPT0801A,Bay8-S-1,359,378,212,166,19,True,-320.13
397,171,H1087,50,PPT0801A,Bay8-S-1,378,396,269,127,18,True,-242.13
285,855,H1087,14,PPT0004A,0西-7,506,537,303,234,31,True,-456.05
404,122,H1088,14,PPT0004A,0西-7,537,551,262,289,14,True,-566.07
610,182,H1087,50,PPT0801A,Bay8-S-1,396,414,189,225,18,True,-438.18
793,182,H1088,14,PPT0004A,0西-7,551,593,116,477,42,True,-942.13
683,182,H1087,15,PPT0051A,0东-2,92,132,166,0,40,True,16.87
876,171,H1087,15,PPT0051A,0东-2,132,150,96,54,18,True,-96.14
751,171,H1087,15,PPT0051A,0东-2,150,167,146,21,17,True,-30.14
752,171,H1087,15,PPT0051A,0东-2,167,184,146,38,17,True,-64.14
502,192,H1088,15,PPT0051A,0东-2,184,221,211,10,37,True,-8.15
373,192,H1088,15,PPT0051A,0东-2,221,262,266,0,41,True,12.65
878,832,H1087,15,PPT0051A,0东-2,262,285,94,191,23,True,-370.16
609,182,H1087,15,PPT0051A,0东-2,285,303,189,114,18,True,-216.18
574,101,H1087,15,PPT0051A,0东-2,303,348,192,156,45,True,-300.21
402,101,H1087,15,PPT0051A,0东-2,348,397,249,148,49,True,-284.21
626,221,H1087,15,PPT0051A,0东-2,397,411,190,221,14,True,-430.22
421,221,H1088,15,PPT0051A,0东-2,411,428,247,181,17,True,-350.22
836,194,H1088,15,PPT0051A,0东-2,428,458,104,354,30,True,-696.22
748,194,H1087,15,PPT0051A,0东-2,458,486,141,345,28,True,-678.22
846,192,H1087,15,PPT0051A,0东-2,486,504,109,395,18,True,-778.23
724,192,H1088,15,PPT0051A,0东-2,504,523,159,364,19,True,-716.23
718,192,H1087,15,PPT0051A,0东-2,523,542,160,382,19,True,-752.23
785,122,H1087,15,PPT0051A,0东-2,542,570,127,443,28,True,-874.24
553,182,H1088,15,PPT0051A,0东-2,570,587,210,377,17,True,-742.26
506,143,H1088,33,PPT1009A,Bay10-S-17,586,611,217,394,25,True,-776.0
369,143,H1087,34,PPT1010A,Bay10-S-19,588,613,274,339,25,True,-666.0
740,832,H1088,37,PPT1013A,Bay10-S-25,584,606,153,453,22,True,-894.0
546,161,H1087,23,PPT0059A,0东-18,587,606,212,394,19,True,-776.1
396,161,H1087,24,PPT0060A,0东-20,582,600,269,331,18,True,-650.1
825,621,H1088,28,PPT1004A,Bay10-S-7,587,602,114,488,15,True,-964.21
620,621,H1087,44,PPT1057A,Bay10-N-14,584,598,188,410,14,True,-808.21
621,621,H1087,45,PPT1058A,Bay10-N-16,584,598,188,410,14,True,-808.21
540,621,H1087,48,PPT1061A,Bay10-N-22,589,599,213,386,10,True,-760.21
311,621,H1088,49,PPT1062A,Bay10-N-24,584,598,305,293,14,True,-574.21
312,621,H1088,15,PPT0051A,0东-2,587,601,305,296,14,True,-580.3
203,621,H1087,16,PPT0052A,0东-4,280,294,331,0,14,True,16.7
204,621,H1087,16,PPT0052A,0东-4,294,308,331,0,14,True,16.3
142,621,H1087,16,PPT0052A,0东-4,308,318,355,0,10,True,16.7
39,621,H1088,16,PPT0052A,0东-4,337,347,404,0,10,True,16.7
372,835,H1088,16,PPT0052A,0东-4,347,379,268,111,32,True,-210.33
241,835,H1087,16,PPT0052A,0东-4,379,411,309,102,32,True,-192.33
823,836,H1088,50,PPT0801A,Bay8-S-1,414,467,100,367,53,True,-722.41
661,836,H1088,50,PPT0801A,Bay8-S-1,467,522,166,356,55,True,-700.41
481,836,H1087,50,PPT0801A,Bay8-S-1,522,576,214,362,54,True,-712.41
795,183,H1087,16,PPT0052A,0东-4,411,433,118,315,22,True,-618.34
590,183,H1087,16,PPT0052A,0东-4,433,454,191,263,21,True,-514.34
587,183,H1087,16,PPT0052A,0东-4,454,475,192,283,21,True,-554.34
498,183,H1087,16,PPT0052A,0东-4,475,497,220,277,22,True,-542.34
281,183,H1088,16,PPT0052A,0东-4,497,518,310,208,21,True,-404.34
282,183,H1088,16,PPT0052A,0东-4,518,539,310,229,21,True,-446.34
184,183,H1088,16,PPT0052A,0东-4,539,560,335,225,21,True,-438.34
185,183,H1088,16,PPT0052A,0东-4,560,581,335,246,21,True,-480.34
115,183,H1088,16,PPT0052A,0东-4,581,608,365,243,27,True,-474.34
10,183,H1087,17,PPT0053A,0东-6,365,392,412,0,27,True,15.66
532,162,H1088,17,PPT0053A,0东-6,392,413,212,201,21,True,-390.34
388,162,H1088,17,PPT0053A,0东-6,413,434,269,165,21,True,-318.34
298,182,H1088,17,PPT0053A,0东-6,434,452,307,145,18,True,-278.35
495,144,H1087,17,PPT0053A,0东-6,452,472,223,249,20,True,-486.37
371,144,H1088,17,PPT0053A,0东-6,472,491,277,214,19,True,-416.37
735,832,H1087,17,PPT0053A,0东-6,491,513,155,358,22,True,-704.41
743,142,H1088,17,PPT0053A,0东-6,513,535,151,384,22,True,-756.42
737,142,H1087,17,PPT0053A,0东-6,535,557,153,404,22,True,-796.42
486,145,H1088,17,PPT0053A,0东-6,557,577,225,352,20,True,-692.43
366,145,H1087,17,PPT0053A,0东-6,577,597,280,317,20,True,-622.43
297,182,H1088,18,PPT0054A,0东-8,265,283,307,0,18,True,16.36
877,822,H1087,18,PPT0054A,0东-8,283,306,94,212,23,True,-412.45
739,822,H1088,18,PPT0054A,0东-8,306,328,153,175,22,True,-338.45
734,822,H1087,18,PPT0054A,0东-8,328,350,155,195,22,True,-378.45
875,161,H1087,18,PPT0054A,0东-8,350,368,96,272,18,True,-532.46
749,161,H1087,18,PPT0054A,0东-8,368,385,146,239,17,True,-466.46
750,161,H1087,18,PPT0054A,0东-8,385,402,146,256,17,True,-500.46
786,132,H1087,18,PPT0054A,0东-8,402,430,127,303,28,True,-594.5
853,835,H1088,18,PPT0054A,0东-8,430,452,103,349,22,True,-686.51
513,835,H1087,18,PPT0054A,0东-8,452,472,216,256,20,True,-500.51
514,835,H1087,18,PPT0054A,0东-8,472,492,216,276,20,True,-540.51
410,835,H1088,18,PPT0054A,0东-8,492,517,248,269,25,True,-526.51
329,835,H1088,18,PPT0054A,0东-8,517,536,298,238,19,True,-464.51
310,835,H1088,18,PPT0054A,0东-8,536,556,300,256,20,True,-500.51
123,835,H1087,18,PPT0054A,0东-8,556,579,358,221,23,True,-430.51
124,835,H1087,18,PPT0054A,0东-8,579,602,358,244,23,True,-476.51
56,835,H1087,19,PPT0055A,0东-10,358,385,392,0,27,True,12.89
9,835,H1087,19,PPT0055A,0东-10,385,412,412,0,27,True,11.49
627,231,H1088,19,PPT0055A,0东-10,412,426,190,236,14,True,-460.51
422,231,H1088,19,PPT0055A,0东-10,426,443,247,196,17,True,-380.51
860,833,H1087,19,PPT0055A,0东-10,443,459,108,351,16,True,-690.52
431,833,H1087,19,PPT0055A,0东-10,459,477,244,233,18,True,-454.52
515,833,H1088,19,PPT0055A,0东-10,477,492,222,270,15,True,-528.52
508,833,H1087,19,PPT0055A,0东-10,492,507,223,284,15,True,-556.52
331,833,H1087,19,PPT0055A,0东-10,507,522,303,219,15,True,-426.52
323,833,H1088,19,PPT0055A,0东-10,522,538,305,233,16,True,-454.52
71,833,H1087,19,PPT0055A,0东-10,538,559,392,167,21,True,-322.52
112,833,H1087,19,PPT0055A,0东-10,559,576,372,204,17,True,-396.52
113,833,H1087,19,PPT0055A,0东-10,576,593,372,221,17,True,-430.52
30,833,H1087,20,PPT0056A,0东-12,353,374,407,0,21,True,16.48
191,182,H1087,20,PPT0056A,0东-12,374,393,335,58,19,True,-104.52
190,182,H1087,20,PPT0056A,0东-12,393,412,335,77,19,True,-142.61
841,184,H1088,20,PPT0056A,0东-12,412,442,103,339,30,True,-666.63
747,184,H1087,20,PPT0056A,0东-12,442,470,141,329,28,True,-646.63
528,182,H1087,20,PPT0056A,0东-12,470,507,205,302,37,True,-592.66
390,182,H1088,20,PPT0056A,0东-12,507,548,260,288,41,True,-564.66
143,182,H1087,20,PPT0056A,0东-12,548,569,355,214,21,True,-416.7
857,112,H1088,20,PPT0056A,0东-12,569,595,85,510,26,True,-1008.71
521,191,H1088,21,PPT0057A,0东-14,172,196,216,0,24,True,15.28
387,191,H1088,21,PPT0057A,0东-14,227,250,270,0,23,True,15.28
783,183,H1087,21,PPT0057A,0东-14,250,270,123,147,20,True,-282.72
662,183,H1088,21,PPT0057A,0东-14,270,290,178,112,20,True,-212.72
654,183,H1087,21,PPT0057A,0东-14,290,309,179,130,19,True,-248.72
827,833,H1087,21,PPT0057A,0东-14,309,333,111,222,24,True,-432.74
715,833,H1087,21,PPT0057A,0东-14,333,364,159,205,31,True,-398.74
543,833,H1087,21,PPT0057A,0东-14,364,396,209,187,32,True,-362.74
578,132,H1087,21,PPT0057A,0东-14,396,410,205,205,14,True,-398.75
818,834,H1087,21,PPT0057A,0东-14,410,435,112,323,25,True,-634.77
703,834,H1087,21,PPT0057A,0东-14,435,468,159,309,33,True,-606.77
535,834,H1088,21,PPT0057A,0东-14,468,502,209,293,34,True,-574.77
668,112,H1087,21,PPT0057A,0东-14,502,543,153,390,41,True,-768.77
833,192,H1087,21,PPT0057A,0东-14,543,560,113,447,17,True,-882.79
611,192,H1088,21,PPT0057A,0东-14,560,578,189,389,18,True,-766.79
612,192,H1088,21,PPT0057A,0东-14,578,596,189,407,18,True,-802.79
554,192,H1088,50,PPT0801A,Bay8-S-1,576,593,210,383,17,True,-754.85
299,192,H1087,51,PPT0802A,Bay8-S-3,265,283,307,0,18,True,15.95
300,192,H1087,51,PPT0802A,Bay8-S-3,283,301,307,0,18,True,12.35
192,192,H1087,51,PPT0802A,Bay8-S-3,301,320,335,0,19,True,14.15
193,192,H1087,51,PPT0802A,Bay8-S-3,320,339,335,4,19,True,3.15
144,192,H1087,51,PPT0802A,Bay8-S-3,339,360,355,5,21,True,1.15
47,192,H1088,51,PPT0802A,Bay8-S-3,360,381,402,0,21,True,15.35
855,834,H1088,51,PPT0802A,Bay8-S-3,381,400,108,292,19,True,-572.86
426,834,H1088,51,PPT0802A,Bay8-S-3,400,419,244,175,19,True,-338.86
492,834,H1087,51,PPT0802A,Bay8-S-3,419,441,226,215,22,True,-418.86
488,834,H1088,51,PPT0802A,Bay8-S-3,441,463,227,236,22,True,-460.86
322,834,H1087,51,PPT0802A,Bay8-S-3,463,482,304,178,19,True,-344.86
316,834,H1087,51,PPT0802A,Bay8-S-3,482,501,305,196,19,True,-380.86
67,834,H1087,51,PPT0802A,Bay8-S-3,501,523,392,131,22,True,-250.86
110,834,H1087,51,PPT0802A,Bay8-S-3,523,545,374,171,22,True,-330.86
111,834,H1087,51,PPT0802A,Bay8-S-3,545,567,374,193,22,True,-374.86
25,834,H1087,51,PPT0802A,Bay8-S-3,567,589,407,182,22,True,-352.86
879,101,H1087,51,PPT0802A,Bay8-S-3,589,618,86,532,29,True,-1052.87
736,101,H1087,52,PPT0803A,Bay8-S-5,83,111,148,0,28,True,16.13
731,101,H1087,52,PPT0803A,Bay8-S-5,111,139,150,0,28,True,13.33
791,832,H1088,52,PPT0803A,Bay8-S-5,139,175,118,57,36,True,-102.9
665,832,H1088,52,PPT0803A,Bay8-S-5,175,210,173,37,35,True,-62.9
497,832,H1087,52,PPT0803A,Bay8-S-5,210,245,219,26,35,True,-40.9
873,832,H1088,52,PPT0803A,Bay8-S-5,245,263,101,162,18,True,-312.9
525,832,H1087,52,PPT0803A,Bay8-S-5,263,279,218,61,16,True,-110.9
520,832,H1088,52,PPT0803A,Bay8-S-5,279,295,219,76,16,True,-140.9
430,832,H1087,52,PPT0803A,Bay8-S-5,295,313,244,69,18,True,-126.9
338,832,H1087,52,PPT0803A,Bay8-S-5,313,329,300,29,16,True,-46.9
335,832,H1087,52,PPT0803A,Bay8-S-5,329,345,301,44,16,True,-76.9
127,832,H1087,52,PPT0803A,Bay8-S-5,345,365,364,1,20,True,9.1
128,832,H1087,52,PPT0803A,Bay8-S-5,365,385,364,21,20,True,-30.9
70,832,H1087,52,PPT0803A,Bay8-S-5,385,406,392,14,21,True,-16.9
29,832,H1087,52,PPT0803A,Bay8-S-5,406,427,407,20,21,True,-28.9
405,132,H1088,52,PPT0803A,Bay8-S-5,427,441,262,179,14,True,-346.91
859,835,H1087,52,PPT0803A,Bay8-S-5,441,469,101,368,28,True,-724.92
733,835,H1087,52,PPT0803A,Bay8-S-5,469,495,151,344,26,True,-676.92
722,835,H1087,52,PPT0803A,Bay8-S-5,495,522,154,368,27,True,-724.92
741,143,H1088,52,PPT0803A,Bay8-S-5,522,557,149,408,35,True,-805.03
781,142,H1087,52,PPT0803A,Bay8-S-5,557,587,131,456,30,True,-901.05
782,152,H1087,52,PPT0803A,Bay8-S-5,587,617,131,486,30,True,-961.05
423,110,H1088,53,PPT0804A,Bay8-S-7,148,199,219,0,51,True,14.9
330,110,H1088,53,PPT0804A,Bay8-S-7,203,257,277,0,54,True,14.84
856,110,H1088,53,PPT0804A,Bay8-S-7,257,299,87,212,42,True,-413.19
685,110,H1087,53,PPT0804A,Bay8-S-7,299,340,150,190,41,True,-369.25
