seq_id,block_id,ship_id,platen_idx,platen_id,platen_name,planned_start_day,planned_end_day,due_date_day,delay_days,processing_time_days
757,284,H1088,42,PPT1055A,Bay10-N-10,0,72,126,0,72
758,294,H1088,40,PPT1053A,Bay10-N-6,0,71,125,0,71
823,836,H1088,54,PPT0807A,Bay8-S-13,21,74,100,0,53
822,826,H1088,4,BQM4810A,Bay48-S-10,21,74,100,0,53
810,835,H1088,32,PPT1008A,Bay10-S-15,21,61,113,0,40
809,825,H1088,31,PPT1007A,Bay10-S-13,21,61,113,0,40
803,694,H1088,50,PPT0801A,Bay8-S-1,21,60,113,0,39
802,684,H1087,23,PPT0059A,0东-18,21,60,113,0,39
819,101,H1088,2,BQM4803A,Bay48-S-3,22,83,107,0,61
881,102,H1087,35,PPT1011A,Bay10-S-21,28,67,74,0,39
856,110,H1088,34,PPT1010A,Bay10-S-19,29,71,87,0,42
847,272,H1087,53,PPT0804A,Bay8-S-7,29,64,105,0,35
793,182,H1088,36,PPT1012A,Bay10-S-23,31,73,116,0,42
794,192,H1088,8,BQM4503A,Bay45-S-3,31,73,116,0,42
792,154,H1088,2,BQM4803A,Bay48-S-3,120,160,115,45,40
828,683,H1087,38,PPT1051A,Bay10-N-2,31,56,108,0,25
829,693,H1087,65,PPT0864A,Bay8-N-28,31,56,108,0,25
880,101,H1087,33,PPT1009A,Bay10-S-17,35,71,74,0,36
804,134,H1088,30,PPT1006A,Bay10-S-11,36,81,111,0,45
805,124,H1088,27,PPT1003A,Bay10-S-5,36,81,111,0,45
870,173,H1088,26,PPT1002A,Bay10-S-3,36,65,99,0,29
867,163,H1088,25,PPT1001A,Bay10-S-1,36,65,100,0,29
874,103,H1088,7,BQM4853A,Bay48-N-3,37,76,87,0,39
869,161,H1088,28,PPT1004A,Bay10-S-7,37,69,99,0,32
830,143,H1087,29,PPT1005A,Bay10-S-9,38,83,107,0,45
831,153,H1087,18,PPT0054A,0东-8,38,83,107,0,45
848,132,H1087,64,PPT0863A,Bay8-N-26,42,69,107,0,27
861,122,H1087,41,PPT1054A,Bay10-N-8,42,66,104,0,24
862,103,H1087,8,BQM4503A,Bay45-S-3,121,172,104,68,51
787,111,H1088,7,BQM4853A,Bay48-N-3,101,141,115,26,40
797,801,H1087,51,PPT0802A,Bay8-S-3,46,96,113,0,50
857,112,H1088,22,PPT0058A,0东-16,46,72,85,0,26
864,144,H1087,24,PPT0060A,0东-20,46,70,100,0,24
865,154,H1087,19,PPT0055A,0东-10,46,70,100,0,24
866,632,H1087,17,PPT0053A,0东-6,47,62,105,0,15
863,622,H1087,21,PPT0057A,0东-14,47,62,106,0,15
879,101,H1087,16,PPT0052A,0东-4,48,77,86,0,29
871,102,H1088,2,BQM4803A,Bay48-S-3,83,120,94,26,37
759,154,H1088,20,PPT0056A,0东-12,50,101,133,0,51
760,144,H1088,12,PPT0002A,0西-3,50,99,132,0,49
843,834,H1087,7,BQM4853A,Bay48-N-3,76,101,105,0,25
842,824,H1088,15,PPT0051A,0东-2,50,75,105,0,25
859,835,H1087,14,PPT0004A,0西-7,52,80,101,0,28
858,825,H1088,11,PPT0001A,0西-1,52,80,101,0,28
761,134,H1088,8,BQM4503A,Bay45-S-3,73,121,132,0,48
765,124,H1087,55,PPT0808A,Bay8-S-15,53,100,131,0,47
878,832,H1087,13,PPT0003A,0西-5,53,76,94,0,23
877,822,H1087,10,BQM4202A,Bay42-S-2,53,76,94,0,23
849,143,H1087,3,BQM4808A,Bay48-S-8,53,75,105,0,22
850,153,H1087,9,BQM4504A,Bay45-S-4,53,75,105,0,22
853,835,H1088,37,PPT1013A,Bay10-S-25,54,76,103,0,22
852,825,H1088,39,PPT1052A,Bay10-N-4,54,76,103,0,22
795,183,H1087,43,PPT1056A,Bay10-N-12,54,76,118,0,22
796,193,H1087,44,PPT1057A,Bay10-N-14,54,76,118,0,22
815,283,H1087,45,PPT1058A,Bay10-N-16,55,86,113,0,31
811,293,H1087,7,BQM4853A,Bay48-N-3,141,172,114,58,31
873,832,H1088,46,PPT1059A,Bay10-N-18,55,73,101,0,18
872,822,H1088,47,PPT1060A,Bay10-N-20,55,73,101,0,18
771,628,H1088,38,PPT1051A,Bay10-N-2,59,82,128,0,23
772,638,H1088,48,PPT1061A,Bay10-N-22,59,82,128,0,23
812,803,H1087,23,PPT0059A,0东-18,60,90,108,0,30
824,631,H1088,49,PPT1062A,Bay10-N-24,60,75,114,0,15
789,273,H1088,17,PPT0053A,0东-6,62,87,121,0,25
788,263,H1088,21,PPT0057A,0东-14,62,87,121,0,25
825,621,H1088,31,PPT1007A,Bay10-S-13,62,77,114,0,15
838,623,H1088,32,PPT1008A,Bay10-S-15,63,78,111,0,15
839,633,H1088,50,PPT0801A,Bay8-S-1,63,78,111,0,15
844,102,H1087,52,PPT0803A,Bay8-S-5,64,85,102,0,21
820,133,H1088,53,PPT0804A,Bay8-S-7,65,94,107,0,29
777,261,H1088,56,PPT0809A,Bay8-S-17,65,99,124,0,34
821,123,H1088,57,PPT0810A,Bay8-S-19,66,95,107,0,29
840,103,H1088,2,BQM4803A,Bay48-S-3,160,190,103,87,30
776,271,H1088,25,PPT1001A,Bay10-S-1,67,101,125,0,34
766,268,H1087,26,PPT1002A,Bay10-S-3,67,96,130,0,29
841,184,H1088,35,PPT1011A,Bay10-S-21,68,98,103,0,30
836,194,H1088,41,PPT1054A,Bay10-N-8,68,98,104,0,30
875,161,H1087,58,PPT0811A,Bay8-S-21,68,86,96,0,18
876,171,H1087,59,PPT0857A,Bay8-N-14,68,86,96,0,18
779,272,H1087,60,PPT0858A,Bay8-N-16,68,99,128,0,31
778,262,H1088,61,PPT0859A,Bay8-N-18,68,99,128,0,31
767,278,H1087,62,PPT0861A,Bay8-N-22,68,96,130,0,28
762,801,H1088,7,BQM4853A,Bay48-N-3,172,206,129,77,34
783,183,H1087,19,PPT0055A,0东-10,71,91,123,0,20
784,193,H1087,24,PPT0060A,0东-20,71,91,123,0,20
832,182,H1087,8,BQM4503A,Bay45-S-3,172,189,113,76,17
833,192,H1087,22,PPT0058A,0东-16,72,89,113,0,17
816,642,H1087,28,PPT1004A,Bay10-S-7,72,88,117,0,16
817,652,H1087,33,PPT1009A,Bay10-S-17,72,88,117,0,16
769,124,H1087,64,PPT0863A,Bay8-N-26,73,98,128,0,25
770,134,H1087,65,PPT0864A,Bay8-N-28,73,98,128,0,25
845,182,H1087,4,BQM4810A,Bay48-S-10,74,92,109,0,18
846,192,H1087,34,PPT1010A,Bay10-S-19,74,92,109,0,18
791,832,H1088,3,BQM4808A,Bay48-S-8,75,111,118,0,36
790,822,H1088,9,BQM4504A,Bay45-S-4,75,111,118,0,36
774,271,H1088,15,PPT0051A,0东-2,75,107,127,0,32
773,261,H1088,54,PPT0807A,Bay8-S-13,75,107,127,0,32
798,125,H1087,13,PPT0003A,0西-5,76,110,113,0,34
780,135,H1087,36,PPT1012A,Bay10-S-23,76,119,123,0,43
800,836,H1087,63,PPT0862A,Bay8-N-24,76,105,112,0,29
799,826,H1087,4,BQM4810A,Bay48-S-10,92,121,112,9,29
834,123,H1087,10,BQM4202A,Bay42-S-2,76,98,107,0,22
835,133,H1088,8,BQM4503A,Bay45-S-3,189,211,107,104,22
813,824,H1087,16,PPT0052A,0东-4,77,104,113,0,27
818,834,H1087,31,PPT1007A,Bay10-S-13,77,102,112,0,25
763,629,H1087,37,PPT1013A,Bay10-S-25,77,109,132,0,32
764,639,H1087,39,PPT1052A,Bay10-N-4,77,109,132,0,32
851,144,H1088,2,BQM4803A,Bay48-S-3,190,205,102,103,15
806,282,H1088,11,PPT0001A,0西-1,80,110,117,0,30
801,292,H1087,14,PPT0004A,0西-7,80,110,118,0,30
785,122,H1087,27,PPT1003A,Bay10-S-5,81,109,127,0,28
786,132,H1087,30,PPT1006A,Bay10-S-11,81,109,127,0,28
697,683,H1088,32,PPT1008A,Bay10-S-15,81,105,161,0,24
698,693,H1088,40,PPT1053A,Bay10-N-6,81,105,161,0,24
826,823,H1088,38,PPT1051A,Bay10-N-2,82,109,111,0,27
827,833,H1087,42,PPT1055A,Bay10-N-10,82,106,111,0,24
814,112,H1087,50,PPT0801A,Bay8-S-1,82,100,112,0,18
855,834,H1088,18,PPT0054A,0东-8,83,102,108,0,19
854,824,H1088,29,PPT1005A,Bay10-S-9,83,102,108,0,19
755,269,H1088,43,PPT1056A,Bay10-N-12,83,112,139,0,29
756,279,H1088,44,PPT1057A,Bay10-N-14,83,112,139,0,29
736,101,H1087,46,PPT1059A,Bay10-N-18,83,111,148,0,28
685,110,H1087,47,PPT1060A,Bay10-N-20,84,125,150,0,41
808,653,H1088,48,PPT1061A,Bay10-N-22,85,101,119,0,16
807,643,H1088,49,PPT1062A,Bay10-N-24,85,101,119,0,16
775,102,H1088,45,PPT1058A,Bay10-N-16,86,121,122,0,35
860,833,H1087,17,PPT0053A,0东-6,87,103,108,0,16
837,823,H1088,21,PPT0057A,0东-14,87,105,113,0,18
725,123,H1088,52,PPT0803A,Bay8-S-5,87,129,152,0,42
726,133,H1088,2,BQM4803A,Bay48-S-3,205,247,152,95,42
656,124,H1087,58,PPT0811A,Bay8-S-21,88,114,174,0,26
657,134,H1087,59,PPT0857A,Bay8-N-14,88,114,174,0,26
741,143,H1088,22,PPT0058A,0东-16,89,124,149,0,35
742,153,H1088,28,PPT1004A,Bay10-S-7,89,124,149,0,35
781,142,H1087,19,PPT0055A,0东-10,91,121,131,0,30
782,152,H1087,23,PPT0059A,0东-18,91,121,131,0,30
678,193,H1088,53,PPT0804A,Bay8-S-7,94,129,166,0,35
671,183,H1087,24,PPT0060A,0东-20,91,126,167,0,35
746,103,H1088,7,BQM4853A,Bay48-N-3,206,244,139,105,38
683,182,H1087,33,PPT1009A,Bay10-S-17,92,132,166,0,40
684,192,H1087,8,BQM4503A,Bay45-S-3,211,251,166,85,40
753,161,H1087,34,PPT1010A,Bay10-S-19,93,130,139,0,37
754,171,H1087,57,PPT0810A,Bay8-S-19,95,132,139,0,37
747,184,H1087,26,PPT1002A,Bay10-S-3,96,124,141,0,28
748,194,H1087,51,PPT0802A,Bay8-S-3,96,124,141,0,28
666,261,H1088,62,PPT0861A,Bay8-N-22,96,135,169,0,39
667,271,H1087,64,PPT0863A,Bay8-N-26,98,137,169,0,39
699,144,H1087,7,BQM4853A,Bay48-N-3,244,282,158,124,38
692,154,H1088,2,BQM4803A,Bay48-S-3,247,286,160,126,39
596,294,H1088,41,PPT1054A,Bay10-N-8,98,143,179,0,45
589,284,H1087,65,PPT0864A,Bay8-N-28,98,143,180,0,45
600,293,H1088,12,PPT0002A,0西-3,99,142,177,0,43
595,283,H1088,56,PPT0809A,Bay8-S-17,99,142,180,0,43
679,272,H1088,60,PPT0858A,Bay8-N-16,99,132,168,0,33
680,262,H1088,61,PPT0859A,Bay8-N-18,99,132,168,0,33
658,101,H1087,8,BQM4503A,Bay45-S-3,251,282,172,110,31
659,101,H1088,7,BQM4853A,Bay48-N-3,282,313,172,141,31
636,144,H1087,10,BQM4202A,Bay42-S-2,98,123,181,0,25
643,154,H1088,35,PPT1011A,Bay10-S-21,98,122,180,0,24
768,101,H1087,50,PPT0801A,Bay8-S-1,100,122,123,0,22
668,112,H1087,55,PPT0808A,Bay8-S-15,100,141,153,0,41
686,162,H1087,20,PPT0056A,0东-12,101,133,162,0,32
615,172,H1088,25,PPT1001A,Bay10-S-1,101,133,180,0,32
613,144,H1088,48,PPT1061A,Bay10-N-22,101,126,183,0,25
614,154,H1088,49,PPT1062A,Bay10-N-24,101,126,183,0,25
711,103,H1088,8,BQM4503A,Bay45-S-3,282,316,154,162,34
730,331,H1088,18,PPT0054A,0东-8,102,134,154,0,32
729,321,H1088,17,PPT0053A,0东-6,103,135,154,0,32
661,836,H1088,63,PPT0862A,Bay8-N-24,105,160,166,0,55
660,826,H1088,4,BQM4810A,Bay48-S-10,121,176,166,10,55
719,801,H1087,16,PPT0052A,0东-4,104,137,153,0,33
628,125,H1088,29,PPT1005A,Bay10-S-9,102,144,180,0,42
629,135,H1088,31,PPT1007A,Bay10-S-13,102,144,180,0,42
700,143,H1087,21,PPT0057A,0东-14,105,131,159,0,26
701,153,H1087,32,PPT1008A,Bay10-S-15,105,131,159,0,26
712,134,H1088,40,PPT1053A,Bay10-N-6,105,149,154,0,44
727,102,H1088,2,BQM4803A,Bay48-S-3,286,321,150,171,35
728,102,H1088,7,BQM4853A,Bay48-N-3,313,348,150,198,35
687,801,H1087,15,PPT0051A,0东-2,107,140,163,0,33
650,628,H1088,42,PPT1055A,Bay10-N-10,106,129,177,0,23
651,638,H1087,54,PPT0807A,Bay8-S-13,107,130,177,0,23
713,124,H1088,27,PPT1003A,Bay10-S-5,109,153,154,0,44
720,103,H1087,8,BQM4503A,Bay45-S-3,316,350,152,198,34
705,123,H1087,11,PPT0001A,0西-1,110,138,155,0,28
706,123,H1087,13,PPT0003A,0西-5,110,138,155,0,28
707,133,H1088,58,PPT0811A,Bay8-S-21,114,142,155,0,28
708,133,H1088,59,PPT0857A,Bay8-N-14,114,142,155,0,28
731,101,H1087,30,PPT1006A,Bay10-S-11,109,137,150,0,28
745,104,H1088,38,PPT1051A,Bay10-N-2,109,130,151,0,21
693,322,H1088,37,PPT1013A,Bay10-S-25,109,148,159,0,39
694,332,H1088,39,PPT1052A,Bay10-N-4,109,148,159,0,39
703,834,H1087,14,PPT0004A,0西-7,110,143,159,0,33
702,824,H1087,9,BQM4504A,Bay45-S-4,111,144,159,0,33
743,142,H1088,3,BQM4808A,Bay48-S-8,111,133,151,0,22
744,152,H1088,46,PPT1059A,Bay10-N-18,111,133,151,0,22
749,161,H1087,43,PPT1056A,Bay10-N-12,112,129,146,0,17
750,161,H1087,44,PPT1057A,Bay10-N-14,112,129,146,0,17
751,171,H1087,36,PPT1012A,Bay10-S-23,119,136,146,0,17
752,171,H1087,19,PPT0055A,0东-10,121,138,146,0,17
709,173,H1088,23,PPT0059A,0东-18,121,143,159,0,22
704,163,H1087,45,PPT1058A,Bay10-N-16,121,143,160,0,22
682,694,H1088,35,PPT1011A,Bay10-S-21,122,160,166,0,38
681,684,H1088,50,PPT0801A,Bay8-S-1,122,160,166,0,38
715,833,H1087,10,BQM4202A,Bay42-S-2,123,154,159,0,31
714,823,H1088,22,PPT0058A,0东-16,124,155,159,0,31
733,835,H1087,26,PPT1002A,Bay10-S-3,124,150,151,0,26
732,825,H1087,28,PPT1004A,Bay10-S-7,124,150,151,0,26
740,832,H1088,51,PPT0802A,Bay8-S-3,124,146,153,0,22
739,822,H1088,47,PPT1060A,Bay10-N-20,125,147,153,0,22
737,142,H1087,24,PPT0060A,0东-20,126,148,153,0,22
738,152,H1087,48,PPT1061A,Bay10-N-22,126,148,153,0,22
670,835,H1087,49,PPT1062A,Bay10-N-24,126,166,170,0,40
669,825,H1087,42,PPT1055A,Bay10-N-10,129,169,170,0,40
722,835,H1087,43,PPT1056A,Bay10-N-12,129,156,154,2,27
721,825,H1087,44,PPT1057A,Bay10-N-14,129,156,154,2,27
735,832,H1087,52,PPT0803A,Bay8-S-5,129,151,155,0,22
734,822,H1087,53,PPT0804A,Bay8-S-7,129,151,155,0,22
695,221,H1088,34,PPT1010A,Bay10-S-19,130,142,173,0,12
696,221,H1088,38,PPT1051A,Bay10-N-2,130,142,173,0,12
688,231,H1087,54,PPT0807A,Bay8-S-13,130,144,173,0,14
689,231,H1087,21,PPT0057A,0东-14,131,145,173,0,14
716,834,H1087,2,BQM4803A,Bay48-S-3,321,347,156,191,26
665,832,H1088,32,PPT1008A,Bay10-S-15,131,166,173,0,35
664,822,H1088,33,PPT1009A,Bay10-S-17,132,167,173,0,35
710,834,H1088,2,BQM4803A,Bay48-S-3,347,372,158,214,25
723,182,H1088,57,PPT0810A,Bay8-S-19,132,151,159,0,19
724,192,H1088,60,PPT0858A,Bay8-N-16,132,151,159,0,19
717,182,H1087,61,PPT0859A,Bay8-N-18,132,151,160,0,19
718,192,H1087,3,BQM4808A,Bay48-S-8,133,152,160,0,19
672,122,H1087,20,PPT0056A,0东-12,133,150,171,0,17
673,122,H1087,25,PPT1001A,Bay10-S-1,133,150,171,0,17
674,132,H1087,46,PPT1059A,Bay10-N-18,133,150,171,0,17
675,132,H1088,18,PPT0054A,0东-8,134,151,171,0,17
690,143,H1087,17,PPT0053A,0东-6,135,161,162,0,26
691,153,H1088,62,PPT0861A,Bay8-N-22,135,161,162,0,26
481,836,H1087,64,PPT0863A,Bay8-N-26,137,191,214,0,54
480,826,H1087,4,BQM4810A,Bay48-S-10,176,230,214,16,54
676,103,H1088,7,BQM4853A,Bay48-N-3,348,364,171,193,16
677,103,H1088,8,BQM4503A,Bay45-S-3,350,366,171,195,16
639,271,H1087,36,PPT1012A,Bay10-S-23,136,170,180,0,34
640,271,H1087,16,PPT0052A,0东-4,137,171,180,0,34
637,261,H1087,11,PPT0001A,0西-1,138,172,180,0,34
638,261,H1087,13,PPT0003A,0西-5,138,172,180,0,34
585,111,H1088,7,BQM4853A,Bay48-N-3,364,389,187,202,25
586,111,H1088,8,BQM4503A,Bay45-S-3,366,391,187,204,25
616,632,H1088,30,PPT1006A,Bay10-S-11,137,151,188,0,14
617,632,H1088,19,PPT0055A,0东-10,138,152,188,0,14
641,622,H1087,15,PPT0051A,0东-2,140,153,186,0,13
642,622,H1087,55,PPT0808A,Bay8-S-15,141,154,186,0,13
630,629,H1088,12,PPT0002A,0西-3,142,174,182,0,32
631,629,H1088,34,PPT1010A,Bay10-S-19,142,174,182,0,32
632,639,H1088,38,PPT1051A,Bay10-N-2,142,174,182,0,32
633,639,H1088,56,PPT0809A,Bay8-S-17,142,174,182,0,32
529,102,H1087,2,BQM4803A,Bay48-S-3,372,419,193,226,47
557,144,H1087,58,PPT0811A,Bay8-S-21,142,165,202,0,23
558,144,H1087,59,PPT0857A,Bay8-N-14,142,165,202,0,23
559,154,H1087,14,PPT0004A,0西-7,143,166,202,0,23
560,154,H1087,23,PPT0059A,0东-18,143,166,202,0,23
574,101,H1087,41,PPT1054A,Bay10-N-8,143,188,192,0,45
618,268,H1088,45,PPT1058A,Bay10-N-16,143,173,182,0,30
619,278,H1087,65,PPT0864A,Bay8-N-28,143,173,182,0,30
605,268,H1087,9,BQM4504A,Bay45-S-4,144,174,183,0,30
606,278,H1087,29,PPT1005A,Bay10-S-9,144,174,183,0,30
590,183,H1087,31,PPT1007A,Bay10-S-13,144,165,191,0,21
591,193,H1087,54,PPT0807A,Bay8-S-13,144,165,191,0,21
644,143,H1088,21,PPT0057A,0东-14,145,166,181,0,21
645,143,H1088,51,PPT0802A,Bay8-S-3,146,167,181,0,21
646,153,H1088,47,PPT1060A,Bay10-N-20,147,168,181,0,21
647,153,H1088,24,PPT0060A,0东-20,148,169,181,0,21
587,183,H1087,37,PPT1013A,Bay10-S-25,148,169,192,0,21
588,193,H1087,39,PPT1052A,Bay10-N-4,148,169,192,0,21
562,124,H1087,48,PPT1061A,Bay10-N-22,148,170,200,0,22
563,124,H1088,40,PPT1053A,Bay10-N-6,149,171,200,0,22
564,134,H1088,7,BQM4853A,Bay48-N-3,389,411,200,211,22
565,134,H1088,8,BQM4503A,Bay45-S-3,391,413,200,213,22
634,124,H1088,20,PPT0056A,0东-12,150,176,181,0,26
635,134,H1087,18,PPT0054A,0东-8,151,177,181,0,26
601,269,H1088,25,PPT1001A,Bay10-S-1,150,179,186,0,29
602,269,H1088,26,PPT1002A,Bay10-S-3,150,179,186,0,29
603,279,H1087,28,PPT1004A,Bay10-S-7,150,179,186,0,29
604,279,H1087,46,PPT1059A,Bay10-N-18,150,179,186,0,29
648,628,H1088,30,PPT1006A,Bay10-S-11,151,174,181,0,23
649,638,H1088,52,PPT0803A,Bay8-S-5,151,174,181,0,23
535,834,H1088,53,PPT0804A,Bay8-S-7,151,185,209,0,34
534,824,H1088,57,PPT0810A,Bay8-S-19,151,185,209,0,34
599,824,H1088,60,PPT0858A,Bay8-N-16,151,177,186,0,26
543,833,H1087,61,PPT0859A,Bay8-N-18,151,183,209,0,32
542,823,H1087,19,PPT0055A,0东-10,152,184,209,0,32
652,102,H1087,15,PPT0051A,0东-2,153,173,173,0,20
653,102,H1087,27,PPT1003A,Bay10-S-5,153,173,173,0,20
598,824,H1088,3,BQM4808A,Bay48-S-8,152,178,187,0,26
620,621,H1087,10,BQM4202A,Bay42-S-2,154,168,188,0,14
621,621,H1087,55,PPT0808A,Bay8-S-15,154,168,188,0,14
607,631,H1087,22,PPT0058A,0东-16,155,168,189,0,13
608,631,H1087,43,PPT1056A,Bay10-N-12,156,169,189,0,13
581,272,H1088,44,PPT1057A,Bay10-N-14,156,187,199,0,31
582,272,H1088,35,PPT1011A,Bay10-S-21,160,191,199,0,31
579,262,H1088,50,PPT0801A,Bay8-S-1,160,191,199,0,31
580,262,H1088,17,PPT0053A,0东-6,161,192,199,0,31
662,183,H1088,63,PPT0862A,Bay8-N-24,160,180,178,2,20
663,193,H1088,62,PPT0861A,Bay8-N-22,161,181,178,3,20
494,835,H1087,31,PPT1007A,Bay10-S-13,165,204,220,0,39
493,825,H1087,54,PPT0807A,Bay8-S-13,165,204,220,0,39
597,101,H1088,7,BQM4853A,Bay48-N-3,411,441,185,256,30
654,183,H1087,58,PPT0811A,Bay8-S-21,165,184,179,5,19
655,193,H1087,59,PPT0857A,Bay8-N-14,165,184,179,5,19
592,231,H1087,14,PPT0004A,0西-7,166,187,198,0,21
538,283,H1088,21,PPT0057A,0东-14,166,197,209,0,31
539,293,H1087,8,BQM4503A,Bay45-S-3,413,444,209,235,31
497,832,H1087,23,PPT0059A,0东-18,166,201,219,0,35
496,822,H1087,32,PPT1008A,Bay10-S-15,166,201,219,0,35
584,221,H1088,49,PPT1062A,Bay10-N-24,166,186,206,0,20
548,282,H1088,33,PPT1009A,Bay10-S-17,167,197,209,0,30
549,292,H1088,51,PPT0802A,Bay8-S-3,167,197,209,0,30
544,631,H1087,10,BQM4202A,Bay42-S-2,168,176,212,0,8
501,694,H1088,22,PPT0058A,0东-16,168,206,216,0,38
500,684,H1088,47,PPT1060A,Bay10-N-20,168,206,216,0,38
540,621,H1087,55,PPT0808A,Bay8-S-15,168,178,213,0,10
526,123,H1087,39,PPT1052A,Bay10-N-4,169,208,206,2,39
609,182,H1087,24,PPT0060A,0东-20,169,187,189,0,18
610,182,H1087,65,PPT0864A,Bay8-N-28,173,191,189,2,18
611,192,H1088,37,PPT1013A,Bay10-S-25,169,187,189,0,18
612,192,H1088,42,PPT1055A,Bay10-N-10,169,187,189,0,18
423,110,H1088,43,PPT1056A,Bay10-N-12,169,220,219,1,51
528,182,H1087,36,PPT1012A,Bay10-S-23,170,207,205,2,37
570,271,H1088,48,PPT1061A,Bay10-N-22,170,201,199,2,31
571,271,H1087,16,PPT0052A,0东-4,171,202,199,3,31
568,261,H1088,11,PPT0001A,0西-1,172,203,199,4,31
569,261,H1088,13,PPT0003A,0西-5,172,203,199,4,31
566,111,H1088,2,BQM4803A,Bay48-S-3,419,444,197,247,25
622,123,H1087,40,PPT1053A,Bay10-N-6,171,194,182,12,23
623,123,H1087,15,PPT0051A,0东-2,173,196,182,14,23
624,133,H1087,7,BQM4853A,Bay48-N-3,441,464,182,282,23
625,133,H1087,2,BQM4803A,Bay48-S-3,444,467,182,285,23
561,133,H1087,8,BQM4503A,Bay45-S-3,444,472,201,271,28
550,123,H1088,27,PPT1003A,Bay10-S-5,173,201,205,0,28
567,102,H1088,45,PPT1058A,Bay10-N-16,173,211,197,14,38
502,192,H1088,9,BQM4504A,Bay45-S-4,174,211,211,0,37
420,294,H1088,12,PPT0002A,0西-3,174,219,231,0,45
419,284,H1088,29,PPT1005A,Bay10-S-9,174,219,232,0,45
523,633,H1087,30,PPT1006A,Bay10-S-11,174,208,210,0,34
522,623,H1088,34,PPT1010A,Bay10-S-19,174,208,210,0,34
424,293,H1088,38,PPT1051A,Bay10-N-2,174,217,231,0,43
627,231,H1088,52,PPT0803A,Bay8-S-5,174,188,190,0,14
626,221,H1087,56,PPT0809A,Bay8-S-17,174,188,190,0,14
438,111,H1088,7,BQM4853A,Bay48-N-3,464,504,217,287,40
467,103,H1088,2,BQM4803A,Bay48-S-3,467,507,217,290,40
575,122,H1087,10,BQM4202A,Bay42-S-2,176,203,200,3,27
576,132,H1087,20,PPT0056A,0东-12,176,203,200,3,27
593,112,H1087,18,PPT0054A,0东-8,177,195,188,7,18
594,112,H1087,60,PPT0858A,Bay8-N-16,177,195,188,7,18
418,283,H1087,55,PPT0808A,Bay8-S-15,178,222,234,0,44
545,273,H1087,25,PPT1001A,Bay10-S-1,179,205,210,0,26
541,263,H1087,26,PPT1002A,Bay10-S-3,179,205,211,0,26
536,143,H1088,3,BQM4808A,Bay48-S-8,178,209,210,0,31
537,153,H1088,28,PPT1004A,Bay10-S-7,179,210,210,0,31
516,124,H1088,46,PPT1059A,Bay10-N-18,179,211,215,0,32
517,134,H1088,8,BQM4503A,Bay45-S-3,472,504,215,289,32
583,112,H1088,63,PPT0862A,Bay8-N-24,180,198,195,3,18
509,683,H1087,62,PPT0861A,Bay8-N-22,181,205,216,0,24
510,693,H1087,61,PPT0859A,Bay8-N-18,183,207,216,0,24
555,632,H1087,19,PPT0055A,0东-10,184,200,208,0,16
531,632,H1088,58,PPT0811A,Bay8-S-21,184,213,211,2,29
530,622,H1087,59,PPT0857A,Bay8-N-14,184,213,211,2,29
556,622,H1087,53,PPT0804A,Bay8-S-7,185,200,208,0,15
483,271,H1088,57,PPT0810A,Bay8-S-19,185,216,223,0,31
482,261,H1087,14,PPT0004A,0西-7,187,218,223,0,31
553,182,H1088,49,PPT1062A,Bay10-N-24,186,203,210,0,17
554,192,H1088,24,PPT0060A,0东-20,187,204,210,0,17
468,154,H1088,37,PPT1013A,Bay10-S-25,187,226,225,1,39
503,144,H1088,42,PPT1055A,Bay10-N-10,187,218,217,1,31
572,103,H1087,7,BQM4853A,Bay48-N-3,504,530,201,329,26
513,835,H1087,44,PPT1057A,Bay10-N-14,187,207,216,0,20
514,835,H1087,41,PPT1054A,Bay10-N-8,188,208,216,0,20
511,825,H1087,52,PPT0803A,Bay8-S-5,188,208,216,0,20
512,825,H1087,56,PPT0809A,Bay8-S-17,188,208,216,0,20
470,273,H1088,35,PPT1011A,Bay10-S-21,191,216,228,0,25
469,263,H1088,50,PPT0801A,Bay8-S-1,191,216,228,0,25
461,124,H1087,64,PPT0863A,Bay8-N-26,191,224,223,1,33
462,283,H1087,65,PPT0864A,Bay8-N-28,191,221,227,0,30
450,293,H1087,8,BQM4503A,Bay45-S-3,504,534,228,306,30
573,104,H1087,17,PPT0053A,0东-6,192,207,205,2,15
460,273,H1087,40,PPT1053A,Bay10-N-6,194,219,229,0,25
459,263,H1087,18,PPT0054A,0东-8,195,220,229,0,25
446,193,H1087,4,BQM4810A,Bay48-S-10,230,265,226,39,35
451,134,H1088,60,PPT0858A,Bay8-N-16,195,228,224,4,33
504,662,H1088,15,PPT0051A,0东-2,196,223,218,5,27
505,672,H1088,21,PPT0057A,0东-14,197,224,218,6,27
447,283,H1087,33,PPT1009A,Bay10-S-17,197,228,229,0,31
445,293,H1087,2,BQM4803A,Bay48-S-3,507,538,230,308,31
532,162,H1088,51,PPT0802A,Bay8-S-3,197,218,212,6,21
533,172,H1088,19,PPT0055A,0东-10,200,221,212,9,21
578,132,H1087,63,PPT0862A,Bay8-N-24,198,212,205,7,14
577,122,H1087,53,PPT0804A,Bay8-S-7,200,214,205,9,14
525,832,H1087,23,PPT0059A,0东-18,201,217,218,0,16
524,822,H1087,27,PPT1003A,Bay10-S-5,201,217,218,0,16
506,143,H1088,32,PPT1008A,Bay10-S-15,201,226,217,9,25
507,153,H1087,48,PPT1061A,Bay10-N-22,201,226,217,9,25
521,191,H1088,16,PPT0052A,0东-4,202,226,216,10,24
520,832,H1088,10,BQM4202A,Bay42-S-2,203,219,219,0,16
519,822,H1088,11,PPT0001A,0西-1,203,219,219,0,16
448,183,H1087,13,PPT0003A,0西-5,203,236,226,10,33
463,125,H1087,20,PPT0056A,0东-12,203,234,224,10,31
518,181,H1088,49,PPT1062A,Bay10-N-24,203,227,217,10,24
546,161,H1087,24,PPT0060A,0东-20,204,223,212,11,19
547,171,H1088,54,PPT0807A,Bay8-S-13,204,223,212,11,19
406,801,H1088,7,BQM4853A,Bay48-N-3,530,588,250,338,58
551,623,H1088,31,PPT1007A,Bay10-S-13,204,219,211,8,15
552,633,H1088,25,PPT1001A,Bay10-S-1,205,220,211,9,15
433,631,H1087,26,PPT1002A,Bay10-S-3,205,242,232,10,37
432,621,H1087,62,PPT0861A,Bay8-N-22,205,242,232,10,37
452,803,H1088,22,PPT0058A,0东-16,206,235,222,13,29
453,135,H1088,47,PPT1060A,Bay10-N-20,206,236,225,11,30
449,803,H1087,17,PPT0053A,0东-6,207,236,223,13,29
472,272,H1088,36,PPT1012A,Bay10-S-23,207,238,228,10,31
471,262,H1088,44,PPT1057A,Bay10-N-14,207,238,228,10,31
454,194,H1088,4,BQM4810A,Bay48-S-10,265,293,225,68,28
455,184,H1088,61,PPT0859A,Bay8-N-18,207,234,225,9,27
498,183,H1087,30,PPT1006A,Bay10-S-11,208,230,220,10,22
499,193,H1088,34,PPT1010A,Bay10-S-19,208,230,220,10,22
377,102,H1088,8,BQM4503A,Bay45-S-3,534,586,251,335,52
402,101,H1087,39,PPT1052A,Bay10-N-4,208,257,249,8,49
436,112,H1088,2,BQM4803A,Bay48-S-3,538,568,230,338,30
484,623,H1088,41,PPT1054A,Bay10-N-8,208,223,228,0,15
485,633,H1088,52,PPT0803A,Bay8-S-5,208,223,228,0,15
489,155,H1088,56,PPT0809A,Bay8-S-17,208,230,224,6,22
476,623,H1087,3,BQM4808A,Bay48-S-8,209,224,229,0,15
477,633,H1087,28,PPT1004A,Bay10-S-7,210,225,229,0,15
456,671,H1088,9,BQM4504A,Bay45-S-4,211,236,228,8,25
495,144,H1087,45,PPT1058A,Bay10-N-16,211,231,223,8,20
490,154,H1088,46,PPT1059A,Bay10-N-18,211,231,224,7,20
478,642,H1087,58,PPT0811A,Bay8-S-21,213,229,229,0,16
479,652,H1087,59,PPT0857A,Bay8-N-14,213,229,229,0,16
486,145,H1088,53,PPT0804A,Bay8-S-7,214,234,225,9,20
473,642,H1088,35,PPT1011A,Bay10-S-21,216,232,230,2,16
474,652,H1088,50,PPT0801A,Bay8-S-1,216,232,230,2,16
408,801,H1088,2,BQM4803A,Bay48-S-3,568,605,247,358,37
407,801,H1088,8,BQM4503A,Bay45-S-3,586,623,248,375,37
441,836,H1088,63,PPT0862A,Bay8-N-24,212,245,229,16,33
442,836,H1088,57,PPT0810A,Bay8-S-19,216,249,229,20,33
439,826,H1088,4,BQM4810A,Bay48-S-10,293,326,229,97,33
440,826,H1088,4,BQM4810A,Bay48-S-10,326,359,229,130,33
427,661,H1087,23,PPT0059A,0东-18,217,246,239,7,29
426,834,H1088,27,PPT1003A,Bay10-S-5,217,236,244,0,19
425,824,H1088,38,PPT1051A,Bay10-N-2,217,236,244,0,19
430,832,H1087,14,PPT0004A,0西-7,218,236,244,0,18
431,833,H1087,42,PPT1055A,Bay10-N-10,218,236,244,0,18
428,822,H1087,51,PPT0802A,Bay8-S-3,218,236,244,0,18
429,823,H1087,10,BQM4202A,Bay42-S-2,219,237,244,0,18
434,803,H1087,11,PPT0001A,0西-1,219,251,231,20,32
437,292,H1088,12,PPT0002A,0西-3,219,253,236,17,34
444,282,H1087,29,PPT1005A,Bay10-S-9,219,251,234,17,32
443,282,H1087,31,PPT1007A,Bay10-S-13,219,251,235,16,32
435,292,H1088,40,PPT1053A,Bay10-N-6,219,252,237,15,33
415,836,H1087,18,PPT0054A,0东-8,220,251,241,10,31
414,826,H1087,4,BQM4810A,Bay48-S-10,359,390,241,149,31
398,825,H1087,7,BQM4853A,Bay48-N-3,588,621,258,363,33
465,653,H1087,25,PPT1001A,Bay10-S-1,220,236,231,5,16
464,643,H1087,43,PPT1056A,Bay10-N-12,220,236,231,5,16
492,834,H1087,19,PPT0055A,0东-10,221,243,226,17,22
491,824,H1087,65,PPT0864A,Bay8-N-28,221,243,226,17,22
488,834,H1088,55,PPT0808A,Bay8-S-15,222,244,227,17,22
487,824,H1088,15,PPT0051A,0东-2,223,245,227,18,22
390,182,H1088,24,PPT0060A,0东-20,223,264,260,4,41
458,653,H1088,41,PPT1054A,Bay10-N-8,223,238,232,6,15
457,643,H1088,52,PPT0803A,Bay8-S-5,223,238,232,6,15
378,123,H1088,54,PPT0807A,Bay8-S-13,223,266,263,3,43
379,133,H1087,2,BQM4803A,Bay48-S-3,605,648,263,385,43
394,833,H1088,7,BQM4853A,Bay48-N-3,621,651,261,390,30
393,823,H1088,64,PPT0863A,Bay8-N-26,224,254,261,0,30
403,824,H1088,8,BQM4503A,Bay45-S-3,623,657,250,407,34
515,833,H1088,3,BQM4808A,Bay48-S-8,224,239,222,17,15
475,823,H1087,21,PPT0057A,0东-14,224,245,231,14,21
413,834,H1087,28,PPT1004A,Bay10-S-7,225,258,241,17,33
508,833,H1087,16,PPT0052A,0东-4,226,241,223,18,15
330,110,H1088,32,PPT1008A,Bay10-S-15,226,280,277,3,54
466,823,H1087,37,PPT1013A,Bay10-S-25,226,247,232,15,21
373,192,H1088,48,PPT1061A,Bay10-N-22,226,267,266,1,41
417,643,H1087,49,PPT1062A,Bay10-N-24,227,246,248,0,19
416,642,H1087,33,PPT1009A,Bay10-S-17,228,247,248,0,19
412,653,H1087,60,PPT0858A,Bay8-N-16,228,247,251,0,19
411,652,H1087,58,PPT0811A,Bay8-S-21,229,248,251,0,19
400,832,H1087,59,PPT0857A,Bay8-N-14,229,253,261,0,24
399,822,H1087,30,PPT1006A,Bay10-S-11,230,254,261,0,24
351,111,H1087,2,BQM4803A,Bay48-S-3,648,692,272,420,44
381,633,H1087,34,PPT1010A,Bay10-S-19,230,268,266,2,38
380,623,H1087,56,PPT0809A,Bay8-S-17,230,268,266,2,38
372,835,H1088,45,PPT1058A,Bay10-N-16,231,263,268,0,32
395,845,H1087,46,PPT1059A,Bay10-N-18,231,262,260,2,31
353,801,H1087,7,BQM4853A,Bay48-N-3,651,698,276,422,47
385,855,H1087,35,PPT1011A,Bay10-S-21,232,263,262,1,31
422,231,H1088,50,PPT0801A,Bay8-S-1,232,249,247,2,17
421,221,H1088,20,PPT0056A,0东-12,234,251,247,4,17
357,103,H1088,2,BQM4803A,Bay48-S-3,692,735,274,461,43
382,683,H1087,53,PPT0804A,Bay8-S-7,234,266,265,1,32
383,693,H1087,61,PPT0859A,Bay8-N-18,234,266,265,1,32
386,643,H1087,22,PPT0058A,0东-16,235,261,267,0,26
384,653,H1087,9,BQM4504A,Bay45-S-4,236,262,268,0,26
410,835,H1088,13,PPT0003A,0西-5,236,261,248,13,25
409,825,H1088,14,PPT0004A,0西-7,236,261,248,13,25
392,632,H1088,17,PPT0053A,0东-6,236,265,267,0,29
391,622,H1088,25,PPT1001A,Bay10-S-1,236,265,267,0,29
324,101,H1088,8,BQM4503A,Bay45-S-3,657,687,295,392,30
325,101,H1088,8,BQM4503A,Bay45-S-3,687,717,295,422,30
360,193,H1088,4,BQM4810A,Bay48-S-10,390,425,279,146,35
363,124,H1087,27,PPT1003A,Bay10-S-5,236,268,277,0,32
361,183,H1088,51,PPT0802A,Bay8-S-3,236,269,279,0,33
374,662,H1088,38,PPT1051A,Bay10-N-2,236,263,273,0,27
375,672,H1088,42,PPT1055A,Bay10-N-10,236,263,273,0,27
356,134,H1088,43,PPT1056A,Bay10-N-12,236,269,280,0,33
387,191,H1088,47,PPT1060A,Bay10-N-20,236,259,270,0,23
401,104,H1087,10,BQM4202A,Bay42-S-2,237,252,262,0,15
362,125,H1088,36,PPT1012A,Bay10-S-23,238,269,279,0,31
376,181,H1088,41,PPT1054A,Bay10-N-8,238,262,272,0,24
388,162,H1088,44,PPT1057A,Bay10-N-14,238,259,269,0,21
389,172,H1088,52,PPT0803A,Bay8-S-5,238,259,269,0,21
405,132,H1088,3,BQM4808A,Bay48-S-8,239,253,262,0,14
404,122,H1088,16,PPT0052A,0东-4,241,255,262,0,14
358,135,H1088,26,PPT1002A,Bay10-S-3,242,273,280,0,31
364,194,H1087,4,BQM4810A,Bay48-S-10,425,453,277,176,28
369,143,H1087,62,PPT0861A,Bay8-N-22,242,267,274,0,25
370,153,H1087,19,PPT0055A,0东-10,243,268,274,0,25
340,631,H1088,65,PPT0864A,Bay8-N-28,243,280,288,0,37
339,621,H1088,55,PPT0808A,Bay8-S-15,244,281,288,0,37
365,184,H1087,63,PPT0862A,Bay8-N-24,245,271,277,0,26
396,161,H1087,15,PPT0051A,0东-2,245,263,269,0,18
397,171,H1087,60,PPT0858A,Bay8-N-16,247,265,269,0,18
336,694,H1087,21,PPT0057A,0东-14,245,280,293,0,35
333,684,H1087,23,PPT0059A,0东-18,246,281,294,0,35
354,221,H1087,49,PPT1062A,Bay10-N-24,246,258,297,0,12
355,221,H1088,58,PPT0811A,Bay8-S-21,248,260,297,0,12
349,231,H1087,33,PPT1009A,Bay10-S-17,247,261,297,0,14
350,231,H1087,37,PPT1013A,Bay10-S-25,247,261,297,0,14
341,112,H1088,50,PPT0801A,Bay8-S-1,249,279,286,0,30
368,155,H1087,57,PPT0810A,Bay8-S-19,249,272,279,0,23
359,671,H1088,11,PPT0001A,0西-1,251,276,283,0,25
371,144,H1088,18,PPT0054A,0东-8,251,270,277,0,19
342,122,H1088,20,PPT0056A,0东-12,251,267,292,0,16
343,122,H1088,29,PPT1005A,Bay10-S-9,251,267,292,0,16
344,132,H1088,31,PPT1007A,Bay10-S-13,251,267,292,0,16
345,132,H1088,40,PPT1053A,Bay10-N-6,252,268,292,0,16
346,103,H1088,7,BQM4853A,Bay48-N-3,698,714,292,422,16
347,103,H1087,7,BQM4853A,Bay48-N-3,714,730,292,438,16
366,145,H1087,10,BQM4202A,Bay42-S-2,252,272,280,0,20
367,154,H1087,3,BQM4808A,Bay48-S-8,253,273,280,0,20
266,654,H1088,12,PPT0002A,0西-3,253,284,310,0,31
265,644,H1088,8,BQM4503A,Bay45-S-3,717,748,310,438,31
279,111,H1088,7,BQM4853A,Bay48-N-3,730,755,305,450,25
280,111,H1088,2,BQM4803A,Bay48-S-3,735,760,305,455,25
292,825,H1088,8,BQM4503A,Bay45-S-3,748,778,299,479,30
307,632,H1088,59,PPT0857A,Bay8-N-14,253,267,305,0,14
308,632,H1088,30,PPT1006A,Bay10-S-11,254,268,305,0,14
326,622,H1088,64,PPT0863A,Bay8-N-26,254,267,303,0,13
327,622,H1088,16,PPT0052A,0东-4,255,268,303,0,13
288,833,H1087,7,BQM4853A,Bay48-N-3,755,785,303,482,30
287,823,H1087,52,PPT0803A,Bay8-S-5,259,289,303,0,30
213,101,H1088,2,BQM4803A,Bay48-S-3,760,790,321,469,30
214,101,H1088,8,BQM4503A,Bay45-S-3,778,808,321,487,30
348,661,H1087,39,PPT1052A,Bay10-N-4,257,282,290,0,25
221,144,H1087,28,PPT1004A,Bay10-S-7,258,281,321,0,23
222,144,H1087,49,PPT1062A,Bay10-N-24,258,281,321,0,23
223,154,H1087,44,PPT1057A,Bay10-N-14,259,282,321,0,23
224,154,H1087,47,PPT1060A,Bay10-N-20,259,282,321,0,23
332,824,H1087,7,BQM4853A,Bay48-N-3,785,815,292,523,30
281,183,H1088,58,PPT0811A,Bay8-S-21,260,281,310,0,21
282,183,H1088,13,PPT0003A,0西-5,261,282,310,0,21
283,193,H1087,14,PPT0004A,0西-7,261,282,310,0,21
284,193,H1087,22,PPT0058A,0东-16,261,282,310,0,21
229,124,H1088,33,PPT1009A,Bay10-S-17,261,283,318,0,22
230,124,H1088,37,PPT1013A,Bay10-S-25,261,283,318,0,22
231,134,H1088,2,BQM4803A,Bay48-S-3,790,812,318,494,22
232,134,H1088,8,BQM4503A,Bay45-S-3,808,830,318,512,22
352,834,H1087,9,BQM4504A,Bay45-S-4,262,292,283,9,30
296,832,H1088,15,PPT0051A,0东-2,263,287,303,0,24
295,822,H1088,41,PPT1054A,Bay10-N-8,262,286,303,0,24
317,143,H1087,46,PPT1059A,Bay10-N-18,262,283,300,0,21
318,143,H1087,35,PPT1011A,Bay10-S-21,263,284,300,0,21
319,153,H1087,38,PPT1051A,Bay10-N-2,263,284,300,0,21
320,153,H1087,42,PPT1055A,Bay10-N-10,263,284,300,0,21
289,845,H1087,45,PPT1058A,Bay10-N-16,263,295,301,0,32
241,835,H1087,24,PPT0060A,0东-20,264,296,309,0,32
285,855,H1087,17,PPT0053A,0东-6,265,296,303,0,31
329,835,H1088,25,PPT1001A,Bay10-S-1,265,284,298,0,19
328,825,H1088,60,PPT0858A,Bay8-N-16,265,284,298,0,19
310,835,H1088,53,PPT0804A,Bay8-S-7,266,286,300,0,20
309,825,H1088,54,PPT0807A,Bay8-S-13,266,286,300,0,20
338,832,H1087,61,PPT0859A,Bay8-N-18,266,282,300,0,16
337,822,H1087,20,PPT0056A,0东-12,267,283,300,0,16
246,683,H1088,29,PPT1005A,Bay10-S-9,267,301,309,0,34
247,693,H1088,31,PPT1007A,Bay10-S-13,267,301,309,0,34
267,283,H1087,48,PPT1061A,Bay10-N-22,267,297,311,0,30
251,293,H1087,2,BQM4803A,Bay48-S-3,812,842,312,530,30
252,293,H1087,7,BQM4853A,Bay48-N-3,815,845,312,533,30
335,832,H1087,59,PPT0857A,Bay8-N-14,267,283,301,0,16
334,822,H1087,62,PPT0861A,Bay8-N-22,267,283,301,0,16
311,621,H1088,64,PPT0863A,Bay8-N-26,267,281,305,0,14
312,621,H1088,16,PPT0052A,0东-4,268,282,305,0,14
305,631,H1087,19,PPT0055A,0东-10,268,281,306,0,13
306,631,H1087,27,PPT1003A,Bay10-S-5,268,281,306,0,13
200,801,H1088,8,BQM4503A,Bay45-S-3,830,874,318,556,44
248,283,H1088,30,PPT1006A,Bay10-S-11,268,299,313,0,31
286,643,H1087,34,PPT1010A,Bay10-S-19,268,294,308,0,26
255,273,H1087,40,PPT1053A,Bay10-N-6,268,293,314,0,25
256,273,H1087,56,PPT0809A,Bay8-S-17,268,293,314,0,25
253,263,H1087,36,PPT1012A,Bay10-S-23,269,294,314,0,25
254,263,H1087,43,PPT1056A,Bay10-N-12,269,294,314,0,25
269,653,H1087,51,PPT0802A,Bay8-S-3,269,295,309,0,26
270,803,H1087,18,PPT0054A,0东-8,270,299,304,0,29
268,803,H1087,10,BQM4202A,Bay42-S-2,272,301,305,0,29
243,231,H1088,57,PPT0810A,Bay8-S-19,272,286,322,0,14
244,231,H1088,26,PPT1002A,Bay10-S-3,273,287,322,0,14
257,221,H1087,11,PPT0001A,0西-1,276,287,322,0,11
258,221,H1087,50,PPT0801A,Bay8-S-1,279,290,322,0,11
313,102,H1088,21,PPT0057A,0东-14,280,300,297,3,20
314,102,H1088,65,PPT0864A,Bay8-N-28,280,300,297,3,20
227,272,H1088,32,PPT1008A,Bay10-S-15,280,312,322,0,32
228,272,H1088,19,PPT0055A,0东-10,281,313,322,0,32
225,262,H1087,23,PPT0059A,0东-18,281,313,322,0,32
226,262,H1087,27,PPT1003A,Bay10-S-5,281,313,322,0,32
233,122,H1088,3,BQM4808A,Bay48-S-8,273,290,318,0,17
234,122,H1088,28,PPT1004A,Bay10-S-7,281,298,318,0,17
235,132,H1087,49,PPT1062A,Bay10-N-24,281,298,318,0,17
236,132,H1087,55,PPT0808A,Bay8-S-15,281,298,318,0,17
297,182,H1088,63,PPT0862A,Bay8-N-24,271,289,307,0,18
298,182,H1088,58,PPT0811A,Bay8-S-21,281,299,307,0,18
299,192,H1087,64,PPT0863A,Bay8-N-26,281,299,307,0,18
300,192,H1087,13,PPT0003A,0西-5,282,300,307,0,18
237,103,H1087,2,BQM4803A,Bay48-S-3,842,858,318,540,16
238,103,H1087,7,BQM4853A,Bay48-N-3,845,861,318,543,16
205,632,H1087,14,PPT0004A,0西-7,282,296,330,0,14
206,632,H1087,16,PPT0052A,0东-4,282,296,330,0,14
180,111,H1088,2,BQM4803A,Bay48-S-3,858,882,331,551,24
181,111,H1088,7,BQM4853A,Bay48-N-3,861,885,331,554,24
271,623,H1087,22,PPT0058A,0东-16,282,297,314,0,15
272,623,H1087,39,PPT1052A,Bay10-N-4,282,297,314,0,15
273,633,H1087,44,PPT1057A,Bay10-N-14,282,297,314,0,15
274,633,H1087,47,PPT1060A,Bay10-N-20,282,297,314,0,15
215,622,H1088,61,PPT0859A,Bay8-N-18,282,294,328,0,12
216,622,H1088,20,PPT0056A,0东-12,283,295,328,0,12
198,801,H1088,8,BQM4503A,Bay45-S-3,874,908,326,582,34
199,801,H1088,2,BQM4803A,Bay48-S-3,882,916,326,590,34
301,123,H1087,33,PPT1009A,Bay10-S-17,283,306,301,5,23
302,123,H1087,37,PPT1013A,Bay10-S-25,283,306,301,5,23
303,133,H1087,7,BQM4853A,Bay48-N-3,885,908,301,607,23
304,133,H1087,7,BQM4853A,Bay48-N-3,908,931,301,630,23
275,642,H1088,46,PPT1059A,Bay10-N-18,283,299,314,0,16
276,642,H1088,59,PPT0857A,Bay8-N-14,283,299,314,0,16
277,652,H1088,62,PPT0861A,Bay8-N-22,283,299,314,0,16
278,652,H1088,12,PPT0002A,0西-3,284,300,314,0,16
152,144,H1088,25,PPT1001A,Bay10-S-1,284,308,346,0,24
153,144,H1088,35,PPT1011A,Bay10-S-21,284,308,346,0,24
154,154,H1088,38,PPT1051A,Bay10-N-2,284,308,346,0,24
155,154,H1087,42,PPT1055A,Bay10-N-10,284,308,346,0,24
219,271,H1087,60,PPT0858A,Bay8-N-16,284,316,322,0,32
220,271,H1087,41,PPT1054A,Bay10-N-8,286,318,322,0,32
217,261,H1088,53,PPT0804A,Bay8-S-7,286,318,322,0,32
218,261,H1088,54,PPT0807A,Bay8-S-13,286,318,322,0,32
162,124,H1087,57,PPT0810A,Bay8-S-19,286,309,343,0,23
163,124,H1088,11,PPT0001A,0西-1,287,310,343,0,23
164,134,H1088,8,BQM4503A,Bay45-S-3,908,931,343,588,23
165,134,H1088,2,BQM4803A,Bay48-S-3,916,939,343,596,23
260,836,H1088,15,PPT0051A,0东-2,287,316,308,8,29
259,826,H1088,4,BQM4810A,Bay48-S-10,453,482,308,174,29
184,183,H1088,26,PPT1002A,Bay10-S-3,287,308,335,0,21
185,183,H1088,52,PPT0803A,Bay8-S-5,289,310,335,0,21
186,193,H1088,50,PPT0801A,Bay8-S-1,290,311,335,0,21
187,193,H1087,9,BQM4504A,Bay45-S-4,292,313,335,0,21
250,836,H1088,63,PPT0862A,Bay8-N-24,289,318,309,9,29
249,826,H1088,4,BQM4810A,Bay48-S-10,482,511,309,202,29
171,694,H1087,40,PPT1053A,Bay10-N-6,293,330,337,0,37
170,684,H1088,56,PPT0809A,Bay8-S-17,293,330,338,0,37
207,143,H1087,3,BQM4808A,Bay48-S-8,290,311,326,0,21
208,143,H1087,34,PPT1010A,Bay10-S-19,294,315,326,0,21
209,153,H1087,36,PPT1012A,Bay10-S-23,294,315,326,0,21
210,153,H1087,43,PPT1056A,Bay10-N-12,294,315,326,0,21
290,112,H1087,61,PPT0859A,Bay8-N-18,294,311,305,6,17
291,112,H1088,20,PPT0056A,0东-12,295,312,305,7,17
239,292,H1087,45,PPT1058A,Bay10-N-16,295,327,318,9,32
240,292,H1087,51,PPT0802A,Bay8-S-3,295,327,318,9,32
245,282,H1088,14,PPT0004A,0西-7,296,326,316,10,30
322,834,H1087,16,PPT0052A,0东-4,296,315,304,11,19
321,824,H1087,17,PPT0053A,0东-6,296,315,304,11,19
242,282,H1087,24,PPT0060A,0东-20,296,326,317,9,30
316,834,H1087,22,PPT0058A,0东-16,297,316,305,11,19
315,824,H1087,39,PPT1052A,Bay10-N-4,297,316,305,11,19
176,263,H1087,44,PPT1057A,Bay10-N-14,297,321,338,0,24
177,263,H1087,47,PPT1060A,Bay10-N-20,297,321,338,0,24
203,621,H1087,48,PPT1061A,Bay10-N-22,297,311,331,0,14
204,621,H1087,28,PPT1004A,Bay10-S-7,298,312,331,0,14
201,631,H1088,49,PPT1062A,Bay10-N-24,298,311,332,0,13
202,631,H1088,55,PPT0808A,Bay8-S-15,298,311,332,0,13
139,283,H1087,18,PPT0054A,0东-8,299,333,351,0,34
140,293,H1087,7,BQM4853A,Bay48-N-3,931,965,351,614,34
172,273,H1087,30,PPT1006A,Bay10-S-11,299,324,340,0,25
173,273,H1087,46,PPT1059A,Bay10-N-18,299,324,340,0,25
188,101,H1087,8,BQM4503A,Bay45-S-3,931,963,328,635,32
120,654,H1088,58,PPT0811A,Bay8-S-21,299,336,358,0,37
119,644,H1088,2,BQM4803A,Bay48-S-3,939,976,358,618,37
146,282,H1087,59,PPT0857A,Bay8-N-14,299,332,351,0,33
147,292,H1088,62,PPT0861A,Bay8-N-22,299,332,351,0,33
189,231,H1087,64,PPT0863A,Bay8-N-26,299,321,340,0,22
331,833,H1087,12,PPT0002A,0西-3,300,315,303,12,15
294,823,H1088,13,PPT0003A,0西-5,300,318,309,9,18
263,653,H1088,21,PPT0057A,0东-14,300,315,316,0,15
264,653,H1088,65,PPT0864A,Bay8-N-28,300,315,316,0,15
261,643,H1088,10,BQM4202A,Bay42-S-2,301,316,316,0,15
262,643,H1088,29,PPT1005A,Bay10-S-9,301,316,316,0,15
169,221,H1088,31,PPT1007A,Bay10-S-13,301,325,351,0,24
323,833,H1088,33,PPT1009A,Bay10-S-17,306,322,305,17,16
293,823,H1088,37,PPT1013A,Bay10-S-25,306,324,310,14,18
141,631,H1087,25,PPT1001A,Bay10-S-1,308,319,355,0,11
211,102,H1088,26,PPT1002A,Bay10-S-3,308,327,322,5,19
212,102,H1088,38,PPT1051A,Bay10-N-2,308,327,322,5,19
150,272,H1088,35,PPT1011A,Bay10-S-21,308,342,350,0,34
151,272,H1088,42,PPT1055A,Bay10-N-10,308,342,350,0,34
148,262,H1088,57,PPT0810A,Bay8-S-19,309,343,350,0,34
149,262,H1088,11,PPT0001A,0西-1,310,344,350,0,34
142,621,H1087,52,PPT0803A,Bay8-S-5,310,320,355,0,10
161,111,H1087,8,BQM4503A,Bay45-S-3,963,991,341,650,28
157,133,H1087,7,BQM4853A,Bay48-N-3,965,995,344,651,30
145,123,H1087,3,BQM4808A,Bay48-S-8,311,341,348,0,30
182,623,H1088,48,PPT1061A,Bay10-N-22,311,327,339,0,16
183,623,H1088,49,PPT1062A,Bay10-N-24,311,327,339,0,16
190,182,H1087,50,PPT0801A,Bay8-S-1,311,330,335,0,19
191,182,H1087,55,PPT0808A,Bay8-S-15,311,330,335,0,19
192,192,H1087,61,PPT0859A,Bay8-N-18,311,330,335,0,19
193,192,H1087,20,PPT0056A,0东-12,312,331,335,0,19
178,633,H1087,28,PPT1004A,Bay10-S-7,312,327,340,0,15
179,633,H1088,32,PPT1008A,Bay10-S-15,312,327,340,0,15
156,102,H1087,9,BQM4504A,Bay45-S-4,313,356,343,13,43
194,123,H1087,19,PPT0055A,0东-10,313,338,329,9,25
195,123,H1088,23,PPT0059A,0东-18,313,338,329,9,25
196,133,H1088,2,BQM4803A,Bay48-S-3,976,1001,329,672,25
197,133,H1088,8,BQM4503A,Bay45-S-3,991,1016,329,687,25
135,271,H1088,27,PPT1003A,Bay10-S-5,313,349,351,0,36
136,271,H1088,12,PPT0002A,0西-3,315,351,351,0,36
133,261,H1088,16,PPT0052A,0东-4,315,351,351,0,36
134,261,H1088,17,PPT0053A,0东-6,315,351,351,0,36
166,122,H1088,21,PPT0057A,0东-14,315,346,345,1,31
167,132,H1088,34,PPT1010A,Bay10-S-19,315,346,345,1,31
132,273,H1088,36,PPT1012A,Bay10-S-23,315,346,355,0,31
131,263,H1088,43,PPT1056A,Bay10-N-12,315,346,356,0,31
158,632,H1087,65,PPT0864A,Bay8-N-28,315,334,350,0,19
117,124,H1088,15,PPT0051A,0东-2,316,355,362,0,39
118,134,H1088,7,BQM4853A,Bay48-N-3,995,1034,362,672,39
129,143,H1087,10,BQM4202A,Bay42-S-2,316,353,357,0,37
130,153,H1087,22,PPT0058A,0东-16,316,353,357,0,37
168,112,H1088,60,PPT0858A,Bay8-N-16,316,337,340,0,21
159,622,H1087,29,PPT1005A,Bay10-S-9,316,333,350,0,17
174,112,H1087,13,PPT0003A,0西-5,318,339,336,3,21
175,112,H1087,53,PPT0804A,Bay8-S-7,318,339,336,3,21
107,271,H1087,39,PPT1052A,Bay10-N-4,316,353,369,0,37
106,261,H1088,54,PPT0807A,Bay8-S-13,318,355,369,0,37
143,182,H1087,41,PPT1054A,Bay10-N-8,318,339,355,0,21
144,192,H1087,63,PPT0862A,Bay8-N-24,318,339,355,0,21
99,154,H1088,25,PPT1001A,Bay10-S-1,319,364,373,0,45
114,144,H1087,52,PPT0803A,Bay8-S-5,320,356,364,0,36
123,835,H1087,44,PPT1057A,Bay10-N-14,321,344,358,0,23
124,835,H1087,47,PPT1060A,Bay10-N-20,321,344,358,0,23
121,825,H1088,64,PPT0863A,Bay8-N-26,321,344,358,0,23
122,825,H1088,33,PPT1009A,Bay10-S-17,322,345,358,0,23
160,103,H1087,2,BQM4803A,Bay48-S-3,1001,1031,348,683,30
35,801,H1088,8,BQM4503A,Bay45-S-3,1016,1081,396,685,65
127,832,H1087,30,PPT1006A,Bay10-S-11,324,344,364,0,20
128,832,H1087,37,PPT1013A,Bay10-S-25,324,344,364,0,20
125,822,H1087,46,PPT1059A,Bay10-N-18,324,344,364,0,20
126,822,H1087,31,PPT1007A,Bay10-S-13,325,345,364,0,20
82,293,H1088,2,BQM4803A,Bay48-S-3,1031,1067,379,688,36
83,293,H1088,7,BQM4853A,Bay48-N-3,1034,1070,379,691,36
137,623,H1088,14,PPT0004A,0西-7,326,345,356,0,19
138,633,H1088,24,PPT0060A,0东-20,326,345,356,0,19
84,283,H1088,26,PPT1002A,Bay10-S-3,327,363,379,0,36
85,283,H1087,28,PPT1004A,Bay10-S-7,327,363,379,0,36
90,803,H1087,32,PPT1008A,Bay10-S-15,327,362,370,0,35
91,803,H1087,38,PPT1051A,Bay10-N-2,327,362,370,0,35
94,272,H1087,45,PPT1058A,Bay10-N-16,327,366,378,0,39
93,262,H1087,48,PPT1061A,Bay10-N-22,327,366,378,0,39
115,183,H1088,49,PPT1062A,Bay10-N-24,327,354,365,0,27
116,193,H1088,51,PPT0802A,Bay8-S-3,327,354,365,0,27
80,101,H1088,2,BQM4803A,Bay48-S-3,1067,1105,377,728,38
33,283,H1087,40,PPT1053A,Bay10-N-6,330,369,401,0,39
34,293,H1087,7,BQM4853A,Bay48-N-3,1070,1109,401,708,39
102,642,H1088,50,PPT0801A,Bay8-S-1,330,350,375,0,20
103,642,H1088,55,PPT0808A,Bay8-S-15,330,350,375,0,20
104,652,H1088,56,PPT0809A,Bay8-S-17,330,350,375,0,20
105,652,H1088,61,PPT0859A,Bay8-N-18,330,350,375,0,20
7,801,H1087,8,BQM4503A,Bay45-S-3,1081,1148,414,734,67
40,282,H1088,20,PPT0056A,0东-12,331,367,401,0,36
41,292,H1088,59,PPT0857A,Bay8-N-14,332,368,401,0,36
81,231,H1088,62,PPT0861A,Bay8-N-22,332,356,389,0,24
58,221,H1087,18,PPT0054A,0东-8,333,358,400,0,25
88,836,H1087,65,PPT0864A,Bay8-N-28,334,369,374,0,35
89,836,H1087,58,PPT0811A,Bay8-S-21,336,371,374,0,35
86,826,H1087,4,BQM4810A,Bay48-S-10,511,546,374,172,35
87,826,H1087,4,BQM4810A,Bay48-S-10,546,581,374,207,35
36,801,H1088,2,BQM4803A,Bay48-S-3,1105,1144,396,748,39
37,801,H1088,7,BQM4853A,Bay48-N-3,1109,1148,396,752,39
54,133,H1087,2,BQM4803A,Bay48-S-3,1144,1178,391,787,34
49,123,H1088,29,PPT1005A,Bay10-S-9,334,368,395,0,34
38,631,H1088,60,PPT0858A,Bay8-N-16,337,348,404,0,11
57,111,H1087,7,BQM4853A,Bay48-N-3,1148,1177,388,789,29
64,836,H1087,19,PPT0055A,0东-10,338,372,384,0,34
63,826,H1087,13,PPT0003A,0西-5,339,373,384,0,34
79,803,H1088,23,PPT0059A,0东-18,338,373,377,0,35
67,834,H1087,41,PPT1054A,Bay10-N-8,339,361,392,0,22
66,824,H1087,53,PPT0804A,Bay8-S-7,339,361,392,0,22
39,621,H1088,63,PPT0862A,Bay8-N-24,339,349,404,0,10
70,832,H1087,3,BQM4808A,Bay48-S-8,341,362,392,0,21
71,833,H1087,35,PPT1011A,Bay10-S-21,342,363,392,0,21
68,822,H1087,42,PPT1055A,Bay10-N-10,342,363,392,0,21
69,823,H1087,57,PPT0810A,Bay8-S-19,343,364,392,0,21
50,102,H1088,11,PPT0001A,0西-1,344,391,392,0,47
97,653,H1087,30,PPT1006A,Bay10-S-11,344,363,379,0,19
98,653,H1087,37,PPT1013A,Bay10-S-25,344,363,379,0,19
95,643,H1087,44,PPT1057A,Bay10-N-14,344,363,379,0,19
96,643,H1087,46,PPT1059A,Bay10-N-18,344,363,379,0,19
73,292,H1088,47,PPT1060A,Bay10-N-20,344,380,388,0,36
74,292,H1088,64,PPT0863A,Bay8-N-26,344,380,388,0,36
59,122,H1087,14,PPT0004A,0西-7,345,376,391,0,31
60,132,H1087,24,PPT0060A,0东-20,345,376,391,0,31
77,282,H1088,31,PPT1007A,Bay10-S-13,345,380,387,0,35
78,282,H1088,33,PPT1009A,Bay10-S-17,345,380,387,0,35
45,273,H1088,21,PPT0057A,0东-14,346,376,400,0,30
42,263,H1088,34,PPT1010A,Bay10-S-19,346,376,401,0,30
110,834,H1087,36,PPT1012A,Bay10-S-23,346,368,374,0,22
111,834,H1087,43,PPT1056A,Bay10-N-12,346,368,374,0,22
108,824,H1087,60,PPT0858A,Bay8-N-16,348,370,374,0,22
109,824,H1087,27,PPT1003A,Bay10-S-5,349,371,374,0,22
22,143,H1087,50,PPT0801A,Bay8-S-1,350,389,404,0,39
23,153,H1087,55,PPT0808A,Bay8-S-15,350,389,404,0,39
13,124,H1087,56,PPT0809A,Bay8-S-17,350,387,407,0,37
14,134,H1087,8,BQM4503A,Bay45-S-3,1148,1185,407,778,37
72,112,H1088,63,PPT0862A,Bay8-N-24,349,370,385,0,21
76,643,H1088,61,PPT0859A,Bay8-N-18,350,369,390,0,19
75,642,H1088,12,PPT0002A,0西-3,351,370,390,0,19
62,653,H1087,16,PPT0052A,0东-4,351,370,393,0,19
61,652,H1087,17,PPT0053A,0东-6,351,370,393,0,19
51,632,H1088,10,BQM4202A,Bay42-S-2,353,372,399,0,19
112,833,H1087,22,PPT0058A,0东-16,353,370,372,0,17
113,833,H1087,39,PPT1052A,Bay10-N-4,353,370,372,0,17
100,823,H1088,49,PPT1062A,Bay10-N-24,354,375,379,0,21
101,823,H1088,51,PPT0802A,Bay8-S-3,354,375,379,0,21
4,154,H1087,15,PPT0051A,0东-2,355,402,420,0,47
12,144,H1087,54,PPT0807A,Bay8-S-13,355,391,409,0,36
46,182,H1088,7,BQM4853A,Bay48-N-3,1177,1198,402,796,21
47,192,H1088,9,BQM4504A,Bay45-S-4,356,377,402,0,21
52,622,H1088,52,PPT0803A,Bay8-S-5,356,373,399,0,17
48,803,H1088,62,PPT0861A,Bay8-N-22,356,391,392,0,35
6,271,H1087,18,PPT0054A,0东-8,358,395,418,0,37
5,261,H1087,53,PPT0804A,Bay8-S-7,361,398,418,0,37
25,834,H1087,41,PPT1054A,Bay10-N-8,361,383,407,0,22
24,824,H1087,28,PPT1004A,Bay10-S-7,363,385,407,0,22
29,832,H1087,23,PPT0059A,0东-18,373,394,407,0,21
30,833,H1087,32,PPT1008A,Bay10-S-15,362,383,407,0,21
26,822,H1087,26,PPT1002A,Bay10-S-3,363,384,407,0,21
27,823,H1087,65,PPT0864A,Bay8-N-28,369,390,407,0,21
53,103,H1088,2,BQM4803A,Bay48-S-3,1178,1210,396,814,32
19,836,H1087,61,PPT0859A,Bay8-N-18,369,403,404,0,34
18,826,H1087,20,PPT0056A,0东-12,367,401,404,0,34
56,835,H1087,38,PPT1051A,Bay10-N-2,362,389,392,0,27
55,825,H1087,57,PPT0810A,Bay8-S-19,364,391,392,0,27
43,623,H1088,3,BQM4808A,Bay48-S-8,362,381,403,0,19
44,633,H1088,44,PPT1057A,Bay10-N-14,382,401,403,0,19
10,183,H1087,37,PPT1013A,Bay10-S-25,365,392,412,0,27
11,193,H1087,25,PPT1001A,Bay10-S-1,365,392,412,0,27
32,643,H1087,42,PPT1055A,Bay10-N-10,365,382,406,0,17
31,642,H1087,44,PPT1057A,Bay10-N-14,365,382,406,0,17
21,653,H1087,30,PPT1006A,Bay10-S-11,365,382,409,0,17
20,652,H1087,35,PPT1011A,Bay10-S-21,365,382,409,0,17
2,272,H1087,45,PPT1058A,Bay10-N-16,367,406,427,0,39
1,262,H1087,48,PPT1061A,Bay10-N-22,367,406,427,0,39
9,835,H1087,60,PPT0858A,Bay8-N-16,378,405,412,0,27
8,825,H1087,49,PPT1062A,Bay10-N-24,378,405,412,0,27
