block_idx,block_id,ship_id,platen_idx,platen_id,platen_name,planned_start_day,planned_end_day,due_day,delay_days,lead_time_days
0,284,H1088,14,PPT0004A,0西-7,0,72,126,0,72
1,294,H1088,14,PPT0004A,0西-7,72,143,125,18,71
2,836,H1088,63,PPT0862A,Bay8-N-24,21,74,100,0,53
3,826,H1088,4,BQM4810A,Bay48-S-10,21,74,100,0,53
4,101,H1088,7,BQM4853A,Bay48-N-3,22,83,107,0,61
5,102,H1087,34,PPT1010A,Bay10-S-19,28,67,74,0,39
6,110,H1088,34,PPT1010A,Bay10-S-19,67,109,87,22,42
7,835,H1088,34,PPT1010A,Bay10-S-19,109,149,113,36,40
8,825,H1088,34,PPT1010A,Bay10-S-19,149,189,113,76,40
9,272,H1087,14,PPT0004A,0西-7,143,178,105,73,35
10,694,H1088,34,PPT1010A,Bay10-S-19,189,228,113,115,39
11,684,H1087,34,PPT1010A,Bay10-S-19,228,267,113,154,39
12,101,H1087,34,PPT1010A,Bay10-S-19,267,303,74,229,36
13,161,H1088,34,PPT1010A,Bay10-S-19,303,335,99,236,32
14,103,H1088,7,BQM4853A,Bay48-N-3,83,122,87,35,39
15,182,H1088,34,PPT1010A,Bay10-S-19,335,377,116,261,42
16,192,H1088,7,BQM4853A,Bay48-N-3,122,164,116,48,42
17,163,H1088,34,PPT1010A,Bay10-S-19,377,406,100,306,29
18,173,H1088,34,PPT1010A,Bay10-S-19,406,435,99,336,29
19,143,H1087,34,PPT1010A,Bay10-S-19,435,480,107,373,45
20,153,H1087,34,PPT1010A,Bay10-S-19,480,525,107,418,45
21,112,H1088,63,PPT0862A,Bay8-N-24,74,100,85,15,26
22,683,H1087,34,PPT1010A,Bay10-S-19,525,550,108,442,25
23,693,H1087,34,PPT1010A,Bay10-S-19,550,575,108,467,25
24,134,H1088,14,PPT0004A,0西-7,178,223,111,112,45
25,144,H1087,34,PPT1010A,Bay10-S-19,575,599,100,499,24
26,154,H1087,34,PPT1010A,Bay10-S-19,599,623,100,523,24
27,124,H1088,34,PPT1010A,Bay10-S-19,623,668,111,557,45
28,122,H1087,34,PPT1010A,Bay10-S-19,668,692,104,588,24
29,132,H1087,34,PPT1010A,Bay10-S-19,692,719,107,612,27
30,101,H1087,34,PPT1010A,Bay10-S-19,719,748,86,662,29
31,103,H1087,7,BQM4853A,Bay48-N-3,164,215,104,111,51
32,102,H1088,7,BQM4853A,Bay48-N-3,215,252,94,158,37
33,801,H1087,14,PPT0004A,0西-7,223,273,113,160,50
34,632,H1087,34,PPT1010A,Bay10-S-19,748,763,105,658,15
35,111,H1088,7,BQM4853A,Bay48-N-3,252,292,115,177,40
36,622,H1087,34,PPT1010A,Bay10-S-19,763,778,106,672,15
37,154,H1088,7,BQM4853A,Bay48-N-3,292,332,115,217,40
38,834,H1087,7,BQM4853A,Bay48-N-3,332,357,105,252,25
39,824,H1088,34,PPT1010A,Bay10-S-19,778,803,105,698,25
40,835,H1087,34,PPT1010A,Bay10-S-19,803,831,101,730,28
41,825,H1088,34,PPT1010A,Bay10-S-19,831,859,101,758,28
42,832,H1087,34,PPT1010A,Bay10-S-19,859,882,94,788,23
43,822,H1087,34,PPT1010A,Bay10-S-19,882,905,94,811,23
44,144,H1088,34,PPT1010A,Bay10-S-19,905,954,132,822,49
45,154,H1088,34,PPT1010A,Bay10-S-19,954,1005,133,872,51
46,143,H1087,34,PPT1010A,Bay10-S-19,1005,1027,105,922,22
47,153,H1087,34,PPT1010A,Bay10-S-19,1027,1049,105,944,22
48,183,H1087,34,PPT1010A,Bay10-S-19,1049,1071,118,953,22
49,193,H1087,34,PPT1010A,Bay10-S-19,1071,1093,118,975,22
50,124,H1087,34,PPT1010A,Bay10-S-19,1093,1140,131,1009,47
51,134,H1088,7,BQM4853A,Bay48-N-3,357,405,132,273,48
52,835,H1088,34,PPT1010A,Bay10-S-19,1140,1162,103,1059,22
53,825,H1088,34,PPT1010A,Bay10-S-19,1162,1184,103,1081,22
54,832,H1088,34,PPT1010A,Bay10-S-19,1184,1202,101,1101,18
55,822,H1088,34,PPT1010A,Bay10-S-19,1202,1220,101,1119,18
56,631,H1088,34,PPT1010A,Bay10-S-19,1220,1235,114,1121,15
57,803,H1087,14,PPT0004A,0西-7,273,303,108,195,30
58,283,H1087,34,PPT1010A,Bay10-S-19,1235,1266,113,1153,31
59,293,H1087,7,BQM4853A,Bay48-N-3,405,436,114,322,31
60,621,H1088,34,PPT1010A,Bay10-S-19,1266,1281,114,1167,15
61,273,H1088,34,PPT1010A,Bay10-S-19,1281,1306,121,1185,25
62,263,H1088,34,PPT1010A,Bay10-S-19,1306,1331,121,1210,25
63,623,H1088,34,PPT1010A,Bay10-S-19,1331,1346,111,1235,15
64,633,H1088,34,PPT1010A,Bay10-S-19,1346,1361,111,1250,15
65,102,H1087,14,PPT0004A,0西-7,303,324,102,222,21
66,261,H1088,14,PPT0004A,0西-7,324,358,124,234,34
67,628,H1088,34,PPT1010A,Bay10-S-19,1361,1384,128,1256,23
68,638,H1088,34,PPT1010A,Bay10-S-19,1384,1407,128,1279,23
69,133,H1088,59,PPT0857A,Bay8-N-14,65,94,107,0,29
70,123,H1088,14,PPT0004A,0西-7,358,387,107,280,29
71,268,H1087,34,PPT1010A,Bay10-S-19,1407,1436,130,1306,29
72,271,H1088,34,PPT1010A,Bay10-S-19,1436,1470,125,1345,34
73,161,H1087,34,PPT1010A,Bay10-S-19,1470,1488,96,1392,18
74,171,H1087,34,PPT1010A,Bay10-S-19,1488,1506,96,1410,18
75,278,H1087,34,PPT1010A,Bay10-S-19,1506,1534,130,1404,28
76,272,H1087,34,PPT1010A,Bay10-S-19,1534,1565,128,1437,31
77,262,H1088,34,PPT1010A,Bay10-S-19,1565,1596,128,1468,31
78,103,H1088,7,BQM4853A,Bay48-N-3,436,466,103,363,30
79,194,H1088,34,PPT1010A,Bay10-S-19,1596,1626,104,1522,30
80,184,H1088,34,PPT1010A,Bay10-S-19,1626,1656,103,1553,30
81,182,H1087,34,PPT1010A,Bay10-S-19,1656,1674,109,1565,18
82,832,H1088,34,PPT1010A,Bay10-S-19,1674,1710,118,1592,36
83,822,H1088,34,PPT1010A,Bay10-S-19,1710,1746,118,1628,36
84,182,H1087,7,BQM4853A,Bay48-N-3,466,483,113,370,17
85,192,H1087,34,PPT1010A,Bay10-S-19,1746,1763,113,1650,17
86,192,H1087,34,PPT1010A,Bay10-S-19,1763,1781,109,1672,18
87,183,H1087,34,PPT1010A,Bay10-S-19,1781,1801,123,1678,20
88,193,H1087,34,PPT1010A,Bay10-S-19,1801,1821,123,1698,20
89,642,H1087,34,PPT1010A,Bay10-S-19,1821,1837,117,1720,16
90,652,H1087,34,PPT1010A,Bay10-S-19,1837,1853,117,1736,16
91,125,H1087,34,PPT1010A,Bay10-S-19,1853,1887,113,1774,34
92,123,H1087,34,PPT1010A,Bay10-S-19,1887,1909,107,1802,22
93,135,H1087,34,PPT1010A,Bay10-S-19,1909,1952,123,1829,43
94,133,H1088,7,BQM4853A,Bay48-N-3,483,505,107,398,22
95,834,H1087,34,PPT1010A,Bay10-S-19,1952,1977,112,1865,25
96,824,H1087,34,PPT1010A,Bay10-S-19,1977,2004,113,1891,27
97,836,H1087,63,PPT0862A,Bay8-N-24,100,129,112,17,29
98,826,H1087,4,BQM4810A,Bay48-S-10,76,105,112,0,29
99,801,H1088,7,BQM4853A,Bay48-N-3,505,539,129,410,34
100,144,H1088,7,BQM4853A,Bay48-N-3,539,554,102,452,15
101,271,H1088,34,PPT1010A,Bay10-S-19,2004,2036,127,1909,32
102,261,H1088,14,PPT0004A,0西-7,387,419,127,292,32
103,124,H1087,14,PPT0004A,0西-7,419,444,128,316,25
104,134,H1087,14,PPT0004A,0西-7,444,469,128,341,25
105,833,H1087,34,PPT1010A,Bay10-S-19,2036,2060,111,1949,24
106,823,H1088,34,PPT1010A,Bay10-S-19,2060,2087,111,1976,27
107,292,H1087,34,PPT1010A,Bay10-S-19,2087,2117,118,1999,30
108,269,H1088,34,PPT1010A,Bay10-S-19,2117,2146,139,2007,29
109,279,H1088,34,PPT1010A,Bay10-S-19,2146,2175,139,2036,29
110,282,H1088,34,PPT1010A,Bay10-S-19,2175,2205,117,2088,30
111,112,H1087,63,PPT0862A,Bay8-N-24,129,147,112,35,18
112,834,H1088,34,PPT1010A,Bay10-S-19,2205,2224,108,2116,19
113,824,H1088,34,PPT1010A,Bay10-S-19,2224,2243,108,2135,19
114,102,H1088,34,PPT1010A,Bay10-S-19,2243,2278,122,2156,35
115,833,H1087,34,PPT1010A,Bay10-S-19,2278,2294,108,2186,16
116,823,H1088,34,PPT1010A,Bay10-S-19,2294,2312,113,2199,18
117,629,H1087,34,PPT1010A,Bay10-S-19,2312,2344,132,2212,32
118,639,H1087,34,PPT1010A,Bay10-S-19,2344,2376,132,2244,32
119,122,H1087,34,PPT1010A,Bay10-S-19,2376,2404,127,2277,28
120,132,H1087,34,PPT1010A,Bay10-S-19,2404,2432,127,2305,28
121,101,H1087,34,PPT1010A,Bay10-S-19,2432,2460,148,2312,28
122,653,H1088,34,PPT1010A,Bay10-S-19,2460,2476,119,2357,16
123,643,H1088,34,PPT1010A,Bay10-S-19,2476,2492,119,2373,16
124,110,H1087,34,PPT1010A,Bay10-S-19,2492,2533,150,2383,41
125,123,H1088,34,PPT1010A,Bay10-S-19,2533,2575,152,2423,42
126,133,H1088,7,BQM4853A,Bay48-N-3,554,596,152,444,42
127,143,H1088,34,PPT1010A,Bay10-S-19,2575,2610,149,2461,35
128,153,H1088,34,PPT1010A,Bay10-S-19,2610,2645,149,2496,35
129,124,H1087,14,PPT0004A,0西-7,469,495,174,321,26
130,134,H1087,14,PPT0004A,0西-7,495,521,174,347,26
131,142,H1087,34,PPT1010A,Bay10-S-19,2645,2675,131,2544,30
132,152,H1087,34,PPT1010A,Bay10-S-19,2675,2705,131,2574,30
133,683,H1088,34,PPT1010A,Bay10-S-19,2705,2729,161,2568,24
134,693,H1088,34,PPT1010A,Bay10-S-19,2729,2753,161,2592,24
135,101,H1087,34,PPT1010A,Bay10-S-19,2753,2775,123,2652,22
136,183,H1087,34,PPT1010A,Bay10-S-19,2775,2810,167,2643,35
137,103,H1088,7,BQM4853A,Bay48-N-3,596,634,139,495,38
138,193,H1088,14,PPT0004A,0西-7,521,556,166,390,35
139,261,H1088,34,PPT1010A,Bay10-S-19,2810,2849,169,2680,39
140,271,H1087,59,PPT0857A,Bay8-N-14,94,133,169,0,39
141,144,H1087,34,PPT1010A,Bay10-S-19,2849,2874,181,2693,25
142,154,H1088,34,PPT1010A,Bay10-S-19,2874,2898,180,2718,24
143,283,H1088,14,PPT0004A,0西-7,556,599,180,419,43
144,293,H1088,14,PPT0004A,0西-7,599,642,177,465,43
145,182,H1087,34,PPT1010A,Bay10-S-19,2898,2938,166,2772,40
146,192,H1087,7,BQM4853A,Bay48-N-3,634,674,166,508,40
147,184,H1087,34,PPT1010A,Bay10-S-19,2938,2966,141,2825,28
148,194,H1087,34,PPT1010A,Bay10-S-19,2966,2994,141,2853,28
149,294,H1088,14,PPT0004A,0西-7,642,687,179,508,45
150,103,H1088,7,BQM4853A,Bay48-N-3,674,708,154,554,34
151,161,H1087,34,PPT1010A,Bay10-S-19,2994,3031,139,2892,37
152,171,H1087,14,PPT0004A,0西-7,687,724,139,585,37
153,101,H1087,7,BQM4853A,Bay48-N-3,708,739,172,567,31
154,101,H1088,7,BQM4853A,Bay48-N-3,739,770,172,598,31
155,284,H1087,14,PPT0004A,0西-7,724,769,180,589,45
156,112,H1087,34,PPT1010A,Bay10-S-19,3031,3072,153,2919,41
157,144,H1088,34,PPT1010A,Bay10-S-19,3072,3097,183,2914,25
158,154,H1088,34,PPT1010A,Bay10-S-19,3097,3122,183,2939,25
159,801,H1087,14,PPT0004A,0西-7,769,802,163,639,33
160,272,H1088,14,PPT0004A,0西-7,802,835,168,667,33
161,144,H1087,7,BQM4853A,Bay48-N-3,770,808,158,650,38
162,262,H1088,14,PPT0004A,0西-7,835,868,168,700,33
163,154,H1088,7,BQM4853A,Bay48-N-3,808,847,160,687,39
164,143,H1087,34,PPT1010A,Bay10-S-19,3122,3148,159,2989,26
165,153,H1087,34,PPT1010A,Bay10-S-19,3148,3174,159,3015,26
166,162,H1087,34,PPT1010A,Bay10-S-19,3174,3206,162,3044,32
167,172,H1088,34,PPT1010A,Bay10-S-19,3206,3238,180,3058,32
168,102,H1088,7,BQM4853A,Bay48-N-3,847,882,150,732,35
169,102,H1088,7,BQM4853A,Bay48-N-3,882,917,150,767,35
170,104,H1088,14,PPT0004A,0西-7,868,889,151,738,21
171,322,H1088,34,PPT1010A,Bay10-S-19,3238,3277,159,3118,39
172,332,H1088,34,PPT1010A,Bay10-S-19,3277,3316,159,3157,39
173,836,H1088,63,PPT0862A,Bay8-N-24,147,202,166,36,55
174,125,H1088,34,PPT1010A,Bay10-S-19,3316,3358,180,3178,42
175,135,H1088,34,PPT1010A,Bay10-S-19,3358,3400,180,3220,42
176,801,H1087,14,PPT0004A,0西-7,889,922,153,769,33
177,826,H1088,4,BQM4810A,Bay48-S-10,105,160,166,0,55
178,103,H1087,7,BQM4853A,Bay48-N-3,917,951,152,799,34
179,628,H1088,34,PPT1010A,Bay10-S-19,3400,3423,177,3246,23
180,638,H1087,34,PPT1010A,Bay10-S-19,3423,3446,177,3269,23
181,134,H1088,14,PPT0004A,0西-7,922,966,154,812,44
182,331,H1088,63,PPT0862A,Bay8-N-24,202,234,154,80,32
183,321,H1088,14,PPT0004A,0西-7,966,998,154,844,32
184,124,H1088,34,PPT1010A,Bay10-S-19,3446,3490,154,3336,44
185,101,H1087,34,PPT1010A,Bay10-S-19,3490,3518,150,3368,28
186,123,H1087,14,PPT0004A,0西-7,998,1026,155,871,28
187,123,H1087,14,PPT0004A,0西-7,1026,1054,155,899,28
188,133,H1088,59,PPT0857A,Bay8-N-14,133,161,155,6,28
189,133,H1088,59,PPT0857A,Bay8-N-14,161,189,155,34,28
190,221,H1088,34,PPT1010A,Bay10-S-19,3518,3530,173,3357,12
191,221,H1088,34,PPT1010A,Bay10-S-19,3530,3542,173,3369,12
192,834,H1087,34,PPT1010A,Bay10-S-19,3542,3575,159,3416,33
193,161,H1087,34,PPT1010A,Bay10-S-19,3575,3592,146,3446,17
194,161,H1087,34,PPT1010A,Bay10-S-19,3592,3609,146,3463,17
195,142,H1088,34,PPT1010A,Bay10-S-19,3609,3631,151,3480,22
196,171,H1087,34,PPT1010A,Bay10-S-19,3631,3648,146,3502,17
197,171,H1087,34,PPT1010A,Bay10-S-19,3648,3665,146,3519,17
198,152,H1088,34,PPT1010A,Bay10-S-19,3665,3687,151,3536,22
199,824,H1087,34,PPT1010A,Bay10-S-19,3687,3720,159,3561,33
200,835,H1087,34,PPT1010A,Bay10-S-19,3720,3746,151,3595,26
201,825,H1087,34,PPT1010A,Bay10-S-19,3746,3772,151,3621,26
202,173,H1088,34,PPT1010A,Bay10-S-19,3772,3794,159,3635,22
203,163,H1087,34,PPT1010A,Bay10-S-19,3794,3816,160,3656,22
204,832,H1088,34,PPT1010A,Bay10-S-19,3816,3838,153,3685,22
205,833,H1087,34,PPT1010A,Bay10-S-19,3838,3869,159,3710,31
206,822,H1088,34,PPT1010A,Bay10-S-19,3869,3891,153,3738,22
207,142,H1087,34,PPT1010A,Bay10-S-19,3891,3913,153,3760,22
208,152,H1087,34,PPT1010A,Bay10-S-19,3913,3935,153,3782,22
209,823,H1088,34,PPT1010A,Bay10-S-19,3935,3966,159,3807,31
210,694,H1088,34,PPT1010A,Bay10-S-19,3966,4004,166,3838,38
211,684,H1088,34,PPT1010A,Bay10-S-19,4004,4042,166,3876,38
212,835,H1087,34,PPT1010A,Bay10-S-19,4042,4069,154,3915,27
213,825,H1087,34,PPT1010A,Bay10-S-19,4069,4096,154,3942,27
214,231,H1087,34,PPT1010A,Bay10-S-19,4096,4110,173,3937,14
215,231,H1087,34,PPT1010A,Bay10-S-19,4110,4124,173,3951,14
216,835,H1087,34,PPT1010A,Bay10-S-19,4124,4164,170,3994,40
217,832,H1087,34,PPT1010A,Bay10-S-19,4164,4186,155,4031,22
218,822,H1087,34,PPT1010A,Bay10-S-19,4186,4208,155,4053,22
219,825,H1087,34,PPT1010A,Bay10-S-19,4208,4248,170,4078,40
220,834,H1087,7,BQM4853A,Bay48-N-3,951,977,156,821,26
221,834,H1088,7,BQM4853A,Bay48-N-3,977,1002,158,844,25
222,832,H1088,34,PPT1010A,Bay10-S-19,4248,4283,173,4110,35
223,822,H1088,34,PPT1010A,Bay10-S-19,4283,4318,173,4145,35
224,182,H1088,34,PPT1010A,Bay10-S-19,4318,4337,159,4178,19
225,192,H1088,34,PPT1010A,Bay10-S-19,4337,4356,159,4197,19
226,143,H1087,34,PPT1010A,Bay10-S-19,4356,4382,162,4220,26
227,153,H1088,34,PPT1010A,Bay10-S-19,4382,4408,162,4246,26
228,182,H1087,34,PPT1010A,Bay10-S-19,4408,4427,160,4267,19
229,192,H1087,34,PPT1010A,Bay10-S-19,4427,4446,160,4286,19
230,122,H1087,34,PPT1010A,Bay10-S-19,4446,4463,171,4292,17
231,122,H1087,34,PPT1010A,Bay10-S-19,4463,4480,171,4309,17
232,132,H1087,34,PPT1010A,Bay10-S-19,4480,4497,171,4326,17
233,132,H1088,34,PPT1010A,Bay10-S-19,4497,4514,171,4343,17
234,836,H1087,63,PPT0862A,Bay8-N-24,234,288,214,74,54
235,826,H1087,4,BQM4810A,Bay48-S-10,160,214,214,0,54
236,103,H1088,7,BQM4853A,Bay48-N-3,1002,1018,171,847,16
237,103,H1088,7,BQM4853A,Bay48-N-3,1018,1034,171,863,16
238,271,H1087,34,PPT1010A,Bay10-S-19,4514,4548,180,4368,34
239,271,H1087,34,PPT1010A,Bay10-S-19,4548,4582,180,4402,34
240,261,H1087,14,PPT0004A,0西-7,1054,1088,180,908,34
241,261,H1087,14,PPT0004A,0西-7,1088,1122,180,942,34
242,632,H1088,34,PPT1010A,Bay10-S-19,4582,4596,188,4408,14
243,632,H1088,34,PPT1010A,Bay10-S-19,4596,4610,188,4422,14
244,111,H1088,7,BQM4853A,Bay48-N-3,1034,1059,187,872,25
245,111,H1088,7,BQM4853A,Bay48-N-3,1059,1084,187,897,25
246,622,H1087,34,PPT1010A,Bay10-S-19,4610,4623,186,4437,13
247,622,H1087,34,PPT1010A,Bay10-S-19,4623,4636,186,4450,13
248,629,H1088,34,PPT1010A,Bay10-S-19,4636,4668,182,4486,32
249,629,H1088,34,PPT1010A,Bay10-S-19,4668,4700,182,4518,32
250,639,H1088,34,PPT1010A,Bay10-S-19,4700,4732,182,4550,32
251,639,H1088,34,PPT1010A,Bay10-S-19,4732,4764,182,4582,32
252,102,H1087,7,BQM4853A,Bay48-N-3,1084,1131,193,938,47
253,183,H1087,34,PPT1010A,Bay10-S-19,4764,4785,191,4594,21
254,193,H1087,34,PPT1010A,Bay10-S-19,4785,4806,191,4615,21
255,144,H1087,34,PPT1010A,Bay10-S-19,4806,4829,202,4627,23
256,144,H1087,34,PPT1010A,Bay10-S-19,4829,4852,202,4650,23
257,154,H1087,34,PPT1010A,Bay10-S-19,4852,4875,202,4673,23
258,154,H1087,34,PPT1010A,Bay10-S-19,4875,4898,202,4696,23
259,101,H1087,34,PPT1010A,Bay10-S-19,4898,4943,192,4751,45
260,183,H1087,34,PPT1010A,Bay10-S-19,4943,4964,192,4772,21
261,193,H1087,34,PPT1010A,Bay10-S-19,4964,4985,192,4793,21
262,268,H1088,34,PPT1010A,Bay10-S-19,4985,5015,182,4833,30
263,278,H1087,34,PPT1010A,Bay10-S-19,5015,5045,182,4863,30
264,268,H1087,34,PPT1010A,Bay10-S-19,5045,5075,183,4892,30
265,278,H1087,34,PPT1010A,Bay10-S-19,5075,5105,183,4922,30
266,143,H1088,34,PPT1010A,Bay10-S-19,5105,5126,181,4945,21
267,143,H1088,34,PPT1010A,Bay10-S-19,5126,5147,181,4966,21
268,124,H1087,34,PPT1010A,Bay10-S-19,5147,5169,200,4969,22
269,124,H1088,34,PPT1010A,Bay10-S-19,5169,5191,200,4991,22
270,153,H1088,34,PPT1010A,Bay10-S-19,5191,5212,181,5031,21
271,153,H1088,34,PPT1010A,Bay10-S-19,5212,5233,181,5052,21
272,134,H1088,7,BQM4853A,Bay48-N-3,1131,1153,200,953,22
273,134,H1088,7,BQM4853A,Bay48-N-3,1153,1175,200,975,22
274,102,H1087,14,PPT0004A,0西-7,1122,1142,173,969,20
275,102,H1087,14,PPT0004A,0西-7,1142,1162,173,989,20
276,124,H1088,14,PPT0004A,0西-7,1162,1188,181,1007,26
277,134,H1087,14,PPT0004A,0西-7,1188,1214,181,1033,26
278,621,H1087,34,PPT1010A,Bay10-S-19,5233,5247,188,5059,14
279,621,H1087,34,PPT1010A,Bay10-S-19,5247,5261,188,5073,14
280,631,H1087,34,PPT1010A,Bay10-S-19,5261,5274,189,5085,13
281,631,H1087,34,PPT1010A,Bay10-S-19,5274,5287,189,5098,13
282,269,H1088,34,PPT1010A,Bay10-S-19,5287,5316,186,5130,29
283,269,H1088,34,PPT1010A,Bay10-S-19,5316,5345,186,5159,29
284,279,H1087,34,PPT1010A,Bay10-S-19,5345,5374,186,5188,29
285,279,H1087,34,PPT1010A,Bay10-S-19,5374,5403,186,5217,29
286,272,H1088,34,PPT1010A,Bay10-S-19,5403,5434,199,5235,31
287,272,H1088,34,PPT1010A,Bay10-S-19,5434,5465,199,5266,31
288,262,H1088,34,PPT1010A,Bay10-S-19,5465,5496,199,5297,31
289,262,H1088,34,PPT1010A,Bay10-S-19,5496,5527,199,5328,31
290,834,H1088,34,PPT1010A,Bay10-S-19,5527,5561,209,5352,34
291,824,H1088,34,PPT1010A,Bay10-S-19,5561,5595,209,5386,34
292,628,H1088,34,PPT1010A,Bay10-S-19,5595,5618,181,5437,23
293,638,H1088,34,PPT1010A,Bay10-S-19,5618,5641,181,5460,23
294,101,H1088,7,BQM4853A,Bay48-N-3,1175,1205,185,1020,30
295,833,H1087,34,PPT1010A,Bay10-S-19,5641,5673,209,5464,32
296,824,H1088,34,PPT1010A,Bay10-S-19,5673,5699,186,5513,26
297,823,H1087,34,PPT1010A,Bay10-S-19,5699,5731,209,5522,32
298,824,H1088,34,PPT1010A,Bay10-S-19,5731,5757,187,5570,26
299,183,H1088,34,PPT1010A,Bay10-S-19,5757,5777,178,5599,20
300,193,H1088,34,PPT1010A,Bay10-S-19,5777,5797,178,5619,20
301,835,H1087,34,PPT1010A,Bay10-S-19,5797,5836,220,5616,39
302,825,H1087,34,PPT1010A,Bay10-S-19,5836,5875,220,5655,39
303,183,H1087,34,PPT1010A,Bay10-S-19,5875,5894,179,5715,19
304,193,H1087,34,PPT1010A,Bay10-S-19,5894,5913,179,5734,19
305,283,H1088,34,PPT1010A,Bay10-S-19,5913,5944,209,5735,31
306,293,H1087,7,BQM4853A,Bay48-N-3,1205,1236,209,1027,31
307,832,H1087,34,PPT1010A,Bay10-S-19,5944,5979,219,5760,35
308,822,H1087,34,PPT1010A,Bay10-S-19,5979,6014,219,5795,35
309,282,H1088,34,PPT1010A,Bay10-S-19,6014,6044,209,5835,30
310,292,H1088,34,PPT1010A,Bay10-S-19,6044,6074,209,5865,30
311,182,H1087,63,PPT0862A,Bay8-N-24,288,306,189,117,18
312,182,H1087,63,PPT0862A,Bay8-N-24,306,324,189,135,18
313,192,H1088,34,PPT1010A,Bay10-S-19,6074,6092,189,5903,18
314,192,H1088,34,PPT1010A,Bay10-S-19,6092,6110,189,5921,18
315,123,H1087,34,PPT1010A,Bay10-S-19,6110,6133,182,5951,23
316,123,H1087,34,PPT1010A,Bay10-S-19,6133,6156,182,5974,23
317,133,H1087,7,BQM4853A,Bay48-N-3,1236,1259,182,1077,23
318,133,H1087,7,BQM4853A,Bay48-N-3,1259,1282,182,1100,23
319,694,H1088,34,PPT1010A,Bay10-S-19,6156,6194,216,5978,38
320,684,H1088,34,PPT1010A,Bay10-S-19,6194,6232,216,6016,38
321,123,H1087,14,PPT0004A,0西-7,1214,1253,206,1047,39
322,102,H1088,14,PPT0004A,0西-7,1253,1291,197,1094,38
323,110,H1088,34,PPT1010A,Bay10-S-19,6232,6283,219,6064,51
324,182,H1087,34,PPT1010A,Bay10-S-19,6283,6320,205,6115,37
325,271,H1088,34,PPT1010A,Bay10-S-19,6320,6351,199,6152,31
326,271,H1087,34,PPT1010A,Bay10-S-19,6351,6382,199,6183,31
327,261,H1088,14,PPT0004A,0西-7,1291,1322,199,1123,31
328,261,H1088,14,PPT0004A,0西-7,1322,1353,199,1154,31
329,123,H1088,34,PPT1010A,Bay10-S-19,6382,6410,205,6205,28
330,133,H1087,7,BQM4853A,Bay48-N-3,1282,1310,201,1109,28
331,231,H1087,34,PPT1010A,Bay10-S-19,6410,6431,198,6233,21
332,122,H1087,34,PPT1010A,Bay10-S-19,6431,6458,200,6258,27
333,132,H1087,34,PPT1010A,Bay10-S-19,6458,6485,200,6285,27
334,192,H1088,34,PPT1010A,Bay10-S-19,6485,6522,211,6311,37
335,294,H1088,14,PPT0004A,0西-7,1353,1398,231,1167,45
336,284,H1088,14,PPT0004A,0西-7,1398,1443,232,1211,45
337,231,H1088,34,PPT1010A,Bay10-S-19,6522,6536,190,6346,14
338,221,H1087,34,PPT1010A,Bay10-S-19,6536,6550,190,6360,14
339,633,H1087,34,PPT1010A,Bay10-S-19,6550,6584,210,6374,34
340,623,H1088,34,PPT1010A,Bay10-S-19,6584,6618,210,6408,34
341,111,H1088,7,BQM4853A,Bay48-N-3,1310,1335,197,1138,25
342,293,H1088,14,PPT0004A,0西-7,1443,1486,231,1255,43
343,111,H1088,7,BQM4853A,Bay48-N-3,1335,1375,217,1158,40
344,103,H1088,7,BQM4853A,Bay48-N-3,1375,1415,217,1198,40
345,112,H1087,63,PPT0862A,Bay8-N-24,324,342,188,154,18
346,112,H1087,63,PPT0862A,Bay8-N-24,342,360,188,172,18
347,221,H1088,34,PPT1010A,Bay10-S-19,6618,6638,206,6432,20
348,283,H1087,14,PPT0004A,0西-7,1486,1530,234,1296,44
349,273,H1087,34,PPT1010A,Bay10-S-19,6638,6664,210,6454,26
350,263,H1087,34,PPT1010A,Bay10-S-19,6664,6690,211,6479,26
351,112,H1088,63,PPT0862A,Bay8-N-24,360,378,195,183,18
352,143,H1088,34,PPT1010A,Bay10-S-19,6690,6721,210,6511,31
353,153,H1088,34,PPT1010A,Bay10-S-19,6721,6752,210,6542,31
354,683,H1087,34,PPT1010A,Bay10-S-19,6752,6776,216,6560,24
355,693,H1087,34,PPT1010A,Bay10-S-19,6776,6800,216,6584,24
356,632,H1088,34,PPT1010A,Bay10-S-19,6800,6829,211,6618,29
357,622,H1087,34,PPT1010A,Bay10-S-19,6829,6858,211,6647,29
358,182,H1088,34,PPT1010A,Bay10-S-19,6858,6875,210,6665,17
359,192,H1088,34,PPT1010A,Bay10-S-19,6875,6892,210,6682,17
360,271,H1088,34,PPT1010A,Bay10-S-19,6892,6923,223,6700,31
361,261,H1087,14,PPT0004A,0西-7,1530,1561,223,1338,31
362,124,H1088,34,PPT1010A,Bay10-S-19,6923,6955,215,6740,32
363,134,H1088,7,BQM4853A,Bay48-N-3,1415,1447,215,1232,32
364,273,H1088,34,PPT1010A,Bay10-S-19,6955,6980,228,6752,25
365,263,H1088,34,PPT1010A,Bay10-S-19,6980,7005,228,6777,25
366,103,H1087,7,BQM4853A,Bay48-N-3,1447,1473,201,1272,26
367,273,H1087,34,PPT1010A,Bay10-S-19,7005,7030,229,6801,25
368,263,H1087,34,PPT1010A,Bay10-S-19,7030,7055,229,6826,25
369,632,H1087,34,PPT1010A,Bay10-S-19,7055,7071,208,6863,16
370,144,H1088,34,PPT1010A,Bay10-S-19,7071,7102,217,6885,31
371,154,H1088,34,PPT1010A,Bay10-S-19,7102,7141,225,6916,39
372,622,H1087,34,PPT1010A,Bay10-S-19,7141,7156,208,6948,15
373,835,H1087,34,PPT1010A,Bay10-S-19,7156,7176,216,6960,20
374,835,H1087,34,PPT1010A,Bay10-S-19,7176,7196,216,6980,20
375,825,H1087,34,PPT1010A,Bay10-S-19,7196,7216,216,7000,20
376,825,H1087,34,PPT1010A,Bay10-S-19,7216,7236,216,7020,20
377,104,H1087,34,PPT1010A,Bay10-S-19,7236,7251,205,7046,15
378,124,H1087,34,PPT1010A,Bay10-S-19,7251,7284,223,7061,33
379,832,H1087,34,PPT1010A,Bay10-S-19,7284,7300,218,7082,16
380,822,H1087,34,PPT1010A,Bay10-S-19,7300,7316,218,7098,16
381,801,H1088,7,BQM4853A,Bay48-N-3,1473,1531,250,1281,58
382,803,H1088,34,PPT1010A,Bay10-S-19,7316,7345,222,7123,29
383,283,H1087,34,PPT1010A,Bay10-S-19,7345,7375,227,7148,30
384,293,H1087,7,BQM4853A,Bay48-N-3,1531,1561,228,1333,30
385,132,H1087,34,PPT1010A,Bay10-S-19,7375,7389,205,7184,14
386,122,H1087,34,PPT1010A,Bay10-S-19,7389,7403,205,7198,14
387,162,H1088,34,PPT1010A,Bay10-S-19,7403,7424,212,7212,21
388,172,H1088,34,PPT1010A,Bay10-S-19,7424,7445,212,7233,21
389,662,H1088,34,PPT1010A,Bay10-S-19,7445,7472,218,7254,27
390,672,H1088,34,PPT1010A,Bay10-S-19,7472,7499,218,7281,27
391,134,H1088,14,PPT0004A,0西-7,1561,1594,224,1370,33
392,193,H1087,4,BQM4810A,Bay48-S-10,214,249,226,23,35
393,832,H1088,34,PPT1010A,Bay10-S-19,7499,7515,219,7296,16
394,822,H1088,34,PPT1010A,Bay10-S-19,7515,7531,219,7312,16
395,623,H1088,34,PPT1010A,Bay10-S-19,7531,7546,211,7335,15
396,633,H1088,34,PPT1010A,Bay10-S-19,7546,7561,211,7350,15
397,803,H1087,34,PPT1010A,Bay10-S-19,7561,7590,223,7367,29
398,631,H1087,34,PPT1010A,Bay10-S-19,7590,7598,212,7386,8
399,283,H1087,34,PPT1010A,Bay10-S-19,7598,7629,229,7400,31
400,293,H1087,7,BQM4853A,Bay48-N-3,1561,1592,230,1362,31
401,191,H1088,34,PPT1010A,Bay10-S-19,7629,7653,216,7437,24
402,143,H1088,34,PPT1010A,Bay10-S-19,7653,7678,217,7461,25
403,153,H1087,34,PPT1010A,Bay10-S-19,7678,7703,217,7486,25
404,621,H1087,34,PPT1010A,Bay10-S-19,7703,7713,213,7500,10
405,181,H1088,34,PPT1010A,Bay10-S-19,7713,7737,217,7520,24
406,161,H1087,34,PPT1010A,Bay10-S-19,7737,7756,212,7544,19
407,171,H1088,63,PPT0862A,Bay8-N-24,378,397,212,185,19
408,183,H1087,63,PPT0862A,Bay8-N-24,397,430,226,204,33
409,125,H1087,34,PPT1010A,Bay10-S-19,7756,7787,224,7563,31
410,631,H1087,34,PPT1010A,Bay10-S-19,7787,7824,232,7592,37
411,621,H1087,14,PPT0004A,0西-7,1594,1631,232,1399,37
412,135,H1088,14,PPT0004A,0西-7,1631,1661,225,1436,30
413,623,H1088,34,PPT1010A,Bay10-S-19,7824,7839,228,7611,15
414,633,H1088,34,PPT1010A,Bay10-S-19,7839,7854,228,7626,15
415,272,H1088,34,PPT1010A,Bay10-S-19,7854,7885,228,7657,31
416,262,H1088,34,PPT1010A,Bay10-S-19,7885,7916,228,7688,31
417,623,H1087,34,PPT1010A,Bay10-S-19,7916,7931,229,7702,15
418,633,H1087,34,PPT1010A,Bay10-S-19,7931,7946,229,7717,15
419,194,H1088,4,BQM4810A,Bay48-S-10,249,277,225,52,28
420,183,H1087,34,PPT1010A,Bay10-S-19,7946,7968,220,7748,22
421,184,H1088,63,PPT0862A,Bay8-N-24,430,457,225,232,27
422,193,H1088,34,PPT1010A,Bay10-S-19,7968,7990,220,7770,22
423,102,H1088,7,BQM4853A,Bay48-N-3,1592,1644,251,1393,52
424,112,H1088,7,BQM4853A,Bay48-N-3,1644,1674,230,1444,30
425,101,H1087,34,PPT1010A,Bay10-S-19,7990,8039,249,7790,49
426,155,H1088,34,PPT1010A,Bay10-S-19,8039,8061,224,7837,22
427,144,H1087,34,PPT1010A,Bay10-S-19,8061,8081,223,7858,20
428,671,H1088,34,PPT1010A,Bay10-S-19,8081,8106,228,7878,25
429,642,H1087,34,PPT1010A,Bay10-S-19,8106,8122,229,7893,16
430,652,H1087,34,PPT1010A,Bay10-S-19,8122,8138,229,7909,16
431,154,H1088,34,PPT1010A,Bay10-S-19,8138,8158,224,7934,20
432,642,H1088,34,PPT1010A,Bay10-S-19,8158,8174,230,7944,16
433,652,H1088,34,PPT1010A,Bay10-S-19,8174,8190,230,7960,16
434,145,H1088,34,PPT1010A,Bay10-S-19,8190,8210,225,7985,20
435,836,H1088,63,PPT0862A,Bay8-N-24,457,490,229,261,33
436,836,H1088,63,PPT0862A,Bay8-N-24,490,523,229,294,33
437,826,H1088,4,BQM4810A,Bay48-S-10,277,310,229,81,33
438,826,H1088,4,BQM4810A,Bay48-S-10,310,343,229,114,33
439,801,H1088,7,BQM4853A,Bay48-N-3,1674,1711,247,1464,37
440,803,H1087,34,PPT1010A,Bay10-S-19,8210,8242,231,8011,32
441,801,H1088,7,BQM4853A,Bay48-N-3,1711,1748,248,1500,37
442,661,H1087,34,PPT1010A,Bay10-S-19,8242,8271,239,8032,29
443,834,H1088,34,PPT1010A,Bay10-S-19,8271,8290,244,8046,19
444,824,H1088,34,PPT1010A,Bay10-S-19,8290,8309,244,8065,19
445,832,H1087,34,PPT1010A,Bay10-S-19,8309,8327,244,8083,18
446,833,H1087,34,PPT1010A,Bay10-S-19,8327,8345,244,8101,18
447,822,H1087,34,PPT1010A,Bay10-S-19,8345,8363,244,8119,18
448,823,H1087,34,PPT1010A,Bay10-S-19,8363,8381,244,8137,18
449,292,H1088,34,PPT1010A,Bay10-S-19,8381,8415,236,8179,34
450,653,H1087,34,PPT1010A,Bay10-S-19,8415,8431,231,8200,16
451,643,H1087,34,PPT1010A,Bay10-S-19,8431,8447,231,8216,16
452,282,H1087,34,PPT1010A,Bay10-S-19,8447,8479,234,8245,32
453,292,H1088,34,PPT1010A,Bay10-S-19,8479,8512,237,8275,33
454,834,H1087,34,PPT1010A,Bay10-S-19,8512,8534,226,8308,22
455,824,H1087,34,PPT1010A,Bay10-S-19,8534,8556,226,8330,22
456,653,H1088,34,PPT1010A,Bay10-S-19,8556,8571,232,8339,15
457,643,H1088,34,PPT1010A,Bay10-S-19,8571,8586,232,8354,15
458,833,H1088,34,PPT1010A,Bay10-S-19,8586,8601,222,8379,15
459,823,H1087,34,PPT1010A,Bay10-S-19,8601,8622,231,8391,21
460,282,H1087,34,PPT1010A,Bay10-S-19,8622,8654,235,8419,32
461,834,H1088,34,PPT1010A,Bay10-S-19,8654,8676,227,8449,22
462,824,H1088,34,PPT1010A,Bay10-S-19,8676,8698,227,8471,22
463,833,H1087,34,PPT1010A,Bay10-S-19,8698,8713,223,8490,15
464,823,H1087,34,PPT1010A,Bay10-S-19,8713,8734,232,8502,21
465,836,H1087,63,PPT0862A,Bay8-N-24,523,554,241,313,31
466,826,H1087,4,BQM4810A,Bay48-S-10,343,374,241,133,31
467,182,H1088,34,PPT1010A,Bay10-S-19,8734,8775,260,8515,41
468,123,H1088,14,PPT0004A,0西-7,1661,1704,263,1441,43
469,133,H1087,7,BQM4853A,Bay48-N-3,1748,1791,263,1528,43
470,824,H1088,7,BQM4853A,Bay48-N-3,1791,1825,250,1575,34
471,110,H1088,34,PPT1010A,Bay10-S-19,8775,8829,277,8552,54
472,834,H1087,34,PPT1010A,Bay10-S-19,8829,8862,241,8621,33
473,192,H1088,34,PPT1010A,Bay10-S-19,8862,8903,266,8637,41
474,653,H1087,34,PPT1010A,Bay10-S-19,8903,8922,251,8671,19
475,643,H1087,34,PPT1010A,Bay10-S-19,8922,8941,248,8693,19
476,652,H1087,34,PPT1010A,Bay10-S-19,8941,8960,251,8709,19
477,642,H1087,34,PPT1010A,Bay10-S-19,8960,8979,248,8731,19
478,801,H1087,7,BQM4853A,Bay48-N-3,1825,1872,276,1596,47
479,111,H1087,7,BQM4853A,Bay48-N-3,1872,1916,272,1644,44
480,633,H1087,34,PPT1010A,Bay10-S-19,8979,9017,266,8751,38
481,623,H1087,34,PPT1010A,Bay10-S-19,9017,9055,266,8789,38
482,825,H1087,7,BQM4853A,Bay48-N-3,1916,1949,258,1691,33
483,231,H1088,34,PPT1010A,Bay10-S-19,9055,9072,247,8825,17
484,221,H1088,34,PPT1010A,Bay10-S-19,9072,9089,247,8842,17
485,835,H1088,34,PPT1010A,Bay10-S-19,9089,9114,248,8866,25
486,825,H1088,34,PPT1010A,Bay10-S-19,9114,9139,248,8891,25
487,103,H1088,7,BQM4853A,Bay48-N-3,1949,1992,274,1718,43
488,632,H1088,34,PPT1010A,Bay10-S-19,9139,9168,267,8901,29
489,622,H1088,34,PPT1010A,Bay10-S-19,9168,9197,267,8930,29
490,101,H1088,7,BQM4853A,Bay48-N-3,1992,2022,295,1727,30
491,101,H1088,7,BQM4853A,Bay48-N-3,2022,2052,295,1757,30
492,833,H1088,7,BQM4853A,Bay48-N-3,2052,2082,261,1821,30
493,823,H1088,59,PPT0857A,Bay8-N-14,200,230,261,0,30
494,835,H1088,34,PPT1010A,Bay10-S-19,9197,9229,268,8961,32
495,845,H1087,34,PPT1010A,Bay10-S-19,9229,9260,260,9000,31
496,193,H1088,4,BQM4810A,Bay48-S-10,374,409,279,130,35
497,832,H1087,59,PPT0857A,Bay8-N-14,230,254,261,0,24
498,822,H1087,34,PPT1010A,Bay10-S-19,9260,9284,261,9023,24
499,855,H1087,34,PPT1010A,Bay10-S-19,9284,9315,262,9053,31
500,124,H1087,34,PPT1010A,Bay10-S-19,9315,9347,277,9070,32
501,183,H1088,63,PPT0862A,Bay8-N-24,554,587,279,308,33
502,662,H1088,34,PPT1010A,Bay10-S-19,9347,9374,273,9101,27
503,672,H1088,34,PPT1010A,Bay10-S-19,9374,9401,273,9128,27
504,191,H1088,34,PPT1010A,Bay10-S-19,9401,9424,270,9154,23
505,104,H1087,34,PPT1010A,Bay10-S-19,9424,9439,262,9177,15
506,134,H1088,14,PPT0004A,0西-7,1704,1737,280,1457,33
507,221,H1087,34,PPT1010A,Bay10-S-19,9439,9451,297,9154,12
508,221,H1088,14,PPT0004A,0西-7,1737,1749,297,1452,12
509,132,H1088,34,PPT1010A,Bay10-S-19,9451,9465,262,9203,14
510,181,H1088,34,PPT1010A,Bay10-S-19,9465,9489,272,9217,24
511,122,H1088,34,PPT1010A,Bay10-S-19,9489,9503,262,9241,14
512,162,H1088,34,PPT1010A,Bay10-S-19,9503,9524,269,9255,21
513,172,H1088,34,PPT1010A,Bay10-S-19,9524,9545,269,9276,21
514,125,H1088,34,PPT1010A,Bay10-S-19,9545,9576,279,9297,31
515,143,H1087,34,PPT1010A,Bay10-S-19,9576,9601,274,9327,25
516,153,H1087,34,PPT1010A,Bay10-S-19,9601,9626,274,9352,25
517,135,H1088,14,PPT0004A,0西-7,1749,1780,280,1500,31
518,194,H1087,4,BQM4810A,Bay48-S-10,409,437,277,160,28
519,161,H1087,34,PPT1010A,Bay10-S-19,9626,9644,269,9375,18
520,171,H1087,63,PPT0862A,Bay8-N-24,587,605,269,336,18
521,184,H1087,63,PPT0862A,Bay8-N-24,605,631,277,354,26
522,631,H1088,34,PPT1010A,Bay10-S-19,9644,9681,288,9393,37
523,621,H1088,14,PPT0004A,0西-7,1780,1817,288,1529,37
524,231,H1087,34,PPT1010A,Bay10-S-19,9681,9695,297,9398,14
525,231,H1087,34,PPT1010A,Bay10-S-19,9695,9709,297,9412,14
526,683,H1087,34,PPT1010A,Bay10-S-19,9709,9741,265,9476,32
527,693,H1087,34,PPT1010A,Bay10-S-19,9741,9773,265,9508,32
528,643,H1087,34,PPT1010A,Bay10-S-19,9773,9799,267,9532,26
529,653,H1087,34,PPT1010A,Bay10-S-19,9799,9825,268,9557,26
530,112,H1088,59,PPT0857A,Bay8-N-14,254,284,286,0,30
531,155,H1087,34,PPT1010A,Bay10-S-19,9825,9848,279,9569,23
532,684,H1087,34,PPT1010A,Bay10-S-19,9848,9883,294,9589,35
533,694,H1087,34,PPT1010A,Bay10-S-19,9883,9918,293,9625,35
534,144,H1088,34,PPT1010A,Bay10-S-19,9918,9937,277,9660,19
535,671,H1088,34,PPT1010A,Bay10-S-19,9937,9962,283,9679,25
536,122,H1088,34,PPT1010A,Bay10-S-19,9962,9978,292,9686,16
537,122,H1088,34,PPT1010A,Bay10-S-19,9978,9994,292,9702,16
538,132,H1088,34,PPT1010A,Bay10-S-19,9994,10010,292,9718,16
539,132,H1088,34,PPT1010A,Bay10-S-19,10010,10026,292,9734,16
540,632,H1088,34,PPT1010A,Bay10-S-19,10026,10040,305,9735,14
541,632,H1088,34,PPT1010A,Bay10-S-19,10040,10054,305,9749,14
542,103,H1088,7,BQM4853A,Bay48-N-3,2082,2098,292,1806,16
543,103,H1087,7,BQM4853A,Bay48-N-3,2098,2114,292,1822,16
544,145,H1087,34,PPT1010A,Bay10-S-19,10054,10074,280,9794,20
545,154,H1087,34,PPT1010A,Bay10-S-19,10074,10094,280,9814,20
546,622,H1088,34,PPT1010A,Bay10-S-19,10094,10107,303,9804,13
547,622,H1088,34,PPT1010A,Bay10-S-19,10107,10120,303,9817,13
548,111,H1088,7,BQM4853A,Bay48-N-3,2114,2139,305,1834,25
549,111,H1088,7,BQM4853A,Bay48-N-3,2139,2164,305,1859,25
550,101,H1088,7,BQM4853A,Bay48-N-3,2164,2194,321,1873,30
551,101,H1088,7,BQM4853A,Bay48-N-3,2194,2224,321,1903,30
552,661,H1087,34,PPT1010A,Bay10-S-19,10120,10145,290,9855,25
553,183,H1088,34,PPT1010A,Bay10-S-19,10145,10166,310,9856,21
554,183,H1088,34,PPT1010A,Bay10-S-19,10166,10187,310,9877,21
555,193,H1087,34,PPT1010A,Bay10-S-19,10187,10208,310,9898,21
556,193,H1087,34,PPT1010A,Bay10-S-19,10208,10229,310,9919,21
557,144,H1087,34,PPT1010A,Bay10-S-19,10229,10252,321,9931,23
558,144,H1087,34,PPT1010A,Bay10-S-19,10252,10275,321,9954,23
559,154,H1087,34,PPT1010A,Bay10-S-19,10275,10298,321,9977,23
560,154,H1087,34,PPT1010A,Bay10-S-19,10298,10321,321,10000,23
561,124,H1088,34,PPT1010A,Bay10-S-19,10321,10343,318,10025,22
562,124,H1088,34,PPT1010A,Bay10-S-19,10343,10365,318,10047,22
563,134,H1088,7,BQM4853A,Bay48-N-3,2224,2246,318,1928,22
564,134,H1088,7,BQM4853A,Bay48-N-3,2246,2268,318,1950,22
565,824,H1087,7,BQM4853A,Bay48-N-3,2268,2298,292,2006,30
566,834,H1087,34,PPT1010A,Bay10-S-19,10365,10395,283,10112,30
567,143,H1087,34,PPT1010A,Bay10-S-19,10395,10416,300,10116,21
568,143,H1087,34,PPT1010A,Bay10-S-19,10416,10437,300,10137,21
569,153,H1087,34,PPT1010A,Bay10-S-19,10437,10458,300,10158,21
570,153,H1087,34,PPT1010A,Bay10-S-19,10458,10479,300,10179,21
571,621,H1088,34,PPT1010A,Bay10-S-19,10479,10493,305,10188,14
572,621,H1088,34,PPT1010A,Bay10-S-19,10493,10507,305,10202,14
573,631,H1087,34,PPT1010A,Bay10-S-19,10507,10520,306,10214,13
574,631,H1087,34,PPT1010A,Bay10-S-19,10520,10533,306,10227,13
575,273,H1087,34,PPT1010A,Bay10-S-19,10533,10558,314,10244,25
576,273,H1087,34,PPT1010A,Bay10-S-19,10558,10583,314,10269,25
577,263,H1087,34,PPT1010A,Bay10-S-19,10583,10608,314,10294,25
578,263,H1087,34,PPT1010A,Bay10-S-19,10608,10633,314,10319,25
579,801,H1088,7,BQM4853A,Bay48-N-3,2298,2342,318,2024,44
580,835,H1088,34,PPT1010A,Bay10-S-19,10633,10652,298,10354,19
581,825,H1088,34,PPT1010A,Bay10-S-19,10652,10671,298,10373,19
582,832,H1087,34,PPT1010A,Bay10-S-19,10671,10687,300,10387,16
583,822,H1087,34,PPT1010A,Bay10-S-19,10687,10703,300,10403,16
584,803,H1087,34,PPT1010A,Bay10-S-19,10703,10732,304,10428,29
585,835,H1088,34,PPT1010A,Bay10-S-19,10732,10752,300,10452,20
586,825,H1088,34,PPT1010A,Bay10-S-19,10752,10772,300,10472,20
587,832,H1087,34,PPT1010A,Bay10-S-19,10772,10788,301,10487,16
588,822,H1087,34,PPT1010A,Bay10-S-19,10788,10804,301,10503,16
589,221,H1087,34,PPT1010A,Bay10-S-19,10804,10815,322,10493,11
590,221,H1087,34,PPT1010A,Bay10-S-19,10815,10826,322,10504,11
591,803,H1087,34,PPT1010A,Bay10-S-19,10826,10855,305,10550,29
592,825,H1088,7,BQM4853A,Bay48-N-3,2342,2372,299,2073,30
593,102,H1088,14,PPT0004A,0西-7,1817,1837,297,1540,20
594,102,H1088,14,PPT0004A,0西-7,1837,1857,297,1560,20
595,283,H1087,34,PPT1010A,Bay10-S-19,10855,10885,311,10574,30
596,293,H1087,7,BQM4853A,Bay48-N-3,2372,2402,312,2090,30
597,293,H1087,7,BQM4853A,Bay48-N-3,2402,2432,312,2120,30
598,272,H1088,34,PPT1010A,Bay10-S-19,10885,10917,322,10595,32
599,272,H1088,34,PPT1010A,Bay10-S-19,10917,10949,322,10627,32
600,262,H1087,34,PPT1010A,Bay10-S-19,10949,10981,322,10659,32
601,262,H1087,34,PPT1010A,Bay10-S-19,10981,11013,322,10691,32
602,283,H1088,34,PPT1010A,Bay10-S-19,11013,11044,313,10731,31
603,231,H1088,34,PPT1010A,Bay10-S-19,11044,11058,322,10736,14
604,231,H1088,34,PPT1010A,Bay10-S-19,11058,11072,322,10750,14
605,654,H1088,34,PPT1010A,Bay10-S-19,11072,11103,310,10793,31
606,644,H1088,7,BQM4853A,Bay48-N-3,2432,2463,310,2153,31
607,623,H1087,34,PPT1010A,Bay10-S-19,11103,11118,314,10804,15
608,623,H1087,34,PPT1010A,Bay10-S-19,11118,11133,314,10819,15
609,633,H1087,34,PPT1010A,Bay10-S-19,11133,11148,314,10834,15
610,633,H1087,34,PPT1010A,Bay10-S-19,11148,11163,314,10849,15
611,833,H1087,7,BQM4853A,Bay48-N-3,2463,2493,303,2190,30
612,823,H1087,59,PPT0857A,Bay8-N-14,284,314,303,11,30
613,835,H1087,34,PPT1010A,Bay10-S-19,11163,11195,309,10886,32
614,182,H1088,34,PPT1010A,Bay10-S-19,11195,11213,307,10906,18
615,182,H1088,34,PPT1010A,Bay10-S-19,11213,11231,307,10924,18
616,192,H1087,34,PPT1010A,Bay10-S-19,11231,11249,307,10942,18
617,192,H1087,34,PPT1010A,Bay10-S-19,11249,11267,307,10960,18
618,845,H1087,34,PPT1010A,Bay10-S-19,11267,11299,301,10998,32
619,122,H1088,34,PPT1010A,Bay10-S-19,11299,11316,318,10998,17
620,122,H1088,34,PPT1010A,Bay10-S-19,11316,11333,318,11015,17
621,132,H1087,34,PPT1010A,Bay10-S-19,11333,11350,318,11032,17
622,132,H1087,34,PPT1010A,Bay10-S-19,11350,11367,318,11049,17
623,632,H1087,34,PPT1010A,Bay10-S-19,11367,11381,330,11051,14
624,632,H1087,34,PPT1010A,Bay10-S-19,11381,11395,330,11065,14
625,123,H1087,34,PPT1010A,Bay10-S-19,11395,11418,301,11117,23
626,123,H1087,34,PPT1010A,Bay10-S-19,11418,11441,301,11140,23
627,133,H1087,7,BQM4853A,Bay48-N-3,2493,2516,301,2215,23
628,133,H1087,7,BQM4853A,Bay48-N-3,2516,2539,301,2238,23
629,855,H1087,34,PPT1010A,Bay10-S-19,11441,11472,303,11169,31
630,103,H1087,7,BQM4853A,Bay48-N-3,2539,2555,318,2237,16
631,103,H1087,7,BQM4853A,Bay48-N-3,2555,2571,318,2253,16
632,622,H1088,34,PPT1010A,Bay10-S-19,11472,11484,328,11156,12
633,622,H1088,34,PPT1010A,Bay10-S-19,11484,11496,328,11168,12
634,832,H1088,14,PPT0004A,0西-7,1857,1881,303,1578,24
635,822,H1088,34,PPT1010A,Bay10-S-19,11496,11520,303,11217,24
636,111,H1088,7,BQM4853A,Bay48-N-3,2571,2595,331,2264,24
637,111,H1088,7,BQM4853A,Bay48-N-3,2595,2619,331,2288,24
638,642,H1088,34,PPT1010A,Bay10-S-19,11520,11536,314,11222,16
639,642,H1088,34,PPT1010A,Bay10-S-19,11536,11552,314,11238,16
640,652,H1088,34,PPT1010A,Bay10-S-19,11552,11568,314,11254,16
641,652,H1088,34,PPT1010A,Bay10-S-19,11568,11584,314,11270,16
642,836,H1088,63,PPT0862A,Bay8-N-24,631,660,308,352,29
643,826,H1088,4,BQM4810A,Bay48-S-10,437,466,308,158,29
644,144,H1088,34,PPT1010A,Bay10-S-19,11584,11608,346,11262,24
645,144,H1088,34,PPT1010A,Bay10-S-19,11608,11632,346,11286,24
646,154,H1088,34,PPT1010A,Bay10-S-19,11632,11656,346,11310,24
647,154,H1087,34,PPT1010A,Bay10-S-19,11656,11680,346,11334,24
648,271,H1087,34,PPT1010A,Bay10-S-19,11680,11712,322,11390,32
649,271,H1087,34,PPT1010A,Bay10-S-19,11712,11744,322,11422,32
650,261,H1088,14,PPT0004A,0西-7,1881,1913,322,1591,32
651,261,H1088,14,PPT0004A,0西-7,1913,1945,322,1623,32
652,183,H1088,34,PPT1010A,Bay10-S-19,11744,11765,335,11430,21
653,183,H1088,34,PPT1010A,Bay10-S-19,11765,11786,335,11451,21
654,193,H1088,34,PPT1010A,Bay10-S-19,11786,11807,335,11472,21
655,193,H1087,34,PPT1010A,Bay10-S-19,11807,11828,335,11493,21
656,836,H1088,63,PPT0862A,Bay8-N-24,660,689,309,380,29
657,826,H1088,4,BQM4810A,Bay48-S-10,466,495,309,186,29
658,801,H1088,7,BQM4853A,Bay48-N-3,2619,2653,326,2327,34
659,801,H1088,7,BQM4853A,Bay48-N-3,2653,2687,326,2361,34
660,124,H1087,34,PPT1010A,Bay10-S-19,11828,11851,343,11508,23
661,124,H1088,34,PPT1010A,Bay10-S-19,11851,11874,343,11531,23
662,134,H1088,7,BQM4853A,Bay48-N-3,2687,2710,343,2367,23
663,134,H1088,7,BQM4853A,Bay48-N-3,2710,2733,343,2390,23
664,683,H1088,34,PPT1010A,Bay10-S-19,11874,11908,309,11599,34
665,693,H1088,34,PPT1010A,Bay10-S-19,11908,11942,309,11633,34
666,143,H1087,34,PPT1010A,Bay10-S-19,11942,11963,326,11637,21
667,143,H1087,34,PPT1010A,Bay10-S-19,11963,11984,326,11658,21
668,153,H1087,34,PPT1010A,Bay10-S-19,11984,12005,326,11679,21
669,153,H1087,34,PPT1010A,Bay10-S-19,12005,12026,326,11700,21
670,621,H1087,34,PPT1010A,Bay10-S-19,12026,12040,331,11709,14
671,621,H1087,34,PPT1010A,Bay10-S-19,12040,12054,331,11723,14
672,631,H1088,34,PPT1010A,Bay10-S-19,12054,12067,332,11735,13
673,631,H1088,34,PPT1010A,Bay10-S-19,12067,12080,332,11748,13
674,112,H1087,63,PPT0862A,Bay8-N-24,689,706,305,401,17
675,112,H1088,63,PPT0862A,Bay8-N-24,706,723,305,418,17
676,263,H1087,34,PPT1010A,Bay10-S-19,12080,12104,338,11766,24
677,263,H1087,34,PPT1010A,Bay10-S-19,12104,12128,338,11790,24
678,643,H1087,34,PPT1010A,Bay10-S-19,12128,12154,308,11846,26
679,273,H1087,34,PPT1010A,Bay10-S-19,12154,12179,340,11839,25
680,273,H1087,34,PPT1010A,Bay10-S-19,12179,12204,340,11864,25
681,101,H1087,7,BQM4853A,Bay48-N-3,2733,2765,328,2437,32
682,653,H1087,34,PPT1010A,Bay10-S-19,12204,12230,309,11921,26
683,834,H1087,34,PPT1010A,Bay10-S-19,12230,12249,304,11945,19
684,824,H1087,34,PPT1010A,Bay10-S-19,12249,12268,304,11964,19
685,833,H1087,34,PPT1010A,Bay10-S-19,12268,12283,303,11980,15
686,823,H1088,34,PPT1010A,Bay10-S-19,12283,12301,309,11992,18
687,292,H1087,34,PPT1010A,Bay10-S-19,12301,12333,318,12015,32
688,292,H1087,34,PPT1010A,Bay10-S-19,12333,12365,318,12047,32
689,834,H1087,34,PPT1010A,Bay10-S-19,12365,12384,305,12079,19
690,824,H1087,34,PPT1010A,Bay10-S-19,12384,12403,305,12098,19
691,833,H1088,34,PPT1010A,Bay10-S-19,12403,12419,305,12114,16
692,823,H1088,34,PPT1010A,Bay10-S-19,12419,12437,310,12127,18
693,684,H1088,34,PPT1010A,Bay10-S-19,12437,12474,338,12136,37
694,694,H1087,34,PPT1010A,Bay10-S-19,12474,12511,337,12174,37
695,282,H1088,34,PPT1010A,Bay10-S-19,12511,12541,316,12225,30
696,653,H1088,34,PPT1010A,Bay10-S-19,12541,12556,316,12240,15
697,653,H1088,34,PPT1010A,Bay10-S-19,12556,12571,316,12255,15
698,643,H1088,34,PPT1010A,Bay10-S-19,12571,12586,316,12270,15
699,643,H1088,34,PPT1010A,Bay10-S-19,12586,12601,316,12285,15
700,102,H1088,14,PPT0004A,0西-7,1945,1964,322,1642,19
701,102,H1088,14,PPT0004A,0西-7,1964,1983,322,1661,19
702,282,H1087,34,PPT1010A,Bay10-S-19,12601,12631,317,12314,30
703,283,H1087,34,PPT1010A,Bay10-S-19,12631,12665,351,12314,34
704,293,H1087,7,BQM4853A,Bay48-N-3,2765,2799,351,2448,34
705,272,H1088,34,PPT1010A,Bay10-S-19,12665,12699,350,12349,34
706,272,H1088,34,PPT1010A,Bay10-S-19,12699,12733,350,12383,34
707,262,H1088,34,PPT1010A,Bay10-S-19,12733,12767,350,12417,34
708,262,H1088,34,PPT1010A,Bay10-S-19,12767,12801,350,12451,34
709,282,H1087,34,PPT1010A,Bay10-S-19,12801,12834,351,12483,33
710,292,H1088,34,PPT1010A,Bay10-S-19,12834,12867,351,12516,33
711,623,H1088,34,PPT1010A,Bay10-S-19,12867,12883,339,12544,16
712,623,H1088,34,PPT1010A,Bay10-S-19,12883,12899,339,12560,16
713,633,H1087,34,PPT1010A,Bay10-S-19,12899,12914,340,12574,15
714,633,H1088,34,PPT1010A,Bay10-S-19,12914,12929,340,12589,15
715,102,H1087,14,PPT0004A,0西-7,1983,2026,343,1683,43
716,123,H1087,34,PPT1010A,Bay10-S-19,12929,12959,348,12611,30
717,133,H1087,7,BQM4853A,Bay48-N-3,2799,2829,344,2485,30
718,231,H1087,34,PPT1010A,Bay10-S-19,12959,12981,340,12641,22
719,182,H1087,34,PPT1010A,Bay10-S-19,12981,13000,335,12665,19
720,182,H1087,34,PPT1010A,Bay10-S-19,13000,13019,335,12684,19
721,192,H1087,34,PPT1010A,Bay10-S-19,13019,13038,335,12703,19
722,192,H1087,34,PPT1010A,Bay10-S-19,13038,13057,335,12722,19
723,123,H1087,34,PPT1010A,Bay10-S-19,13057,13082,329,12753,25
724,123,H1088,34,PPT1010A,Bay10-S-19,13082,13107,329,12778,25
725,133,H1088,7,BQM4853A,Bay48-N-3,2829,2854,329,2525,25
726,133,H1088,7,BQM4853A,Bay48-N-3,2854,2879,329,2550,25
727,122,H1088,34,PPT1010A,Bay10-S-19,13107,13138,345,12793,31
728,132,H1088,34,PPT1010A,Bay10-S-19,13138,13169,345,12824,31
729,271,H1088,34,PPT1010A,Bay10-S-19,13169,13205,351,12854,36
730,271,H1088,34,PPT1010A,Bay10-S-19,13205,13241,351,12890,36
731,261,H1088,14,PPT0004A,0西-7,2026,2062,351,1711,36
732,261,H1088,14,PPT0004A,0西-7,2062,2098,351,1747,36
733,111,H1087,7,BQM4853A,Bay48-N-3,2879,2907,341,2566,28
734,221,H1088,34,PPT1010A,Bay10-S-19,13241,13265,351,12914,24
735,273,H1088,34,PPT1010A,Bay10-S-19,13265,13296,355,12941,31
736,263,H1088,34,PPT1010A,Bay10-S-19,13296,13327,356,12971,31
737,112,H1088,63,PPT0862A,Bay8-N-24,723,744,340,404,21
738,143,H1087,34,PPT1010A,Bay10-S-19,13327,13364,357,13007,37
739,153,H1087,34,PPT1010A,Bay10-S-19,13364,13401,357,13044,37
740,112,H1087,63,PPT0862A,Bay8-N-24,744,765,336,429,21
741,112,H1087,63,PPT0862A,Bay8-N-24,765,786,336,450,21
742,654,H1088,34,PPT1010A,Bay10-S-19,13401,13438,358,13080,37
743,644,H1088,7,BQM4853A,Bay48-N-3,2907,2944,358,2586,37
744,271,H1087,34,PPT1010A,Bay10-S-19,13438,13475,369,13106,37
745,261,H1088,14,PPT0004A,0西-7,2098,2135,369,1766,37
746,124,H1088,34,PPT1010A,Bay10-S-19,13475,13514,362,13152,39
747,134,H1088,7,BQM4853A,Bay48-N-3,2944,2983,362,2621,39
748,182,H1087,34,PPT1010A,Bay10-S-19,13514,13535,355,13180,21
749,192,H1087,34,PPT1010A,Bay10-S-19,13535,13556,355,13201,21
750,632,H1087,34,PPT1010A,Bay10-S-19,13556,13575,350,13225,19
751,622,H1087,34,PPT1010A,Bay10-S-19,13575,13592,350,13242,17
752,144,H1087,34,PPT1010A,Bay10-S-19,13592,13628,364,13264,36
753,154,H1088,34,PPT1010A,Bay10-S-19,13628,13673,373,13300,45
754,835,H1087,34,PPT1010A,Bay10-S-19,13673,13696,358,13338,23
755,835,H1087,34,PPT1010A,Bay10-S-19,13696,13719,358,13361,23
756,825,H1088,34,PPT1010A,Bay10-S-19,13719,13742,358,13384,23
757,825,H1088,34,PPT1010A,Bay10-S-19,13742,13765,358,13407,23
758,103,H1087,7,BQM4853A,Bay48-N-3,2983,3013,348,2665,30
759,801,H1088,7,BQM4853A,Bay48-N-3,3013,3078,396,2682,65
760,631,H1087,34,PPT1010A,Bay10-S-19,13765,13776,355,13421,11
761,832,H1087,34,PPT1010A,Bay10-S-19,13776,13796,364,13432,20
762,832,H1087,34,PPT1010A,Bay10-S-19,13796,13816,364,13452,20
763,822,H1087,34,PPT1010A,Bay10-S-19,13816,13836,364,13472,20
764,822,H1087,34,PPT1010A,Bay10-S-19,13836,13856,364,13492,20
765,623,H1088,34,PPT1010A,Bay10-S-19,13856,13875,356,13519,19
766,633,H1088,34,PPT1010A,Bay10-S-19,13875,13894,356,13538,19
767,803,H1087,34,PPT1010A,Bay10-S-19,13894,13929,370,13559,35
768,803,H1087,34,PPT1010A,Bay10-S-19,13929,13964,370,13594,35
769,621,H1087,34,PPT1010A,Bay10-S-19,13964,13974,355,13619,10
770,293,H1088,7,BQM4853A,Bay48-N-3,3078,3114,379,2735,36
771,293,H1088,7,BQM4853A,Bay48-N-3,3114,3150,379,2771,36
772,283,H1088,34,PPT1010A,Bay10-S-19,13974,14010,379,13631,36
773,283,H1087,34,PPT1010A,Bay10-S-19,14010,14046,379,13667,36
774,183,H1088,34,PPT1010A,Bay10-S-19,14046,14073,365,13708,27
775,272,H1087,34,PPT1010A,Bay10-S-19,14073,14112,378,13734,39
776,193,H1088,34,PPT1010A,Bay10-S-19,14112,14139,365,13774,27
777,262,H1087,34,PPT1010A,Bay10-S-19,14139,14178,378,13800,39
778,101,H1088,7,BQM4853A,Bay48-N-3,3150,3188,377,2811,38
779,642,H1088,34,PPT1010A,Bay10-S-19,14178,14198,375,13823,20
780,642,H1088,34,PPT1010A,Bay10-S-19,14198,14218,375,13843,20
781,652,H1088,34,PPT1010A,Bay10-S-19,14218,14238,375,13863,20
782,652,H1088,34,PPT1010A,Bay10-S-19,14238,14258,375,13883,20
783,801,H1087,7,BQM4853A,Bay48-N-3,3188,3255,414,2841,67
784,283,H1087,34,PPT1010A,Bay10-S-19,14258,14297,401,13896,39
785,293,H1087,7,BQM4853A,Bay48-N-3,3255,3294,401,2893,39
786,282,H1088,34,PPT1010A,Bay10-S-19,14297,14333,401,13932,36
787,292,H1088,34,PPT1010A,Bay10-S-19,14333,14369,401,13968,36
788,836,H1087,63,PPT0862A,Bay8-N-24,786,821,374,447,35
789,836,H1087,63,PPT0862A,Bay8-N-24,821,856,374,482,35
790,826,H1087,4,BQM4810A,Bay48-S-10,495,530,374,156,35
791,826,H1087,4,BQM4810A,Bay48-S-10,530,565,374,191,35
792,123,H1088,34,PPT1010A,Bay10-S-19,14369,14403,395,14008,34
793,133,H1087,7,BQM4853A,Bay48-N-3,3294,3328,391,2937,34
794,803,H1088,34,PPT1010A,Bay10-S-19,14403,14438,377,14061,35
795,102,H1088,14,PPT0004A,0西-7,2135,2182,392,1790,47
796,801,H1088,7,BQM4853A,Bay48-N-3,3328,3367,396,2971,39
797,801,H1088,7,BQM4853A,Bay48-N-3,3367,3406,396,3010,39
798,231,H1088,34,PPT1010A,Bay10-S-19,14438,14462,389,14073,24
799,834,H1087,34,PPT1010A,Bay10-S-19,14462,14484,392,14092,22
800,824,H1087,34,PPT1010A,Bay10-S-19,14484,14506,392,14114,22
801,122,H1087,34,PPT1010A,Bay10-S-19,14506,14537,391,14146,31
802,132,H1087,34,PPT1010A,Bay10-S-19,14537,14568,391,14177,31
803,836,H1087,63,PPT0862A,Bay8-N-24,856,890,384,506,34
804,826,H1087,14,PPT0004A,0西-7,2182,2216,384,1832,34
805,832,H1087,34,PPT1010A,Bay10-S-19,14568,14589,392,14197,21
806,833,H1087,34,PPT1010A,Bay10-S-19,14589,14610,392,14218,21
807,822,H1087,34,PPT1010A,Bay10-S-19,14610,14631,392,14239,21
808,823,H1087,34,PPT1010A,Bay10-S-19,14631,14652,392,14260,21
809,653,H1087,34,PPT1010A,Bay10-S-19,14652,14671,379,14292,19
810,653,H1087,34,PPT1010A,Bay10-S-19,14671,14690,379,14311,19
811,643,H1087,34,PPT1010A,Bay10-S-19,14690,14709,379,14330,19
812,643,H1087,34,PPT1010A,Bay10-S-19,14709,14728,379,14349,19
813,111,H1087,7,BQM4853A,Bay48-N-3,3406,3435,388,3047,29
814,292,H1088,34,PPT1010A,Bay10-S-19,14728,14764,388,14376,36
815,292,H1088,34,PPT1010A,Bay10-S-19,14764,14800,388,14412,36
816,834,H1087,34,PPT1010A,Bay10-S-19,14800,14822,374,14448,22
817,834,H1087,34,PPT1010A,Bay10-S-19,14822,14844,374,14470,22
818,824,H1087,34,PPT1010A,Bay10-S-19,14844,14866,374,14492,22
819,824,H1087,34,PPT1010A,Bay10-S-19,14866,14888,374,14514,22
820,833,H1087,34,PPT1010A,Bay10-S-19,14888,14905,372,14533,17
821,833,H1087,34,PPT1010A,Bay10-S-19,14905,14922,372,14550,17
822,823,H1088,34,PPT1010A,Bay10-S-19,14922,14943,379,14564,21
823,823,H1088,34,PPT1010A,Bay10-S-19,14943,14964,379,14585,21
824,273,H1088,34,PPT1010A,Bay10-S-19,14964,14994,400,14594,30
825,263,H1088,34,PPT1010A,Bay10-S-19,14994,15024,401,14623,30
826,282,H1088,34,PPT1010A,Bay10-S-19,15024,15059,387,14672,35
827,282,H1088,34,PPT1010A,Bay10-S-19,15059,15094,387,14707,35
828,112,H1088,63,PPT0862A,Bay8-N-24,890,911,385,526,21
829,221,H1087,34,PPT1010A,Bay10-S-19,15094,15119,400,14719,25
830,143,H1087,34,PPT1010A,Bay10-S-19,15119,15158,404,14754,39
831,153,H1087,34,PPT1010A,Bay10-S-19,15158,15197,404,14793,39
832,653,H1087,34,PPT1010A,Bay10-S-19,15197,15216,393,14823,19
833,643,H1088,34,PPT1010A,Bay10-S-19,15216,15235,390,14845,19
834,652,H1087,34,PPT1010A,Bay10-S-19,15235,15254,393,14861,19
835,642,H1088,34,PPT1010A,Bay10-S-19,15254,15273,390,14883,19
836,803,H1088,34,PPT1010A,Bay10-S-19,15273,15308,392,14916,35
837,124,H1087,34,PPT1010A,Bay10-S-19,15308,15345,407,14938,37
838,134,H1087,7,BQM4853A,Bay48-N-3,3435,3472,407,3065,37
839,182,H1088,7,BQM4853A,Bay48-N-3,3472,3493,402,3091,21
840,192,H1088,34,PPT1010A,Bay10-S-19,15345,15366,402,14964,21
841,834,H1087,34,PPT1010A,Bay10-S-19,15366,15388,407,14981,22
842,824,H1087,34,PPT1010A,Bay10-S-19,15388,15410,407,15003,22
843,271,H1087,34,PPT1010A,Bay10-S-19,15410,15447,418,15029,37
844,261,H1087,14,PPT0004A,0西-7,2216,2253,418,1835,37
845,835,H1087,34,PPT1010A,Bay10-S-19,15447,15474,392,15082,27
846,825,H1087,34,PPT1010A,Bay10-S-19,15474,15501,392,15109,27
847,144,H1087,34,PPT1010A,Bay10-S-19,15501,15537,409,15128,36
848,154,H1087,34,PPT1010A,Bay10-S-19,15537,15584,420,15164,47
849,832,H1087,34,PPT1010A,Bay10-S-19,15584,15605,407,15198,21
850,833,H1087,34,PPT1010A,Bay10-S-19,15605,15626,407,15219,21
851,822,H1087,34,PPT1010A,Bay10-S-19,15626,15647,407,15240,21
852,823,H1087,34,PPT1010A,Bay10-S-19,15647,15668,407,15261,21
853,632,H1088,34,PPT1010A,Bay10-S-19,15668,15687,399,15288,19
854,103,H1088,7,BQM4853A,Bay48-N-3,3493,3525,396,3129,32
855,622,H1088,34,PPT1010A,Bay10-S-19,15687,15704,399,15305,17
856,836,H1087,63,PPT0862A,Bay8-N-24,911,945,404,541,34
857,826,H1087,14,PPT0004A,0西-7,2253,2287,404,1883,34
858,623,H1088,34,PPT1010A,Bay10-S-19,15704,15723,403,15320,19
859,633,H1088,34,PPT1010A,Bay10-S-19,15723,15742,403,15339,19
860,631,H1088,34,PPT1010A,Bay10-S-19,15742,15753,404,15349,11
861,621,H1088,34,PPT1010A,Bay10-S-19,15753,15763,404,15359,10
862,183,H1087,34,PPT1010A,Bay10-S-19,15763,15790,412,15378,27
863,653,H1087,34,PPT1010A,Bay10-S-19,15790,15807,409,15398,17
864,643,H1087,34,PPT1010A,Bay10-S-19,15807,15824,406,15418,17
865,193,H1087,34,PPT1010A,Bay10-S-19,15824,15851,412,15439,27
866,652,H1087,34,PPT1010A,Bay10-S-19,15851,15868,409,15459,17
867,642,H1087,34,PPT1010A,Bay10-S-19,15868,15885,406,15479,17
868,272,H1087,34,PPT1010A,Bay10-S-19,15885,15924,427,15497,39
869,262,H1087,34,PPT1010A,Bay10-S-19,15924,15963,427,15536,39
870,835,H1087,34,PPT1010A,Bay10-S-19,15963,15990,412,15578,27
871,825,H1087,34,PPT1010A,Bay10-S-19,15990,16017,412,15605,27
