seq_id,block_id,ship_id,platen_idx,platen_id,platen_name,planned_start_day,planned_end_day,due_date_day,delay_days,processing_time_days,is_feasible,status
757,284,H1088,39,PPT1052A,Bay10-N-4,0,72,126,0,72,True,ALLOCATED
758,294,H1088,38,PPT1051A,Bay10-N-2,0,71,125,0,71,True,ALLOCATED
759,154,H1088,11,PPT0001A,0西-1,50,101,133,0,51,True,ALLOCATED
760,144,H1088,10,BQM4202A,Bay42-S-2,50,99,132,0,49,True,ALLOCATED
761,134,H1088,8,BQM4503A,Bay45-S-3,75,123,132,0,48,True,ALLOCATED
765,124,H1087,24,PPT0060A,0东-20,53,100,131,0,47,True,ALLOCATED
787,111,H1088,2,BQM4803A,Bay48-S-3,75,115,115,0,40,True,ALLOCATED
792,154,H1088,2,BQM4803A,Bay48-S-3,196,236,115,121,40,True,ALLOCATED
793,182,H1088,33,PPT1009A,Bay10-S-17,31,73,116,0,42,True,ALLOCATED
794,192,H1088,2,BQM4803A,Bay48-S-3,154,196,116,80,42,True,ALLOCATED
797,801,H1087,50,PPT0801A,Bay8-S-1,46,96,113,0,50,True,ALLOCATED
802,684,H1087,23,PPT0059A,0东-18,21,60,113,0,39,True,ALLOCATED
803,694,H1088,51,PPT0802A,Bay8-S-3,21,60,113,0,39,True,ALLOCATED
804,134,H1088,21,PPT0057A,0东-14,36,81,111,0,45,True,ALLOCATED
805,124,H1088,20,PPT0056A,0东-12,36,81,111,0,45,True,ALLOCATED
809,825,H1088,31,PPT1007A,Bay10-S-13,21,61,113,0,40,True,ALLOCATED
810,835,H1088,35,PPT1011A,Bay10-S-21,21,61,113,0,40,True,ALLOCATED
819,101,H1088,2,BQM4803A,Bay48-S-3,287,348,107,241,61,True,ALLOCATED
822,826,H1088,4,BQM4810A,Bay48-S-10,21,74,100,0,53,True,ALLOCATED
823,836,H1088,53,PPT0804A,Bay8-S-7,21,74,100,0,53,True,ALLOCATED
828,683,H1087,7,BQM4853A,Bay48-N-3,31,56,108,0,25,True,ALLOCATED
829,693,H1087,56,PPT0809A,Bay8-S-17,31,56,108,0,25,True,ALLOCATED
830,143,H1087,29,PPT1005A,Bay10-S-9,38,83,107,0,45,True,ALLOCATED
831,153,H1087,17,PPT0053A,0东-6,38,83,107,0,45,True,ALLOCATED
842,824,H1088,9,BQM4504A,Bay45-S-4,50,75,105,0,25,True,ALLOCATED
843,834,H1087,8,BQM4503A,Bay45-S-3,50,75,105,0,25,True,ALLOCATED
847,272,H1087,52,PPT0803A,Bay8-S-5,29,64,105,0,35,True,ALLOCATED
848,132,H1087,28,PPT1004A,Bay10-S-7,42,69,107,0,27,True,ALLOCATED
849,143,H1087,16,PPT0052A,0东-4,53,75,105,0,22,True,ALLOCATED
850,153,H1087,2,BQM4803A,Bay48-S-3,53,75,105,0,22,True,ALLOCATED
856,110,H1088,34,PPT1010A,Bay10-S-19,29,71,87,0,42,True,ALLOCATED
857,112,H1088,15,PPT0051A,0东-2,46,72,85,0,26,True,ALLOCATED
858,825,H1088,25,PPT1001A,Bay10-S-1,52,80,101,0,28,True,ALLOCATED
859,835,H1087,26,PPT1002A,Bay10-S-3,52,80,101,0,28,True,ALLOCATED
861,122,H1087,27,PPT1003A,Bay10-S-5,42,66,104,0,24,True,ALLOCATED
862,103,H1087,2,BQM4803A,Bay48-S-3,236,287,104,183,51,True,ALLOCATED
863,622,H1087,13,PPT0003A,0西-5,47,62,106,0,15,True,ALLOCATED
864,144,H1087,14,PPT0004A,0西-7,62,86,100,0,24,True,ALLOCATED
865,154,H1087,13,PPT0003A,0西-5,62,86,100,0,24,True,ALLOCATED
866,632,H1087,14,PPT0004A,0西-7,47,62,105,0,15,True,ALLOCATED
867,163,H1088,30,PPT1006A,Bay10-S-11,36,65,100,0,29,True,ALLOCATED
869,161,H1088,19,PPT0055A,0东-10,37,69,99,0,32,True,ALLOCATED
870,173,H1088,32,PPT1008A,Bay10-S-15,36,65,99,0,29,True,ALLOCATED
871,102,H1088,7,BQM4853A,Bay48-N-3,56,93,94,0,37,True,ALLOCATED
874,103,H1088,2,BQM4803A,Bay48-S-3,115,154,87,67,39,True,ALLOCATED
877,822,H1087,3,BQM4808A,Bay48-S-8,53,76,94,0,23,True,ALLOCATED
878,832,H1087,18,PPT0054A,0东-8,53,76,94,0,23,True,ALLOCATED
879,101,H1087,12,PPT0002A,0西-3,48,77,86,0,29,True,ALLOCATED
880,101,H1087,22,PPT0058A,0东-16,35,71,74,0,36,True,ALLOCATED
881,102,H1087,58,PPT0811A,Bay8-S-21,28,67,74,0,39,True,ALLOCATED
762,801,H1088,7,BQM4853A,Bay48-N-3,124,158,129,29,34,True,ALLOCATED
766,268,H1087,30,PPT1006A,Bay10-S-11,67,96,130,0,29,True,ALLOCATED
767,278,H1087,62,PPT0861A,Bay8-N-22,68,96,130,0,28,True,ALLOCATED
769,124,H1087,64,PPT0863A,Bay8-N-26,73,98,128,0,25,True,ALLOCATED
770,134,H1087,65,PPT0864A,Bay8-N-28,73,98,128,0,25,True,ALLOCATED
771,628,H1088,45,PPT1058A,Bay10-N-16,59,82,128,0,23,True,ALLOCATED
772,638,H1088,46,PPT1059A,Bay10-N-18,59,82,128,0,23,True,ALLOCATED
773,261,H1088,53,PPT0804A,Bay8-S-7,75,107,127,0,32,True,ALLOCATED
774,271,H1088,38,PPT1051A,Bay10-N-2,75,107,127,0,32,True,ALLOCATED
776,271,H1088,27,PPT1003A,Bay10-S-5,67,101,125,0,34,True,ALLOCATED
777,261,H1088,55,PPT0808A,Bay8-S-15,65,99,124,0,34,True,ALLOCATED
778,262,H1088,61,PPT0859A,Bay8-N-18,68,99,128,0,31,True,ALLOCATED
779,272,H1087,60,PPT0858A,Bay8-N-16,68,99,128,0,31,True,ALLOCATED
780,135,H1087,18,PPT0054A,0东-8,76,119,123,0,43,True,ALLOCATED
783,183,H1087,19,PPT0055A,0东-10,71,91,123,0,20,True,ALLOCATED
784,193,H1087,22,PPT0058A,0东-16,71,91,123,0,20,True,ALLOCATED
788,263,H1088,35,PPT1011A,Bay10-S-21,62,87,121,0,25,True,ALLOCATED
789,273,H1088,31,PPT1007A,Bay10-S-13,62,87,121,0,25,True,ALLOCATED
790,822,H1088,16,PPT0052A,0东-4,75,111,118,0,36,True,ALLOCATED
791,832,H1088,9,BQM4504A,Bay45-S-4,75,111,118,0,36,True,ALLOCATED
795,183,H1087,40,PPT1053A,Bay10-N-6,54,76,118,0,22,True,ALLOCATED
796,193,H1087,41,PPT1054A,Bay10-N-8,54,76,118,0,22,True,ALLOCATED
798,125,H1087,3,BQM4808A,Bay48-S-8,76,110,113,0,34,True,ALLOCATED
799,826,H1087,4,BQM4810A,Bay48-S-10,92,121,112,9,29,True,ALLOCATED
800,836,H1087,63,PPT0862A,Bay8-N-24,76,105,112,0,29,True,ALLOCATED
811,293,H1087,7,BQM4853A,Bay48-N-3,93,124,114,10,31,True,ALLOCATED
812,803,H1087,23,PPT0059A,0东-18,60,90,108,0,30,True,ALLOCATED
815,283,H1087,42,PPT1055A,Bay10-N-10,55,86,113,0,31,True,ALLOCATED
816,642,H1087,28,PPT1004A,Bay10-S-7,72,88,117,0,16,True,ALLOCATED
817,652,H1087,34,PPT1010A,Bay10-S-19,72,88,117,0,16,True,ALLOCATED
820,133,H1088,54,PPT0807A,Bay8-S-13,65,94,107,0,29,True,ALLOCATED
821,123,H1088,56,PPT0809A,Bay8-S-17,66,95,107,0,29,True,ALLOCATED
824,631,H1088,47,PPT1060A,Bay10-N-20,60,75,114,0,15,True,ALLOCATED
825,621,H1088,48,PPT1061A,Bay10-N-22,62,77,114,0,15,True,ALLOCATED
832,182,H1087,8,BQM4503A,Bay45-S-3,153,170,113,57,17,True,ALLOCATED
833,192,H1087,15,PPT0051A,0东-2,72,89,113,0,17,True,ALLOCATED
836,194,H1088,57,PPT0810A,Bay8-S-19,68,98,104,0,30,True,ALLOCATED
838,623,H1088,49,PPT1062A,Bay10-N-24,63,78,111,0,15,True,ALLOCATED
839,633,H1088,51,PPT0802A,Bay8-S-3,63,78,111,0,15,True,ALLOCATED
840,103,H1088,8,BQM4503A,Bay45-S-3,123,153,103,50,30,True,ALLOCATED
841,184,H1088,32,PPT1008A,Bay10-S-15,68,98,103,0,30,True,ALLOCATED
844,102,H1087,52,PPT0803A,Bay8-S-5,64,85,102,0,21,True,ALLOCATED
845,182,H1087,4,BQM4810A,Bay48-S-10,74,92,109,0,18,True,ALLOCATED
846,192,H1087,33,PPT1009A,Bay10-S-17,74,92,109,0,18,True,ALLOCATED
852,825,H1088,37,PPT1013A,Bay10-S-25,54,76,103,0,22,True,ALLOCATED
853,835,H1088,36,PPT1012A,Bay10-S-23,54,76,103,0,22,True,ALLOCATED
872,822,H1088,44,PPT1057A,Bay10-N-14,55,73,101,0,18,True,ALLOCATED
873,832,H1088,43,PPT1056A,Bay10-N-12,55,73,101,0,18,True,ALLOCATED
875,161,H1087,58,PPT0811A,Bay8-S-21,68,86,96,0,18,True,ALLOCATED
876,171,H1087,59,PPT0857A,Bay8-N-14,68,86,96,0,18,True,ALLOCATED
589,284,H1087,65,PPT0864A,Bay8-N-28,98,143,180,0,45,True,ALLOCATED
596,294,H1088,64,PPT0863A,Bay8-N-26,98,143,179,0,45,True,ALLOCATED
656,124,H1087,58,PPT0811A,Bay8-S-21,88,114,174,0,26,True,ALLOCATED
657,134,H1087,59,PPT0857A,Bay8-N-14,88,114,174,0,26,True,ALLOCATED
666,261,H1088,62,PPT0861A,Bay8-N-22,96,135,169,0,39,True,ALLOCATED
667,271,H1087,57,PPT0810A,Bay8-S-19,98,137,169,0,39,True,ALLOCATED
671,183,H1087,23,PPT0059A,0东-18,91,126,167,0,35,True,ALLOCATED
678,193,H1088,54,PPT0807A,Bay8-S-13,94,129,166,0,35,True,ALLOCATED
683,182,H1087,33,PPT1009A,Bay10-S-17,92,132,166,0,40,True,ALLOCATED
684,192,H1087,7,BQM4853A,Bay48-N-3,222,262,166,96,40,True,ALLOCATED
685,110,H1087,49,PPT1062A,Bay10-N-24,84,125,150,0,41,True,ALLOCATED
692,154,H1088,8,BQM4503A,Bay45-S-3,261,300,160,140,39,True,ALLOCATED
697,683,H1088,41,PPT1054A,Bay10-N-8,81,105,161,0,24,True,ALLOCATED
698,693,H1088,43,PPT1056A,Bay10-N-12,81,105,161,0,24,True,ALLOCATED
699,144,H1087,8,BQM4503A,Bay45-S-3,223,261,158,103,38,True,ALLOCATED
725,123,H1088,42,PPT1055A,Bay10-N-10,87,129,152,0,42,True,ALLOCATED
726,133,H1088,7,BQM4853A,Bay48-N-3,180,222,152,70,42,True,ALLOCATED
736,101,H1087,48,PPT1061A,Bay10-N-22,83,111,148,0,28,True,ALLOCATED
741,143,H1088,15,PPT0051A,0东-2,89,124,149,0,35,True,ALLOCATED
742,153,H1088,28,PPT1004A,Bay10-S-7,89,124,149,0,35,True,ALLOCATED
746,103,H1088,8,BQM4503A,Bay45-S-3,185,223,139,84,38,True,ALLOCATED
747,184,H1087,30,PPT1006A,Bay10-S-11,96,124,141,0,28,True,ALLOCATED
748,194,H1087,50,PPT0801A,Bay8-S-1,96,124,141,0,28,True,ALLOCATED
753,161,H1087,34,PPT1010A,Bay10-S-19,93,130,139,0,37,True,ALLOCATED
754,171,H1087,56,PPT0809A,Bay8-S-17,95,132,139,0,37,True,ALLOCATED
755,269,H1088,46,PPT1059A,Bay10-N-18,83,112,139,0,29,True,ALLOCATED
756,279,H1088,47,PPT1060A,Bay10-N-20,83,112,139,0,29,True,ALLOCATED
763,629,H1087,39,PPT1052A,Bay10-N-4,77,109,132,0,32,True,ALLOCATED
764,639,H1087,40,PPT1053A,Bay10-N-6,77,109,132,0,32,True,ALLOCATED
775,102,H1088,14,PPT0004A,0西-7,86,121,122,0,35,True,ALLOCATED
781,142,H1087,19,PPT0055A,0东-10,91,121,131,0,30,True,ALLOCATED
782,152,H1087,22,PPT0058A,0东-16,91,121,131,0,30,True,ALLOCATED
785,122,H1087,20,PPT0056A,0东-12,81,109,127,0,28,True,ALLOCATED
786,132,H1087,21,PPT0057A,0东-14,81,109,127,0,28,True,ALLOCATED
801,292,H1087,26,PPT1002A,Bay10-S-3,80,110,118,0,30,True,ALLOCATED
806,282,H1088,25,PPT1001A,Bay10-S-1,80,110,117,0,30,True,ALLOCATED
807,643,H1088,13,PPT0003A,0西-5,86,102,119,0,16,True,ALLOCATED
808,653,H1088,52,PPT0803A,Bay8-S-5,85,101,119,0,16,True,ALLOCATED
813,824,H1087,12,PPT0002A,0西-3,77,104,113,0,27,True,ALLOCATED
814,112,H1087,51,PPT0802A,Bay8-S-3,82,100,112,0,18,True,ALLOCATED
818,834,H1087,37,PPT1013A,Bay10-S-25,77,102,112,0,25,True,ALLOCATED
826,823,H1088,44,PPT1057A,Bay10-N-14,82,109,111,0,27,True,ALLOCATED
827,833,H1087,45,PPT1058A,Bay10-N-16,82,106,111,0,24,True,ALLOCATED
834,123,H1087,36,PPT1012A,Bay10-S-23,76,98,107,0,22,True,ALLOCATED
835,133,H1088,7,BQM4853A,Bay48-N-3,158,180,107,73,22,True,ALLOCATED
837,823,H1088,35,PPT1011A,Bay10-S-21,87,105,113,0,18,True,ALLOCATED
851,144,H1088,8,BQM4503A,Bay45-S-3,170,185,102,83,15,True,ALLOCATED
854,824,H1088,29,PPT1005A,Bay10-S-9,83,102,108,0,19,True,ALLOCATED
855,834,H1088,17,PPT0053A,0东-6,83,102,108,0,19,True,ALLOCATED
860,833,H1087,31,PPT1007A,Bay10-S-13,87,103,108,0,16,True,ALLOCATED
595,283,H1088,60,PPT0858A,Bay8-N-16,99,142,180,0,43,True,ALLOCATED
600,293,H1088,55,PPT0808A,Bay8-S-15,99,142,177,0,43,True,ALLOCATED
613,144,H1088,52,PPT0803A,Bay8-S-5,101,126,183,0,25,True,ALLOCATED
614,154,H1088,13,PPT0003A,0西-5,102,127,183,0,25,True,ALLOCATED
615,172,H1088,27,PPT1003A,Bay10-S-5,101,133,180,0,32,True,ALLOCATED
628,125,H1088,29,PPT1005A,Bay10-S-9,102,144,180,0,42,True,ALLOCATED
629,135,H1088,37,PPT1013A,Bay10-S-25,102,144,180,0,42,True,ALLOCATED
636,144,H1087,32,PPT1008A,Bay10-S-15,98,123,181,0,25,True,ALLOCATED
643,154,H1088,36,PPT1012A,Bay10-S-23,98,122,180,0,24,True,ALLOCATED
650,628,H1088,43,PPT1056A,Bay10-N-12,105,128,177,0,23,True,ALLOCATED
651,638,H1087,45,PPT1058A,Bay10-N-16,106,129,177,0,23,True,ALLOCATED
658,101,H1087,7,BQM4853A,Bay48-N-3,262,293,172,121,31,True,ALLOCATED
659,101,H1088,7,BQM4853A,Bay48-N-3,293,324,172,152,31,True,ALLOCATED
660,826,H1088,4,BQM4810A,Bay48-S-10,121,176,166,10,55,True,ALLOCATED
661,836,H1088,63,PPT0862A,Bay8-N-24,105,160,166,0,55,True,ALLOCATED
668,112,H1087,51,PPT0802A,Bay8-S-3,100,141,153,0,41,True,ALLOCATED
679,272,H1088,61,PPT0859A,Bay8-N-18,99,132,168,0,33,True,ALLOCATED
680,262,H1088,24,PPT0060A,0东-20,100,133,168,0,33,True,ALLOCATED
686,162,H1087,11,PPT0001A,0西-1,101,133,162,0,32,True,ALLOCATED
687,801,H1087,20,PPT0056A,0东-12,109,142,163,0,33,True,ALLOCATED
693,322,H1088,44,PPT1057A,Bay10-N-14,109,148,159,0,39,True,ALLOCATED
694,332,H1088,3,BQM4808A,Bay48-S-8,110,149,159,0,39,True,ALLOCATED
700,143,H1087,31,PPT1007A,Bay10-S-13,103,129,159,0,26,True,ALLOCATED
701,153,H1087,35,PPT1011A,Bay10-S-21,105,131,159,0,26,True,ALLOCATED
702,824,H1087,26,PPT1002A,Bay10-S-3,110,143,159,0,33,True,ALLOCATED
703,834,H1087,25,PPT1001A,Bay10-S-1,110,143,159,0,33,True,ALLOCATED
704,163,H1087,19,PPT0055A,0东-10,121,143,160,0,22,True,ALLOCATED
705,123,H1087,21,PPT0057A,0东-14,109,137,155,0,28,True,ALLOCATED
706,123,H1087,9,BQM4504A,Bay45-S-4,111,139,155,0,28,True,ALLOCATED
707,133,H1088,58,PPT0811A,Bay8-S-21,114,142,155,0,28,True,ALLOCATED
708,133,H1088,59,PPT0857A,Bay8-N-14,114,142,155,0,28,True,ALLOCATED
709,173,H1088,14,PPT0004A,0西-7,121,143,159,0,22,True,ALLOCATED
711,103,H1088,8,BQM4503A,Bay45-S-3,300,334,154,180,34,True,ALLOCATED
712,134,H1088,41,PPT1054A,Bay10-N-8,105,149,154,0,44,True,ALLOCATED
713,124,H1088,38,PPT1051A,Bay10-N-2,107,151,154,0,44,True,ALLOCATED
719,801,H1087,53,PPT0804A,Bay8-S-7,107,140,153,0,33,True,ALLOCATED
720,103,H1087,2,BQM4803A,Bay48-S-3,348,382,152,230,34,True,ALLOCATED
727,102,H1088,7,BQM4853A,Bay48-N-3,324,359,150,209,35,True,ALLOCATED
728,102,H1088,8,BQM4503A,Bay45-S-3,334,369,150,219,35,True,ALLOCATED
729,321,H1088,12,PPT0002A,0西-3,104,136,154,0,32,True,ALLOCATED
730,331,H1088,17,PPT0053A,0东-6,102,134,154,0,32,True,ALLOCATED
731,101,H1087,39,PPT1052A,Bay10-N-4,109,137,150,0,28,True,ALLOCATED
743,142,H1088,16,PPT0052A,0东-4,111,133,151,0,22,True,ALLOCATED
744,152,H1088,48,PPT1061A,Bay10-N-22,111,133,151,0,22,True,ALLOCATED
745,104,H1088,40,PPT1053A,Bay10-N-6,109,130,151,0,21,True,ALLOCATED
749,161,H1087,46,PPT1059A,Bay10-N-18,112,129,146,0,17,True,ALLOCATED
750,161,H1087,47,PPT1060A,Bay10-N-20,112,129,146,0,17,True,ALLOCATED
751,171,H1087,18,PPT0054A,0东-8,119,136,146,0,17,True,ALLOCATED
752,171,H1087,10,BQM4202A,Bay42-S-2,121,138,146,0,17,True,ALLOCATED
768,101,H1087,10,BQM4202A,Bay42-S-2,99,121,123,0,22,True,ALLOCATED
480,826,H1087,4,BQM4810A,Bay48-S-10,176,230,214,16,54,True,ALLOCATED
481,836,H1087,57,PPT0810A,Bay8-S-19,137,191,214,0,54,True,ALLOCATED
585,111,H1088,8,BQM4503A,Bay45-S-3,394,419,187,232,25,True,ALLOCATED
586,111,H1088,2,BQM4803A,Bay48-S-3,398,423,187,236,25,True,ALLOCATED
616,632,H1088,39,PPT1052A,Bay10-N-4,137,151,188,0,14,True,ALLOCATED
617,632,H1088,10,BQM4202A,Bay42-S-2,138,152,188,0,14,True,ALLOCATED
630,629,H1088,54,PPT0807A,Bay8-S-13,141,173,182,0,32,True,ALLOCATED
631,629,H1088,20,PPT0056A,0东-12,142,174,182,0,32,True,ALLOCATED
637,261,H1087,9,BQM4504A,Bay45-S-4,139,173,180,0,34,True,ALLOCATED
638,261,H1087,53,PPT0804A,Bay8-S-7,140,174,180,0,34,True,ALLOCATED
639,271,H1087,18,PPT0054A,0东-8,136,170,180,0,34,True,ALLOCATED
640,271,H1087,21,PPT0057A,0东-14,137,171,180,0,34,True,ALLOCATED
641,622,H1087,47,PPT1060A,Bay10-N-20,141,154,186,0,13,True,ALLOCATED
642,622,H1087,51,PPT0802A,Bay8-S-3,141,154,186,0,13,True,ALLOCATED
664,822,H1088,33,PPT1009A,Bay10-S-17,132,167,173,0,35,True,ALLOCATED
665,832,H1088,35,PPT1011A,Bay10-S-21,131,166,173,0,35,True,ALLOCATED
669,825,H1087,43,PPT1056A,Bay10-N-12,128,168,170,0,40,True,ALLOCATED
670,835,H1087,13,PPT0003A,0西-5,127,167,170,0,40,True,ALLOCATED
672,122,H1087,24,PPT0060A,0东-20,133,150,171,0,17,True,ALLOCATED
673,122,H1087,27,PPT1003A,Bay10-S-5,133,150,171,0,17,True,ALLOCATED
674,132,H1087,48,PPT1061A,Bay10-N-22,133,150,171,0,17,True,ALLOCATED
675,132,H1088,17,PPT0053A,0东-6,134,151,171,0,17,True,ALLOCATED
676,103,H1088,2,BQM4803A,Bay48-S-3,382,398,171,227,16,True,ALLOCATED
677,103,H1088,7,BQM4853A,Bay48-N-3,385,401,171,230,16,True,ALLOCATED
681,684,H1088,36,PPT1012A,Bay10-S-23,122,160,166,0,38,True,ALLOCATED
682,694,H1088,22,PPT0058A,0东-16,121,159,166,0,38,True,ALLOCATED
688,231,H1087,34,PPT1010A,Bay10-S-19,130,144,173,0,14,True,ALLOCATED
689,231,H1087,40,PPT1053A,Bay10-N-6,130,144,173,0,14,True,ALLOCATED
690,143,H1087,62,PPT0861A,Bay8-N-22,135,161,162,0,26,True,ALLOCATED
691,153,H1088,12,PPT0002A,0西-3,136,162,162,0,26,True,ALLOCATED
695,221,H1088,47,PPT1060A,Bay10-N-20,129,141,173,0,12,True,ALLOCATED
696,221,H1088,54,PPT0807A,Bay8-S-13,129,141,173,0,12,True,ALLOCATED
710,834,H1088,8,BQM4503A,Bay45-S-3,369,394,158,236,25,True,ALLOCATED
714,823,H1088,15,PPT0051A,0东-2,124,155,159,0,31,True,ALLOCATED
715,833,H1087,32,PPT1008A,Bay10-S-15,123,154,159,0,31,True,ALLOCATED
716,834,H1087,7,BQM4853A,Bay48-N-3,359,385,156,229,26,True,ALLOCATED
717,182,H1087,11,PPT0001A,0西-1,133,152,160,0,19,True,ALLOCATED
718,192,H1087,16,PPT0052A,0东-4,133,152,160,0,19,True,ALLOCATED
721,825,H1087,42,PPT1055A,Bay10-N-10,129,156,154,2,27,True,ALLOCATED
722,835,H1087,31,PPT1007A,Bay10-S-13,129,156,154,2,27,True,ALLOCATED
723,182,H1088,56,PPT0809A,Bay8-S-17,132,151,159,0,19,True,ALLOCATED
724,192,H1088,61,PPT0859A,Bay8-N-18,132,151,159,0,19,True,ALLOCATED
732,825,H1087,30,PPT1006A,Bay10-S-11,124,150,151,0,26,True,ALLOCATED
733,835,H1087,28,PPT1004A,Bay10-S-7,124,150,151,0,26,True,ALLOCATED
734,822,H1087,46,PPT1059A,Bay10-N-18,129,151,155,0,22,True,ALLOCATED
735,832,H1087,45,PPT1058A,Bay10-N-16,129,151,155,0,22,True,ALLOCATED
737,142,H1087,23,PPT0059A,0东-18,126,148,153,0,22,True,ALLOCATED
738,152,H1087,52,PPT0803A,Bay8-S-5,126,148,153,0,22,True,ALLOCATED
739,822,H1088,49,PPT1062A,Bay10-N-24,125,147,153,0,22,True,ALLOCATED
740,832,H1088,50,PPT0801A,Bay8-S-1,124,146,153,0,22,True,ALLOCATED
529,102,H1087,7,BQM4853A,Bay48-N-3,401,448,193,255,47,True,ALLOCATED
534,824,H1088,45,PPT1058A,Bay10-N-16,151,185,209,0,34,True,ALLOCATED
535,834,H1088,39,PPT1052A,Bay10-N-4,151,185,209,0,34,True,ALLOCATED
542,823,H1087,10,BQM4202A,Bay42-S-2,152,184,209,0,32,True,ALLOCATED
543,833,H1087,61,PPT0859A,Bay8-N-18,151,183,209,0,32,True,ALLOCATED
557,144,H1087,59,PPT0857A,Bay8-N-14,142,165,202,0,23,True,ALLOCATED
558,144,H1087,60,PPT0858A,Bay8-N-16,142,165,202,0,23,True,ALLOCATED
559,154,H1087,14,PPT0004A,0西-7,143,166,202,0,23,True,ALLOCATED
560,154,H1087,19,PPT0055A,0东-10,143,166,202,0,23,True,ALLOCATED
562,124,H1087,41,PPT1054A,Bay10-N-8,149,171,200,0,22,True,ALLOCATED
563,124,H1088,24,PPT0060A,0东-20,150,172,200,0,22,True,ALLOCATED
564,134,H1088,8,BQM4503A,Bay45-S-3,419,441,200,241,22,True,ALLOCATED
565,134,H1088,2,BQM4803A,Bay48-S-3,423,445,200,245,22,True,ALLOCATED
574,101,H1087,25,PPT1001A,Bay10-S-1,143,188,192,0,45,True,ALLOCATED
579,262,H1088,36,PPT1012A,Bay10-S-23,160,191,199,0,31,True,ALLOCATED
580,262,H1088,62,PPT0861A,Bay8-N-22,161,192,199,0,31,True,ALLOCATED
581,272,H1088,42,PPT1055A,Bay10-N-10,156,187,199,0,31,True,ALLOCATED
582,272,H1088,22,PPT0058A,0东-16,159,190,199,0,31,True,ALLOCATED
587,183,H1087,44,PPT1057A,Bay10-N-14,148,169,192,0,21,True,ALLOCATED
588,193,H1087,52,PPT0803A,Bay8-S-5,148,169,192,0,21,True,ALLOCATED
590,183,H1087,34,PPT1010A,Bay10-S-19,144,165,191,0,21,True,ALLOCATED
591,193,H1087,37,PPT1013A,Bay10-S-25,144,165,191,0,21,True,ALLOCATED
598,824,H1088,32,PPT1008A,Bay10-S-15,154,180,187,0,26,True,ALLOCATED
599,824,H1088,46,PPT1059A,Bay10-N-18,151,177,186,0,26,True,ALLOCATED
601,269,H1088,3,BQM4808A,Bay48-S-8,149,178,186,0,29,True,ALLOCATED
602,269,H1088,27,PPT1003A,Bay10-S-5,150,179,186,0,29,True,ALLOCATED
603,279,H1087,28,PPT1004A,Bay10-S-7,150,179,186,0,29,True,ALLOCATED
604,279,H1087,30,PPT1006A,Bay10-S-11,150,179,186,0,29,True,ALLOCATED
605,268,H1087,65,PPT0864A,Bay8-N-28,143,173,183,0,30,True,ALLOCATED
606,278,H1087,29,PPT1005A,Bay10-S-9,144,174,183,0,30,True,ALLOCATED
607,631,H1087,15,PPT0051A,0东-2,155,168,189,0,13,True,ALLOCATED
608,631,H1087,31,PPT1007A,Bay10-S-13,156,169,189,0,13,True,ALLOCATED
618,268,H1088,26,PPT1002A,Bay10-S-3,143,173,182,0,30,True,ALLOCATED
619,278,H1087,64,PPT0863A,Bay8-N-26,143,173,182,0,30,True,ALLOCATED
620,621,H1087,47,PPT1060A,Bay10-N-20,154,168,188,0,14,True,ALLOCATED
621,621,H1087,51,PPT0802A,Bay8-S-3,154,168,188,0,14,True,ALLOCATED
632,639,H1088,55,PPT0808A,Bay8-S-15,142,174,182,0,32,True,ALLOCATED
633,639,H1088,58,PPT0811A,Bay8-S-21,142,174,182,0,32,True,ALLOCATED
634,124,H1088,17,PPT0053A,0东-6,151,177,181,0,26,True,ALLOCATED
635,134,H1087,56,PPT0809A,Bay8-S-17,151,177,181,0,26,True,ALLOCATED
644,143,H1088,40,PPT1053A,Bay10-N-6,144,165,181,0,21,True,ALLOCATED
645,143,H1088,50,PPT0801A,Bay8-S-1,146,167,181,0,21,True,ALLOCATED
646,153,H1088,49,PPT1062A,Bay10-N-24,147,168,181,0,21,True,ALLOCATED
647,153,H1088,23,PPT0059A,0东-18,148,169,181,0,21,True,ALLOCATED
648,628,H1088,48,PPT1061A,Bay10-N-22,150,173,181,0,23,True,ALLOCATED
649,638,H1088,38,PPT1051A,Bay10-N-2,151,174,181,0,23,True,ALLOCATED
652,102,H1087,11,PPT0001A,0西-1,152,172,173,0,20,True,ALLOCATED
653,102,H1087,16,PPT0052A,0东-4,152,172,173,0,20,True,ALLOCATED
662,183,H1088,63,PPT0862A,Bay8-N-24,160,180,178,2,20,True,ALLOCATED
663,193,H1088,12,PPT0002A,0西-3,162,182,178,4,20,True,ALLOCATED
419,284,H1088,20,PPT0056A,0东-12,174,219,232,0,45,True,ALLOCATED
420,294,H1088,65,PPT0864A,Bay8-N-28,173,218,231,0,45,True,ALLOCATED
423,110,H1088,18,PPT0054A,0东-8,170,221,219,2,51,True,ALLOCATED
424,293,H1088,53,PPT0804A,Bay8-S-7,174,217,231,0,43,True,ALLOCATED
438,111,H1088,8,BQM4503A,Bay45-S-3,494,534,217,317,40,True,ALLOCATED
467,103,H1088,7,BQM4853A,Bay48-N-3,496,536,217,319,40,True,ALLOCATED
493,825,H1087,37,PPT1013A,Bay10-S-25,165,204,220,0,39,True,ALLOCATED
494,835,H1087,34,PPT1010A,Bay10-S-19,165,204,220,0,39,True,ALLOCATED
496,822,H1087,35,PPT1011A,Bay10-S-21,166,201,219,0,35,True,ALLOCATED
497,832,H1087,19,PPT0055A,0东-10,166,201,219,0,35,True,ALLOCATED
500,684,H1088,47,PPT1060A,Bay10-N-20,168,206,216,0,38,True,ALLOCATED
501,694,H1088,43,PPT1056A,Bay10-N-12,168,206,216,0,38,True,ALLOCATED
502,192,H1088,64,PPT0863A,Bay8-N-26,173,210,211,0,37,True,ALLOCATED
522,623,H1088,38,PPT1051A,Bay10-N-2,174,208,210,0,34,True,ALLOCATED
523,633,H1087,29,PPT1005A,Bay10-S-9,174,208,210,0,34,True,ALLOCATED
526,123,H1087,51,PPT0802A,Bay8-S-3,168,207,206,1,39,True,ALLOCATED
528,182,H1087,21,PPT0057A,0东-14,171,208,205,3,37,True,ALLOCATED
538,283,H1088,14,PPT0004A,0西-7,166,197,209,0,31,True,ALLOCATED
539,293,H1087,2,BQM4803A,Bay48-S-3,445,476,209,267,31,True,ALLOCATED
540,621,H1087,49,PPT1062A,Bay10-N-24,168,178,213,0,10,True,ALLOCATED
544,631,H1087,15,PPT0051A,0东-2,168,176,212,0,8,True,ALLOCATED
548,282,H1088,33,PPT1009A,Bay10-S-17,167,197,209,0,30,True,ALLOCATED
549,292,H1088,50,PPT0801A,Bay8-S-1,167,197,209,0,30,True,ALLOCATED
550,123,H1088,48,PPT1061A,Bay10-N-22,173,201,205,0,28,True,ALLOCATED
561,133,H1087,2,BQM4803A,Bay48-S-3,476,504,201,303,28,True,ALLOCATED
566,111,H1088,7,BQM4853A,Bay48-N-3,448,473,197,276,25,True,ALLOCATED
567,102,H1088,54,PPT0807A,Bay8-S-13,173,211,197,14,38,True,ALLOCATED
568,261,H1088,16,PPT0052A,0东-4,172,203,199,4,31,True,ALLOCATED
569,261,H1088,24,PPT0060A,0东-20,172,203,199,4,31,True,ALLOCATED
570,271,H1088,41,PPT1054A,Bay10-N-8,171,202,199,3,31,True,ALLOCATED
571,271,H1087,11,PPT0001A,0西-1,172,203,199,4,31,True,ALLOCATED
575,122,H1087,15,PPT0051A,0东-2,176,203,200,3,27,True,ALLOCATED
576,132,H1087,17,PPT0053A,0东-6,177,204,200,4,27,True,ALLOCATED
584,221,H1088,13,PPT0003A,0西-5,167,187,206,0,20,True,ALLOCATED
592,231,H1087,60,PPT0858A,Bay8-N-16,165,186,198,0,21,True,ALLOCATED
593,112,H1087,56,PPT0809A,Bay8-S-17,177,195,188,7,18,True,ALLOCATED
594,112,H1087,63,PPT0862A,Bay8-N-24,180,198,188,10,18,True,ALLOCATED
597,101,H1088,8,BQM4503A,Bay45-S-3,441,471,185,286,30,True,ALLOCATED
609,182,H1087,23,PPT0059A,0东-18,169,187,189,0,18,True,ALLOCATED
610,182,H1087,52,PPT0803A,Bay8-S-5,169,187,189,0,18,True,ALLOCATED
611,192,H1088,31,PPT1007A,Bay10-S-13,169,187,189,0,18,True,ALLOCATED
612,192,H1088,44,PPT1057A,Bay10-N-14,169,187,189,0,18,True,ALLOCATED
622,123,H1087,9,BQM4504A,Bay45-S-4,173,196,182,14,23,True,ALLOCATED
623,123,H1087,26,PPT1002A,Bay10-S-3,173,196,182,14,23,True,ALLOCATED
624,133,H1087,8,BQM4503A,Bay45-S-3,471,494,182,312,23,True,ALLOCATED
625,133,H1087,7,BQM4853A,Bay48-N-3,473,496,182,314,23,True,ALLOCATED
626,221,H1087,58,PPT0811A,Bay8-S-21,174,188,190,0,14,True,ALLOCATED
627,231,H1088,55,PPT0808A,Bay8-S-15,174,188,190,0,14,True,ALLOCATED
654,183,H1087,40,PPT1053A,Bay10-N-6,165,184,179,5,19,True,ALLOCATED
655,193,H1087,59,PPT0857A,Bay8-N-14,165,184,179,5,19,True,ALLOCATED
418,283,H1087,46,PPT1059A,Bay10-N-18,177,221,234,0,44,True,ALLOCATED
445,293,H1087,7,BQM4853A,Bay48-N-3,536,567,230,337,31,True,ALLOCATED
446,193,H1087,4,BQM4810A,Bay48-S-10,230,265,226,39,35,True,ALLOCATED
447,283,H1087,50,PPT0801A,Bay8-S-1,197,228,229,0,31,True,ALLOCATED
450,293,H1087,2,BQM4803A,Bay48-S-3,536,566,228,338,30,True,ALLOCATED
451,134,H1088,26,PPT1002A,Bay10-S-3,196,229,224,5,33,True,ALLOCATED
459,263,H1087,9,BQM4504A,Bay45-S-4,196,221,229,0,25,True,ALLOCATED
460,273,H1087,56,PPT0809A,Bay8-S-17,195,220,229,0,25,True,ALLOCATED
461,124,H1087,36,PPT1012A,Bay10-S-23,191,224,223,1,33,True,ALLOCATED
462,283,H1087,57,PPT0810A,Bay8-S-19,191,221,227,0,30,True,ALLOCATED
468,154,H1088,31,PPT1007A,Bay10-S-13,187,226,225,1,39,True,ALLOCATED
469,263,H1088,22,PPT0058A,0东-16,190,215,228,0,25,True,ALLOCATED
470,273,H1088,58,PPT0811A,Bay8-S-21,188,213,228,0,25,True,ALLOCATED
482,261,H1087,60,PPT0858A,Bay8-N-16,186,217,223,0,31,True,ALLOCATED
483,271,H1088,45,PPT1058A,Bay10-N-16,185,216,223,0,31,True,ALLOCATED
503,144,H1088,42,PPT1055A,Bay10-N-10,187,218,217,1,31,True,ALLOCATED
504,662,H1088,14,PPT0004A,0西-7,197,224,218,6,27,True,ALLOCATED
505,672,H1088,33,PPT1009A,Bay10-S-17,197,224,218,6,27,True,ALLOCATED
506,143,H1088,48,PPT1061A,Bay10-N-22,201,226,217,9,25,True,ALLOCATED
507,153,H1087,41,PPT1054A,Bay10-N-8,202,227,217,10,25,True,ALLOCATED
509,683,H1087,32,PPT1008A,Bay10-S-15,180,204,216,0,24,True,ALLOCATED
510,693,H1087,61,PPT0859A,Bay8-N-18,183,207,216,0,24,True,ALLOCATED
511,825,H1087,25,PPT1001A,Bay10-S-1,188,208,216,0,20,True,ALLOCATED
512,825,H1087,55,PPT0808A,Bay8-S-15,188,208,216,0,20,True,ALLOCATED
513,835,H1087,44,PPT1057A,Bay10-N-14,187,207,216,0,20,True,ALLOCATED
514,835,H1087,52,PPT0803A,Bay8-S-5,187,207,216,0,20,True,ALLOCATED
516,124,H1088,30,PPT1006A,Bay10-S-11,179,211,215,0,32,True,ALLOCATED
517,134,H1088,2,BQM4803A,Bay48-S-3,504,536,215,321,32,True,ALLOCATED
519,822,H1088,16,PPT0052A,0东-4,203,219,219,0,16,True,ALLOCATED
520,832,H1088,15,PPT0051A,0东-2,203,219,219,0,16,True,ALLOCATED
521,191,H1088,11,PPT0001A,0西-1,203,227,216,11,24,True,ALLOCATED
524,822,H1087,35,PPT1011A,Bay10-S-21,201,217,218,0,16,True,ALLOCATED
525,832,H1087,19,PPT0055A,0东-10,201,217,218,0,16,True,ALLOCATED
530,622,H1087,59,PPT0857A,Bay8-N-14,184,213,211,2,29,True,ALLOCATED
531,632,H1088,40,PPT1053A,Bay10-N-6,184,213,211,2,29,True,ALLOCATED
532,162,H1088,63,PPT0862A,Bay8-N-24,198,219,212,7,21,True,ALLOCATED
533,172,H1088,12,PPT0002A,0西-3,200,221,212,9,21,True,ALLOCATED
536,143,H1088,3,BQM4808A,Bay48-S-8,178,209,210,0,31,True,ALLOCATED
537,153,H1088,28,PPT1004A,Bay10-S-7,179,210,210,0,31,True,ALLOCATED
541,263,H1087,27,PPT1003A,Bay10-S-5,179,205,211,0,26,True,ALLOCATED
545,273,H1087,49,PPT1062A,Bay10-N-24,178,204,210,0,26,True,ALLOCATED
553,182,H1088,13,PPT0003A,0西-5,187,204,210,0,17,True,ALLOCATED
554,192,H1088,23,PPT0059A,0东-18,187,204,210,0,17,True,ALLOCATED
555,632,H1087,10,BQM4202A,Bay42-S-2,184,200,208,0,16,True,ALLOCATED
556,622,H1087,39,PPT1052A,Bay10-N-4,185,200,208,0,15,True,ALLOCATED
572,103,H1087,8,BQM4503A,Bay45-S-3,534,560,201,359,26,True,ALLOCATED
573,104,H1087,62,PPT0861A,Bay8-N-22,192,207,205,2,15,True,ALLOCATED
577,122,H1087,39,PPT1052A,Bay10-N-4,200,214,205,9,14,True,ALLOCATED
578,132,H1087,10,BQM4202A,Bay42-S-2,200,214,205,9,14,True,ALLOCATED
583,112,H1088,12,PPT0002A,0西-3,182,200,195,5,18,True,ALLOCATED
377,102,H1088,2,BQM4803A,Bay48-S-3,566,618,251,367,52,True,ALLOCATED
402,101,H1087,25,PPT1001A,Bay10-S-1,208,257,249,8,49,True,ALLOCATED
406,801,H1088,8,BQM4503A,Bay45-S-3,560,618,250,368,58,True,ALLOCATED
407,801,H1088,2,BQM4803A,Bay48-S-3,618,655,248,407,37,True,ALLOCATED
408,801,H1088,7,BQM4853A,Bay48-N-3,597,634,247,387,37,True,ALLOCATED
425,824,H1088,35,PPT1011A,Bay10-S-21,217,236,244,0,19,True,ALLOCATED
426,834,H1088,10,BQM4202A,Bay42-S-2,214,233,244,0,19,True,ALLOCATED
427,661,H1087,45,PPT1058A,Bay10-N-16,216,245,239,6,29,True,ALLOCATED
428,822,H1087,65,PPT0864A,Bay8-N-28,218,236,244,0,18,True,ALLOCATED
429,823,H1087,15,PPT0051A,0东-2,219,237,244,0,18,True,ALLOCATED
430,832,H1087,60,PPT0858A,Bay8-N-16,217,235,244,0,18,True,ALLOCATED
431,833,H1087,42,PPT1055A,Bay10-N-10,218,236,244,0,18,True,ALLOCATED
432,621,H1087,49,PPT1062A,Bay10-N-24,204,241,232,9,37,True,ALLOCATED
433,631,H1087,37,PPT1013A,Bay10-S-25,204,241,232,9,37,True,ALLOCATED
434,803,H1087,16,PPT0052A,0东-4,219,251,231,20,32,True,ALLOCATED
436,112,H1088,7,BQM4853A,Bay48-N-3,567,597,230,367,30,True,ALLOCATED
437,292,H1088,20,PPT0056A,0东-12,219,253,236,17,34,True,ALLOCATED
439,826,H1088,4,BQM4810A,Bay48-S-10,293,326,229,97,33,True,ALLOCATED
440,826,H1088,4,BQM4810A,Bay48-S-10,326,359,229,130,33,True,ALLOCATED
441,836,H1088,19,PPT0055A,0东-10,217,250,229,21,33,True,ALLOCATED
442,836,H1088,53,PPT0804A,Bay8-S-7,217,250,229,21,33,True,ALLOCATED
448,183,H1087,24,PPT0060A,0东-20,203,236,226,10,33,True,ALLOCATED
449,803,H1087,47,PPT1060A,Bay10-N-20,206,235,223,12,29,True,ALLOCATED
452,803,H1088,27,PPT1003A,Bay10-S-5,205,234,222,12,29,True,ALLOCATED
453,135,H1088,43,PPT1056A,Bay10-N-12,206,236,225,11,30,True,ALLOCATED
454,194,H1088,4,BQM4810A,Bay48-S-10,265,293,225,68,28,True,ALLOCATED
455,184,H1088,61,PPT0859A,Bay8-N-18,207,234,225,9,27,True,ALLOCATED
456,671,H1088,64,PPT0863A,Bay8-N-26,210,235,228,7,25,True,ALLOCATED
463,125,H1087,13,PPT0003A,0西-5,204,235,224,11,31,True,ALLOCATED
471,262,H1088,52,PPT0803A,Bay8-S-5,207,238,228,10,31,True,ALLOCATED
472,272,H1088,44,PPT1057A,Bay10-N-14,207,238,228,10,31,True,ALLOCATED
473,642,H1088,39,PPT1052A,Bay10-N-4,214,230,230,0,16,True,ALLOCATED
474,652,H1088,22,PPT0058A,0东-16,215,231,230,1,16,True,ALLOCATED
476,623,H1087,3,BQM4808A,Bay48-S-8,209,224,229,0,15,True,ALLOCATED
477,633,H1087,28,PPT1004A,Bay10-S-7,210,225,229,0,15,True,ALLOCATED
478,642,H1087,40,PPT1053A,Bay10-N-6,213,229,229,0,16,True,ALLOCATED
479,652,H1087,58,PPT0811A,Bay8-S-21,213,229,229,0,16,True,ALLOCATED
484,623,H1088,29,PPT1005A,Bay10-S-9,208,223,228,0,15,True,ALLOCATED
485,633,H1088,38,PPT1051A,Bay10-N-2,208,223,228,0,15,True,ALLOCATED
486,145,H1088,59,PPT0857A,Bay8-N-14,213,233,225,8,20,True,ALLOCATED
489,155,H1088,55,PPT0808A,Bay8-S-15,208,230,224,6,22,True,ALLOCATED
490,154,H1088,54,PPT0807A,Bay8-S-13,211,231,224,7,20,True,ALLOCATED
495,144,H1087,30,PPT1006A,Bay10-S-11,211,231,223,8,20,True,ALLOCATED
498,183,H1087,62,PPT0861A,Bay8-N-22,207,229,220,9,22,True,ALLOCATED
499,193,H1088,21,PPT0057A,0东-14,208,230,220,10,22,True,ALLOCATED
518,181,H1088,17,PPT0053A,0东-6,204,228,217,11,24,True,ALLOCATED
546,161,H1087,23,PPT0059A,0东-18,204,223,212,11,19,True,ALLOCATED
547,171,H1088,51,PPT0802A,Bay8-S-3,207,226,212,14,19,True,ALLOCATED
551,623,H1088,32,PPT1008A,Bay10-S-15,204,219,211,8,15,True,ALLOCATED
552,633,H1088,34,PPT1010A,Bay10-S-19,204,219,211,8,15,True,ALLOCATED
330,110,H1088,48,PPT1061A,Bay10-N-22,226,280,277,3,54,True,ALLOCATED
351,111,H1087,7,BQM4853A,Bay48-N-3,677,721,272,449,44,True,ALLOCATED
353,801,H1087,8,BQM4503A,Bay45-S-3,681,728,276,452,47,True,ALLOCATED
357,103,H1088,2,BQM4803A,Bay48-S-3,689,732,274,458,43,True,ALLOCATED
372,835,H1088,55,PPT0808A,Bay8-S-15,230,262,268,0,32,True,ALLOCATED
373,192,H1088,41,PPT1054A,Bay10-N-8,227,268,266,2,41,True,ALLOCATED
378,123,H1088,14,PPT0004A,0西-7,224,267,263,4,43,True,ALLOCATED
379,133,H1087,7,BQM4853A,Bay48-N-3,634,677,263,414,43,True,ALLOCATED
380,623,H1087,39,PPT1052A,Bay10-N-4,230,268,266,2,38,True,ALLOCATED
381,633,H1087,21,PPT0057A,0东-14,230,268,266,2,38,True,ALLOCATED
382,683,H1087,10,BQM4202A,Bay42-S-2,233,265,265,0,32,True,ALLOCATED
383,693,H1087,27,PPT1003A,Bay10-S-5,234,266,265,1,32,True,ALLOCATED
384,653,H1087,13,PPT0003A,0西-5,235,261,268,0,26,True,ALLOCATED
385,855,H1087,30,PPT1006A,Bay10-S-11,231,262,262,0,31,True,ALLOCATED
386,643,H1087,61,PPT0859A,Bay8-N-18,234,260,267,0,26,True,ALLOCATED
390,182,H1088,29,PPT1005A,Bay10-S-9,223,264,260,4,41,True,ALLOCATED
392,632,H1088,64,PPT0863A,Bay8-N-26,235,264,267,0,29,True,ALLOCATED
393,823,H1088,51,PPT0802A,Bay8-S-3,226,256,261,0,30,True,ALLOCATED
394,833,H1088,8,BQM4503A,Bay45-S-3,651,681,261,420,30,True,ALLOCATED
395,845,H1087,22,PPT0058A,0东-16,231,262,260,2,31,True,ALLOCATED
398,825,H1087,8,BQM4503A,Bay45-S-3,618,651,258,393,33,True,ALLOCATED
399,822,H1087,62,PPT0861A,Bay8-N-22,229,253,261,0,24,True,ALLOCATED
400,832,H1087,58,PPT0811A,Bay8-S-21,229,253,261,0,24,True,ALLOCATED
403,824,H1088,2,BQM4803A,Bay48-S-3,655,689,250,439,34,True,ALLOCATED
409,825,H1088,60,PPT0858A,Bay8-N-16,235,260,248,12,25,True,ALLOCATED
410,835,H1088,47,PPT1060A,Bay10-N-20,235,260,248,12,25,True,ALLOCATED
411,652,H1087,40,PPT1053A,Bay10-N-6,229,248,251,0,19,True,ALLOCATED
412,653,H1087,26,PPT1002A,Bay10-S-3,229,248,251,0,19,True,ALLOCATED
413,834,H1087,28,PPT1004A,Bay10-S-7,225,258,241,17,33,True,ALLOCATED
414,826,H1087,4,BQM4810A,Bay48-S-10,359,390,241,149,31,True,ALLOCATED
415,836,H1087,63,PPT0862A,Bay8-N-24,219,250,241,9,31,True,ALLOCATED
416,642,H1087,50,PPT0801A,Bay8-S-1,228,247,248,0,19,True,ALLOCATED
417,643,H1087,17,PPT0053A,0东-6,228,247,248,0,19,True,ALLOCATED
421,221,H1088,59,PPT0857A,Bay8-N-14,233,250,247,3,17,True,ALLOCATED
422,231,H1088,54,PPT0807A,Bay8-S-13,231,248,247,1,17,True,ALLOCATED
435,292,H1088,56,PPT0809A,Bay8-S-17,220,253,237,16,33,True,ALLOCATED
443,282,H1087,34,PPT1010A,Bay10-S-19,219,251,235,16,32,True,ALLOCATED
444,282,H1087,32,PPT1008A,Bay10-S-15,219,251,234,17,32,True,ALLOCATED
457,643,H1088,3,BQM4808A,Bay48-S-8,224,239,232,7,15,True,ALLOCATED
458,653,H1088,38,PPT1051A,Bay10-N-2,223,238,232,6,15,True,ALLOCATED
464,643,H1087,12,PPT0002A,0西-3,221,237,231,6,16,True,ALLOCATED
465,653,H1087,9,BQM4504A,Bay45-S-4,221,237,231,6,16,True,ALLOCATED
466,823,H1087,11,PPT0001A,0西-1,227,248,232,16,21,True,ALLOCATED
475,823,H1087,36,PPT1012A,Bay10-S-23,224,245,231,14,21,True,ALLOCATED
487,824,H1088,23,PPT0059A,0东-18,223,245,227,18,22,True,ALLOCATED
488,834,H1088,57,PPT0810A,Bay8-S-19,221,243,227,16,22,True,ALLOCATED
491,824,H1087,46,PPT1059A,Bay10-N-18,221,243,226,17,22,True,ALLOCATED
492,834,H1087,18,PPT0054A,0东-8,221,243,226,17,22,True,ALLOCATED
508,833,H1087,31,PPT1007A,Bay10-S-13,226,241,223,18,15,True,ALLOCATED
515,833,H1088,33,PPT1009A,Bay10-S-17,224,239,222,17,15,True,ALLOCATED
265,644,H1088,7,BQM4853A,Bay48-N-3,751,782,310,472,31,True,ALLOCATED
266,654,H1088,58,PPT0811A,Bay8-S-21,253,284,310,0,31,True,ALLOCATED
279,111,H1088,8,BQM4503A,Bay45-S-3,758,783,305,478,25,True,ALLOCATED
280,111,H1088,2,BQM4803A,Bay48-S-3,764,789,305,484,25,True,ALLOCATED
292,825,H1088,7,BQM4853A,Bay48-N-3,782,812,299,513,30,True,ALLOCATED
307,632,H1088,62,PPT0861A,Bay8-N-22,253,267,305,0,14,True,ALLOCATED
324,101,H1088,7,BQM4853A,Bay48-N-3,721,751,295,456,30,True,ALLOCATED
325,101,H1088,8,BQM4503A,Bay45-S-3,728,758,295,463,30,True,ALLOCATED
333,684,H1087,45,PPT1058A,Bay10-N-16,245,280,294,0,35,True,ALLOCATED
336,694,H1087,36,PPT1012A,Bay10-S-23,245,280,293,0,35,True,ALLOCATED
339,621,H1088,57,PPT0810A,Bay8-S-19,243,280,288,0,37,True,ALLOCATED
340,631,H1088,46,PPT1059A,Bay10-N-18,243,280,288,0,37,True,ALLOCATED
341,112,H1088,53,PPT0804A,Bay8-S-7,250,280,286,0,30,True,ALLOCATED
342,122,H1088,32,PPT1008A,Bay10-S-15,251,267,292,0,16,True,ALLOCATED
343,122,H1088,34,PPT1010A,Bay10-S-19,251,267,292,0,16,True,ALLOCATED
344,132,H1088,15,PPT0051A,0东-2,252,268,292,0,16,True,ALLOCATED
345,132,H1088,20,PPT0056A,0东-12,253,269,292,0,16,True,ALLOCATED
346,103,H1088,2,BQM4803A,Bay48-S-3,732,748,292,456,16,True,ALLOCATED
347,103,H1087,2,BQM4803A,Bay48-S-3,748,764,292,472,16,True,ALLOCATED
349,231,H1087,26,PPT1002A,Bay10-S-3,248,262,297,0,14,True,ALLOCATED
350,231,H1087,40,PPT1053A,Bay10-N-6,248,262,297,0,14,True,ALLOCATED
354,221,H1087,17,PPT0053A,0东-6,247,259,297,0,12,True,ALLOCATED
355,221,H1088,11,PPT0001A,0西-1,248,260,297,0,12,True,ALLOCATED
356,134,H1088,9,BQM4504A,Bay45-S-4,237,270,280,0,33,True,ALLOCATED
358,135,H1088,49,PPT1062A,Bay10-N-24,241,272,280,0,31,True,ALLOCATED
359,671,H1088,59,PPT0857A,Bay8-N-14,250,275,283,0,25,True,ALLOCATED
360,193,H1088,4,BQM4810A,Bay48-S-10,390,425,279,146,35,True,ALLOCATED
361,183,H1088,65,PPT0864A,Bay8-N-28,236,269,279,0,33,True,ALLOCATED
362,125,H1088,38,PPT1051A,Bay10-N-2,238,269,279,0,31,True,ALLOCATED
363,124,H1087,35,PPT1011A,Bay10-S-21,236,268,277,0,32,True,ALLOCATED
364,194,H1087,4,BQM4810A,Bay48-S-10,425,453,277,176,28,True,ALLOCATED
365,184,H1087,50,PPT0801A,Bay8-S-1,247,273,277,0,26,True,ALLOCATED
366,145,H1087,33,PPT1009A,Bay10-S-17,253,273,280,0,20,True,ALLOCATED
367,154,H1087,56,PPT0809A,Bay8-S-17,253,273,280,0,20,True,ALLOCATED
368,155,H1087,19,PPT0055A,0东-10,250,273,279,0,23,True,ALLOCATED
369,143,H1087,37,PPT1013A,Bay10-S-25,241,266,274,0,25,True,ALLOCATED
370,153,H1087,18,PPT0054A,0东-8,243,268,274,0,25,True,ALLOCATED
371,144,H1088,16,PPT0052A,0东-4,251,270,277,0,19,True,ALLOCATED
374,662,H1088,42,PPT1055A,Bay10-N-10,236,263,273,0,27,True,ALLOCATED
375,672,H1088,43,PPT1056A,Bay10-N-12,236,263,273,0,27,True,ALLOCATED
376,181,H1088,44,PPT1057A,Bay10-N-14,238,262,272,0,24,True,ALLOCATED
387,191,H1088,12,PPT0002A,0西-3,237,260,270,0,23,True,ALLOCATED
388,162,H1088,52,PPT0803A,Bay8-S-5,238,259,269,0,21,True,ALLOCATED
389,172,H1088,3,BQM4808A,Bay48-S-8,239,260,269,0,21,True,ALLOCATED
391,622,H1088,24,PPT0060A,0东-20,236,265,267,0,29,True,ALLOCATED
396,161,H1087,23,PPT0059A,0东-18,245,263,269,0,18,True,ALLOCATED
397,171,H1087,54,PPT0807A,Bay8-S-13,248,266,269,0,18,True,ALLOCATED
401,104,H1087,15,PPT0051A,0东-2,237,252,262,0,15,True,ALLOCATED
404,122,H1088,31,PPT1007A,Bay10-S-13,241,255,262,0,14,True,ALLOCATED
405,132,H1088,33,PPT1009A,Bay10-S-17,239,253,262,0,14,True,ALLOCATED
200,801,H1088,2,BQM4803A,Bay48-S-3,863,907,318,589,44,True,ALLOCATED
213,101,H1088,2,BQM4803A,Bay48-S-3,789,819,321,498,30,True,ALLOCATED
214,101,H1088,7,BQM4853A,Bay48-N-3,812,842,321,521,30,True,ALLOCATED
221,144,H1087,17,PPT0053A,0东-6,259,282,321,0,23,True,ALLOCATED
222,144,H1087,11,PPT0001A,0西-1,260,283,321,0,23,True,ALLOCATED
223,154,H1087,12,PPT0002A,0西-3,260,283,321,0,23,True,ALLOCATED
224,154,H1087,47,PPT1060A,Bay10-N-20,260,283,321,0,23,True,ALLOCATED
229,124,H1088,13,PPT0003A,0西-5,261,283,318,0,22,True,ALLOCATED
230,124,H1088,22,PPT0058A,0东-16,262,284,318,0,22,True,ALLOCATED
231,134,H1088,2,BQM4803A,Bay48-S-3,819,841,318,523,22,True,ALLOCATED
232,134,H1088,2,BQM4803A,Bay48-S-3,841,863,318,545,22,True,ALLOCATED
241,835,H1087,29,PPT1005A,Bay10-S-9,264,296,309,0,32,True,ALLOCATED
246,683,H1088,32,PPT1008A,Bay10-S-15,267,301,309,0,34,True,ALLOCATED
247,693,H1088,34,PPT1010A,Bay10-S-19,267,301,309,0,34,True,ALLOCATED
248,283,H1088,20,PPT0056A,0东-12,269,300,313,0,31,True,ALLOCATED
251,293,H1087,7,BQM4853A,Bay48-N-3,842,872,312,560,30,True,ALLOCATED
252,293,H1087,8,BQM4503A,Bay45-S-3,843,873,312,561,30,True,ALLOCATED
267,283,H1087,62,PPT0861A,Bay8-N-22,267,297,311,0,30,True,ALLOCATED
281,183,H1088,63,PPT0862A,Bay8-N-24,250,271,310,0,21,True,ALLOCATED
282,183,H1088,3,BQM4808A,Bay48-S-8,260,281,310,0,21,True,ALLOCATED
283,193,H1087,60,PPT0858A,Bay8-N-16,260,281,310,0,21,True,ALLOCATED
284,193,H1087,61,PPT0859A,Bay8-N-18,260,281,310,0,21,True,ALLOCATED
285,855,H1087,64,PPT0863A,Bay8-N-26,264,295,303,0,31,True,ALLOCATED
287,823,H1087,52,PPT0803A,Bay8-S-5,259,289,303,0,30,True,ALLOCATED
288,833,H1087,8,BQM4503A,Bay45-S-3,783,813,303,510,30,True,ALLOCATED
289,845,H1087,43,PPT1056A,Bay10-N-12,263,295,301,0,32,True,ALLOCATED
295,822,H1088,30,PPT1006A,Bay10-S-11,262,286,303,0,24,True,ALLOCATED
296,832,H1088,55,PPT0808A,Bay8-S-15,262,286,303,0,24,True,ALLOCATED
305,631,H1087,39,PPT1052A,Bay10-N-4,268,281,306,0,13,True,ALLOCATED
306,631,H1087,41,PPT1054A,Bay10-N-8,268,281,306,0,13,True,ALLOCATED
308,632,H1088,31,PPT1007A,Bay10-S-13,255,269,305,0,14,True,ALLOCATED
309,825,H1088,37,PPT1013A,Bay10-S-25,266,286,300,0,20,True,ALLOCATED
310,835,H1088,27,PPT1003A,Bay10-S-5,266,286,300,0,20,True,ALLOCATED
311,621,H1088,21,PPT0057A,0东-14,268,282,305,0,14,True,ALLOCATED
312,621,H1088,35,PPT1011A,Bay10-S-21,268,282,305,0,14,True,ALLOCATED
317,143,H1087,40,PPT1053A,Bay10-N-6,262,283,300,0,21,True,ALLOCATED
318,143,H1087,44,PPT1057A,Bay10-N-14,262,283,300,0,21,True,ALLOCATED
319,153,H1087,23,PPT0059A,0东-18,263,284,300,0,21,True,ALLOCATED
320,153,H1087,42,PPT1055A,Bay10-N-10,263,284,300,0,21,True,ALLOCATED
326,622,H1088,51,PPT0802A,Bay8-S-3,256,269,303,0,13,True,ALLOCATED
327,622,H1088,25,PPT1001A,Bay10-S-1,257,270,303,0,13,True,ALLOCATED
328,825,H1088,24,PPT0060A,0东-20,265,284,298,0,19,True,ALLOCATED
329,835,H1088,10,BQM4202A,Bay42-S-2,265,284,298,0,19,True,ALLOCATED
332,824,H1087,8,BQM4503A,Bay45-S-3,813,843,292,551,30,True,ALLOCATED
334,822,H1087,18,PPT0054A,0东-8,268,284,301,0,16,True,ALLOCATED
335,832,H1087,15,PPT0051A,0东-2,268,284,301,0,16,True,ALLOCATED
337,822,H1087,14,PPT0004A,0西-7,267,283,300,0,16,True,ALLOCATED
338,832,H1087,54,PPT0807A,Bay8-S-13,266,282,300,0,16,True,ALLOCATED
348,661,H1087,28,PPT1004A,Bay10-S-7,258,283,290,0,25,True,ALLOCATED
352,834,H1087,26,PPT1002A,Bay10-S-3,262,292,283,9,30,True,ALLOCATED
152,144,H1088,10,BQM4202A,Bay42-S-2,284,308,346,0,24,True,ALLOCATED
153,144,H1088,23,PPT0059A,0东-18,284,308,346,0,24,True,ALLOCATED
180,111,H1088,7,BQM4853A,Bay48-N-3,888,912,331,581,24,True,ALLOCATED
181,111,H1088,8,BQM4503A,Bay45-S-3,889,913,331,582,24,True,ALLOCATED
198,801,H1088,2,BQM4803A,Bay48-S-3,907,941,326,615,34,True,ALLOCATED
199,801,H1088,7,BQM4853A,Bay48-N-3,912,946,326,620,34,True,ALLOCATED
205,632,H1087,21,PPT0057A,0东-14,282,296,330,0,14,True,ALLOCATED
206,632,H1087,35,PPT1011A,Bay10-S-21,282,296,330,0,14,True,ALLOCATED
215,622,H1088,14,PPT0004A,0西-7,283,295,328,0,12,True,ALLOCATED
216,622,H1088,28,PPT1004A,Bay10-S-7,283,295,328,0,12,True,ALLOCATED
225,262,H1087,48,PPT1061A,Bay10-N-22,280,312,322,0,32,True,ALLOCATED
226,262,H1087,53,PPT0804A,Bay8-S-7,280,312,322,0,32,True,ALLOCATED
227,272,H1088,36,PPT1012A,Bay10-S-23,280,312,322,0,32,True,ALLOCATED
228,272,H1088,46,PPT1059A,Bay10-N-18,280,312,322,0,32,True,ALLOCATED
233,122,H1088,57,PPT0810A,Bay8-S-19,280,297,318,0,17,True,ALLOCATED
234,122,H1088,3,BQM4808A,Bay48-S-8,281,298,318,0,17,True,ALLOCATED
235,132,H1087,39,PPT1052A,Bay10-N-4,281,298,318,0,17,True,ALLOCATED
236,132,H1087,41,PPT1054A,Bay10-N-8,281,298,318,0,17,True,ALLOCATED
237,103,H1087,7,BQM4853A,Bay48-N-3,872,888,318,570,16,True,ALLOCATED
238,103,H1087,8,BQM4503A,Bay45-S-3,873,889,318,571,16,True,ALLOCATED
243,231,H1088,19,PPT0055A,0东-10,273,287,322,0,14,True,ALLOCATED
244,231,H1088,33,PPT1009A,Bay10-S-17,273,287,322,0,14,True,ALLOCATED
253,263,H1087,65,PPT0864A,Bay8-N-28,269,294,314,0,25,True,ALLOCATED
254,263,H1087,9,BQM4504A,Bay45-S-4,270,295,314,0,25,True,ALLOCATED
255,273,H1087,38,PPT1051A,Bay10-N-2,269,294,314,0,25,True,ALLOCATED
256,273,H1087,51,PPT0802A,Bay8-S-3,269,294,314,0,25,True,ALLOCATED
257,221,H1087,50,PPT0801A,Bay8-S-1,273,284,322,0,11,True,ALLOCATED
258,221,H1087,56,PPT0809A,Bay8-S-17,273,284,322,0,11,True,ALLOCATED
268,803,H1087,49,PPT1062A,Bay10-N-24,272,301,305,0,29,True,ALLOCATED
269,653,H1087,16,PPT0052A,0东-4,270,296,309,0,26,True,ALLOCATED
270,803,H1087,25,PPT1001A,Bay10-S-1,270,299,304,0,29,True,ALLOCATED
271,623,H1087,54,PPT0807A,Bay8-S-13,282,297,314,0,15,True,ALLOCATED
272,623,H1087,11,PPT0001A,0西-1,283,298,314,0,15,True,ALLOCATED
273,633,H1087,12,PPT0002A,0西-3,283,298,314,0,15,True,ALLOCATED
274,633,H1087,13,PPT0003A,0西-5,283,298,314,0,15,True,ALLOCATED
275,642,H1088,47,PPT1060A,Bay10-N-20,283,299,314,0,16,True,ALLOCATED
276,642,H1088,15,PPT0051A,0东-2,284,300,314,0,16,True,ALLOCATED
277,652,H1088,18,PPT0054A,0东-8,284,300,314,0,16,True,ALLOCATED
278,652,H1088,22,PPT0058A,0东-16,284,300,314,0,16,True,ALLOCATED
286,643,H1087,31,PPT1007A,Bay10-S-13,269,295,308,0,26,True,ALLOCATED
297,182,H1088,63,PPT0862A,Bay8-N-24,271,289,307,0,18,True,ALLOCATED
298,182,H1088,60,PPT0858A,Bay8-N-16,281,299,307,0,18,True,ALLOCATED
299,192,H1087,61,PPT0859A,Bay8-N-18,281,299,307,0,18,True,ALLOCATED
300,192,H1087,17,PPT0053A,0东-6,282,300,307,0,18,True,ALLOCATED
301,123,H1087,40,PPT1053A,Bay10-N-6,283,306,301,5,23,True,ALLOCATED
302,123,H1087,44,PPT1057A,Bay10-N-14,283,306,301,5,23,True,ALLOCATED
303,133,H1087,8,BQM4503A,Bay45-S-3,913,936,301,635,23,True,ALLOCATED
304,133,H1087,8,BQM4503A,Bay45-S-3,936,959,301,658,23,True,ALLOCATED
313,102,H1088,59,PPT0857A,Bay8-N-14,275,295,297,0,20,True,ALLOCATED
314,102,H1088,45,PPT1058A,Bay10-N-16,280,300,297,3,20,True,ALLOCATED
119,644,H1088,7,BQM4853A,Bay48-N-3,969,1006,358,648,37,True,ALLOCATED
120,654,H1088,60,PPT0858A,Bay8-N-16,299,336,358,0,37,True,ALLOCATED
139,283,H1087,41,PPT1054A,Bay10-N-8,298,332,351,0,34,True,ALLOCATED
140,293,H1087,8,BQM4503A,Bay45-S-3,959,993,351,642,34,True,ALLOCATED
146,282,H1087,61,PPT0859A,Bay8-N-18,299,332,351,0,33,True,ALLOCATED
147,292,H1088,15,PPT0051A,0东-2,300,333,351,0,33,True,ALLOCATED
154,154,H1088,24,PPT0060A,0东-20,284,308,346,0,24,True,ALLOCATED
155,154,H1087,42,PPT1055A,Bay10-N-10,284,308,346,0,24,True,ALLOCATED
162,124,H1087,27,PPT1003A,Bay10-S-5,286,309,343,0,23,True,ALLOCATED
163,124,H1088,30,PPT1006A,Bay10-S-11,286,309,343,0,23,True,ALLOCATED
164,134,H1088,2,BQM4803A,Bay48-S-3,941,964,343,621,23,True,ALLOCATED
165,134,H1088,7,BQM4853A,Bay48-N-3,946,969,343,626,23,True,ALLOCATED
170,684,H1088,51,PPT0802A,Bay8-S-3,294,331,338,0,37,True,ALLOCATED
171,694,H1087,38,PPT1051A,Bay10-N-2,294,331,337,0,37,True,ALLOCATED
172,273,H1087,25,PPT1001A,Bay10-S-1,299,324,340,0,25,True,ALLOCATED
173,273,H1087,47,PPT1060A,Bay10-N-20,299,324,340,0,25,True,ALLOCATED
176,263,H1087,62,PPT0861A,Bay8-N-22,297,321,338,0,24,True,ALLOCATED
177,263,H1087,11,PPT0001A,0西-1,298,322,338,0,24,True,ALLOCATED
184,183,H1088,37,PPT1013A,Bay10-S-25,286,307,335,0,21,True,ALLOCATED
185,183,H1088,33,PPT1009A,Bay10-S-17,287,308,335,0,21,True,ALLOCATED
186,193,H1088,52,PPT0803A,Bay8-S-5,289,310,335,0,21,True,ALLOCATED
187,193,H1087,26,PPT1002A,Bay10-S-3,292,313,335,0,21,True,ALLOCATED
188,101,H1087,2,BQM4803A,Bay48-S-3,964,996,328,668,32,True,ALLOCATED
189,231,H1087,17,PPT0053A,0东-6,300,322,340,0,22,True,ALLOCATED
201,631,H1088,13,PPT0003A,0西-5,298,311,332,0,13,True,ALLOCATED
202,631,H1088,39,PPT1052A,Bay10-N-4,298,311,332,0,13,True,ALLOCATED
203,621,H1087,3,BQM4808A,Bay48-S-8,298,312,331,0,14,True,ALLOCATED
204,621,H1087,12,PPT0002A,0西-3,298,312,331,0,14,True,ALLOCATED
207,143,H1087,65,PPT0864A,Bay8-N-28,294,315,326,0,21,True,ALLOCATED
208,143,H1087,9,BQM4504A,Bay45-S-4,295,316,326,0,21,True,ALLOCATED
209,153,H1087,14,PPT0004A,0西-7,295,316,326,0,21,True,ALLOCATED
210,153,H1087,28,PPT1004A,Bay10-S-7,295,316,326,0,21,True,ALLOCATED
217,261,H1088,58,PPT0811A,Bay8-S-21,284,316,322,0,32,True,ALLOCATED
218,261,H1088,55,PPT0808A,Bay8-S-15,286,318,322,0,32,True,ALLOCATED
219,271,H1087,50,PPT0801A,Bay8-S-1,284,316,322,0,32,True,ALLOCATED
220,271,H1087,56,PPT0809A,Bay8-S-17,284,316,322,0,32,True,ALLOCATED
239,292,H1087,31,PPT1007A,Bay10-S-13,295,327,318,9,32,True,ALLOCATED
240,292,H1087,43,PPT1056A,Bay10-N-12,295,327,318,9,32,True,ALLOCATED
242,282,H1087,35,PPT1011A,Bay10-S-21,296,326,317,9,30,True,ALLOCATED
245,282,H1088,16,PPT0052A,0东-4,296,326,316,10,30,True,ALLOCATED
249,826,H1088,4,BQM4810A,Bay48-S-10,482,511,309,202,29,True,ALLOCATED
250,836,H1088,63,PPT0862A,Bay8-N-24,289,318,309,9,29,True,ALLOCATED
259,826,H1088,4,BQM4810A,Bay48-S-10,453,482,308,174,29,True,ALLOCATED
260,836,H1088,19,PPT0055A,0东-10,287,316,308,8,29,True,ALLOCATED
290,112,H1087,59,PPT0857A,Bay8-N-14,295,312,305,7,17,True,ALLOCATED
291,112,H1088,64,PPT0863A,Bay8-N-26,295,312,305,7,17,True,ALLOCATED
315,824,H1087,57,PPT0810A,Bay8-S-19,297,316,305,11,19,True,ALLOCATED
316,834,H1087,54,PPT0807A,Bay8-S-13,297,316,305,11,19,True,ALLOCATED
321,824,H1087,29,PPT1005A,Bay10-S-9,296,315,304,11,19,True,ALLOCATED
322,834,H1087,21,PPT0057A,0东-14,296,315,304,11,19,True,ALLOCATED
117,124,H1088,28,PPT1004A,Bay10-S-7,316,355,362,0,39,True,ALLOCATED
118,134,H1088,2,BQM4803A,Bay48-S-3,1026,1065,362,703,39,True,ALLOCATED
129,143,H1087,32,PPT1008A,Bay10-S-15,316,353,357,0,37,True,ALLOCATED
130,153,H1087,34,PPT1010A,Bay10-S-19,316,353,357,0,37,True,ALLOCATED
131,263,H1088,14,PPT0004A,0西-7,316,347,356,0,31,True,ALLOCATED
132,273,H1088,9,BQM4504A,Bay45-S-4,316,347,355,0,31,True,ALLOCATED
133,261,H1088,22,PPT0058A,0东-16,315,351,351,0,36,True,ALLOCATED
134,261,H1088,65,PPT0864A,Bay8-N-28,315,351,351,0,36,True,ALLOCATED
135,271,H1088,18,PPT0054A,0东-8,315,351,351,0,36,True,ALLOCATED
136,271,H1088,21,PPT0057A,0东-14,315,351,351,0,36,True,ALLOCATED
141,631,H1087,37,PPT1013A,Bay10-S-25,307,318,355,0,11,True,ALLOCATED
142,621,H1087,30,PPT1006A,Bay10-S-11,309,319,355,0,10,True,ALLOCATED
145,123,H1087,52,PPT0803A,Bay8-S-5,310,340,348,0,30,True,ALLOCATED
148,262,H1088,24,PPT0060A,0东-20,308,342,350,0,34,True,ALLOCATED
149,262,H1088,33,PPT1009A,Bay10-S-17,308,342,350,0,34,True,ALLOCATED
150,272,H1088,10,BQM4202A,Bay42-S-2,308,342,350,0,34,True,ALLOCATED
151,272,H1088,23,PPT0059A,0东-18,308,342,350,0,34,True,ALLOCATED
156,102,H1087,59,PPT0857A,Bay8-N-14,312,355,343,12,43,True,ALLOCATED
157,133,H1087,2,BQM4803A,Bay48-S-3,996,1026,344,682,30,True,ALLOCATED
158,632,H1087,19,PPT0055A,0东-10,316,335,350,0,19,True,ALLOCATED
159,622,H1087,54,PPT0807A,Bay8-S-13,316,333,350,0,17,True,ALLOCATED
161,111,H1087,8,BQM4503A,Bay45-S-3,993,1021,341,680,28,True,ALLOCATED
166,122,H1088,29,PPT1005A,Bay10-S-9,315,346,345,1,31,True,ALLOCATED
167,132,H1088,45,PPT1058A,Bay10-N-16,315,346,345,1,31,True,ALLOCATED
168,112,H1088,50,PPT0801A,Bay8-S-1,316,337,340,0,21,True,ALLOCATED
169,221,H1088,49,PPT1062A,Bay10-N-24,301,325,351,0,24,True,ALLOCATED
174,112,H1087,56,PPT0809A,Bay8-S-17,316,337,336,1,21,True,ALLOCATED
175,112,H1087,57,PPT0810A,Bay8-S-19,316,337,336,1,21,True,ALLOCATED
178,633,H1087,48,PPT1061A,Bay10-N-22,312,327,340,0,15,True,ALLOCATED
179,633,H1088,53,PPT0804A,Bay8-S-7,312,327,340,0,15,True,ALLOCATED
182,623,H1088,13,PPT0003A,0西-5,311,327,339,0,16,True,ALLOCATED
183,623,H1088,39,PPT1052A,Bay10-N-4,311,327,339,0,16,True,ALLOCATED
190,182,H1087,3,BQM4808A,Bay48-S-8,312,331,335,0,19,True,ALLOCATED
191,182,H1087,12,PPT0002A,0西-3,312,331,335,0,19,True,ALLOCATED
192,192,H1087,36,PPT1012A,Bay10-S-23,312,331,335,0,19,True,ALLOCATED
193,192,H1087,46,PPT1059A,Bay10-N-18,312,331,335,0,19,True,ALLOCATED
194,123,H1087,64,PPT0863A,Bay8-N-26,312,337,329,8,25,True,ALLOCATED
195,123,H1088,26,PPT1002A,Bay10-S-3,313,338,329,9,25,True,ALLOCATED
196,133,H1088,7,BQM4853A,Bay48-N-3,1006,1031,329,702,25,True,ALLOCATED
197,133,H1088,8,BQM4503A,Bay45-S-3,1021,1046,329,717,25,True,ALLOCATED
211,102,H1088,42,PPT1055A,Bay10-N-10,308,327,322,5,19,True,ALLOCATED
212,102,H1088,27,PPT1003A,Bay10-S-5,309,328,322,6,19,True,ALLOCATED
261,643,H1088,32,PPT1008A,Bay10-S-15,301,316,316,0,15,True,ALLOCATED
262,643,H1088,34,PPT1010A,Bay10-S-19,301,316,316,0,15,True,ALLOCATED
263,653,H1088,22,PPT0058A,0东-16,300,315,316,0,15,True,ALLOCATED
264,653,H1088,45,PPT1058A,Bay10-N-16,300,315,316,0,15,True,ALLOCATED
293,823,H1088,44,PPT1057A,Bay10-N-14,306,324,310,14,18,True,ALLOCATED
294,823,H1088,20,PPT0056A,0东-12,300,318,309,9,18,True,ALLOCATED
323,833,H1088,40,PPT1053A,Bay10-N-6,306,322,305,17,16,True,ALLOCATED
331,833,H1087,18,PPT0054A,0东-8,300,315,303,12,15,True,ALLOCATED
7,801,H1087,8,BQM4503A,Bay45-S-3,1111,1178,414,764,67,True,ALLOCATED
33,283,H1087,3,BQM4808A,Bay48-S-8,331,370,401,0,39,True,ALLOCATED
34,293,H1087,2,BQM4803A,Bay48-S-3,1101,1140,401,739,39,True,ALLOCATED
35,801,H1088,8,BQM4503A,Bay45-S-3,1046,1111,396,715,65,True,ALLOCATED
36,801,H1088,7,BQM4853A,Bay48-N-3,1135,1174,396,778,39,True,ALLOCATED
37,801,H1088,2,BQM4803A,Bay48-S-3,1140,1179,396,783,39,True,ALLOCATED
38,631,H1088,50,PPT0801A,Bay8-S-1,337,348,404,0,11,True,ALLOCATED
40,282,H1088,51,PPT0802A,Bay8-S-3,331,367,401,0,36,True,ALLOCATED
41,292,H1088,41,PPT1054A,Bay10-N-8,332,368,401,0,36,True,ALLOCATED
49,123,H1088,60,PPT0858A,Bay8-N-16,336,370,395,0,34,True,ALLOCATED
54,133,H1087,7,BQM4853A,Bay48-N-3,1174,1208,391,817,34,True,ALLOCATED
57,111,H1087,8,BQM4503A,Bay45-S-3,1178,1207,388,819,29,True,ALLOCATED
58,221,H1087,15,PPT0051A,0东-2,333,358,400,0,25,True,ALLOCATED
80,101,H1088,7,BQM4853A,Bay48-N-3,1097,1135,377,758,38,True,ALLOCATED
81,231,H1088,61,PPT0859A,Bay8-N-18,332,356,389,0,24,True,ALLOCATED
82,293,H1088,7,BQM4853A,Bay48-N-3,1061,1097,379,718,36,True,ALLOCATED
83,293,H1088,2,BQM4803A,Bay48-S-3,1065,1101,379,722,36,True,ALLOCATED
84,283,H1088,13,PPT0003A,0西-5,327,363,379,0,36,True,ALLOCATED
85,283,H1087,31,PPT1007A,Bay10-S-13,327,363,379,0,36,True,ALLOCATED
86,826,H1087,4,BQM4810A,Bay48-S-10,511,546,374,172,35,True,ALLOCATED
87,826,H1087,4,BQM4810A,Bay48-S-10,546,581,374,207,35,True,ALLOCATED
88,836,H1087,54,PPT0807A,Bay8-S-13,333,368,374,0,35,True,ALLOCATED
89,836,H1087,19,PPT0055A,0东-10,335,370,374,0,35,True,ALLOCATED
90,803,H1087,39,PPT1052A,Bay10-N-4,327,362,370,0,35,True,ALLOCATED
91,803,H1087,42,PPT1055A,Bay10-N-10,327,362,370,0,35,True,ALLOCATED
93,262,H1087,48,PPT1061A,Bay10-N-22,327,366,378,0,39,True,ALLOCATED
94,272,H1087,43,PPT1056A,Bay10-N-12,327,366,378,0,39,True,ALLOCATED
99,154,H1088,30,PPT1006A,Bay10-S-11,319,364,373,0,45,True,ALLOCATED
102,642,H1088,12,PPT0002A,0西-3,331,351,375,0,20,True,ALLOCATED
103,642,H1088,36,PPT1012A,Bay10-S-23,331,351,375,0,20,True,ALLOCATED
104,652,H1088,38,PPT1051A,Bay10-N-2,331,351,375,0,20,True,ALLOCATED
105,652,H1088,46,PPT1059A,Bay10-N-18,331,351,375,0,20,True,ALLOCATED
106,261,H1088,20,PPT0056A,0东-12,318,355,369,0,37,True,ALLOCATED
107,271,H1087,58,PPT0811A,Bay8-S-21,316,353,369,0,37,True,ALLOCATED
114,144,H1087,62,PPT0861A,Bay8-N-22,321,357,364,0,36,True,ALLOCATED
115,183,H1088,53,PPT0804A,Bay8-S-7,327,354,365,0,27,True,ALLOCATED
116,193,H1088,27,PPT1003A,Bay10-S-5,328,355,365,0,27,True,ALLOCATED
121,825,H1088,17,PPT0053A,0东-6,322,345,358,0,23,True,ALLOCATED
122,825,H1088,40,PPT1053A,Bay10-N-6,322,345,358,0,23,True,ALLOCATED
123,835,H1087,63,PPT0862A,Bay8-N-24,318,341,358,0,23,True,ALLOCATED
124,835,H1087,11,PPT0001A,0西-1,322,345,358,0,23,True,ALLOCATED
125,822,H1087,47,PPT1060A,Bay10-N-20,324,344,364,0,20,True,ALLOCATED
126,822,H1087,49,PPT1062A,Bay10-N-24,325,345,364,0,20,True,ALLOCATED
127,832,H1087,25,PPT1001A,Bay10-S-1,324,344,364,0,20,True,ALLOCATED
128,832,H1087,44,PPT1057A,Bay10-N-14,324,344,364,0,20,True,ALLOCATED
137,623,H1088,16,PPT0052A,0东-4,326,345,356,0,19,True,ALLOCATED
138,633,H1088,35,PPT1011A,Bay10-S-21,326,345,356,0,19,True,ALLOCATED
143,182,H1087,37,PPT1013A,Bay10-S-25,318,339,355,0,21,True,ALLOCATED
144,192,H1087,55,PPT0808A,Bay8-S-15,318,339,355,0,21,True,ALLOCATED
160,103,H1087,7,BQM4853A,Bay48-N-3,1031,1061,348,713,30,True,ALLOCATED
4,154,H1087,27,PPT1003A,Bay10-S-5,355,402,420,0,47,True,ALLOCATED
5,261,H1087,24,PPT0060A,0东-20,361,398,418,0,37,True,ALLOCATED
6,271,H1087,15,PPT0051A,0东-2,358,395,418,0,37,True,ALLOCATED
12,144,H1087,28,PPT1004A,Bay10-S-7,355,391,409,0,36,True,ALLOCATED
13,124,H1087,21,PPT0057A,0东-14,351,388,407,0,37,True,ALLOCATED
14,134,H1087,2,BQM4803A,Bay48-S-3,1179,1216,407,809,37,True,ALLOCATED
22,143,H1087,12,PPT0002A,0西-3,351,390,404,0,39,True,ALLOCATED
23,153,H1087,18,PPT0054A,0东-8,351,390,404,0,39,True,ALLOCATED
25,834,H1087,26,PPT1002A,Bay10-S-3,360,382,407,0,22,True,ALLOCATED
39,621,H1088,55,PPT0808A,Bay8-S-15,339,349,404,0,10,True,ALLOCATED
42,263,H1088,45,PPT1058A,Bay10-N-16,346,376,401,0,30,True,ALLOCATED
45,273,H1088,29,PPT1005A,Bay10-S-9,346,376,400,0,30,True,ALLOCATED
46,182,H1088,8,BQM4503A,Bay45-S-3,1207,1228,402,826,21,True,ALLOCATED
47,192,H1088,59,PPT0857A,Bay8-N-14,355,376,402,0,21,True,ALLOCATED
48,803,H1088,62,PPT0861A,Bay8-N-22,357,392,392,0,35,True,ALLOCATED
50,102,H1088,25,PPT1001A,Bay10-S-1,344,391,392,0,47,True,ALLOCATED
51,632,H1088,32,PPT1008A,Bay10-S-15,353,372,399,0,19,True,ALLOCATED
52,622,H1088,61,PPT0859A,Bay8-N-18,356,373,399,0,17,True,ALLOCATED
59,122,H1087,17,PPT0053A,0东-6,345,376,391,0,31,True,ALLOCATED
60,132,H1087,35,PPT1011A,Bay10-S-21,345,376,391,0,31,True,ALLOCATED
61,652,H1087,65,PPT0864A,Bay8-N-28,351,370,393,0,19,True,ALLOCATED
62,653,H1087,46,PPT1059A,Bay10-N-18,351,370,393,0,19,True,ALLOCATED
63,826,H1087,57,PPT0810A,Bay8-S-19,337,371,384,0,34,True,ALLOCATED
64,836,H1087,56,PPT0809A,Bay8-S-17,337,371,384,0,34,True,ALLOCATED
66,824,H1087,37,PPT1013A,Bay10-S-25,339,361,392,0,22,True,ALLOCATED
67,834,H1087,26,PPT1002A,Bay10-S-3,338,360,392,0,22,True,ALLOCATED
68,822,H1087,10,BQM4202A,Bay42-S-2,342,363,392,0,21,True,ALLOCATED
69,823,H1087,23,PPT0059A,0东-18,342,363,392,0,21,True,ALLOCATED
70,832,H1087,52,PPT0803A,Bay8-S-5,340,361,392,0,21,True,ALLOCATED
71,833,H1087,63,PPT0862A,Bay8-N-24,341,362,392,0,21,True,ALLOCATED
72,112,H1088,22,PPT0058A,0东-16,351,372,385,0,21,True,ALLOCATED
73,292,H1088,11,PPT0001A,0西-1,345,381,388,0,36,True,ALLOCATED
74,292,H1088,16,PPT0052A,0东-4,345,381,388,0,36,True,ALLOCATED
75,642,H1088,38,PPT1051A,Bay10-N-2,351,370,390,0,19,True,ALLOCATED
76,643,H1088,36,PPT1012A,Bay10-S-23,351,370,390,0,19,True,ALLOCATED
77,282,H1088,40,PPT1053A,Bay10-N-6,345,380,387,0,35,True,ALLOCATED
78,282,H1088,49,PPT1062A,Bay10-N-24,345,380,387,0,35,True,ALLOCATED
79,803,H1088,64,PPT0863A,Bay8-N-26,337,372,377,0,35,True,ALLOCATED
95,643,H1087,44,PPT1057A,Bay10-N-14,344,363,379,0,19,True,ALLOCATED
96,643,H1087,47,PPT1060A,Bay10-N-20,344,363,379,0,19,True,ALLOCATED
97,653,H1087,24,PPT0060A,0东-20,342,361,379,0,19,True,ALLOCATED
98,653,H1087,33,PPT1009A,Bay10-S-17,342,361,379,0,19,True,ALLOCATED
100,823,H1088,53,PPT0804A,Bay8-S-7,354,375,379,0,21,True,ALLOCATED
101,823,H1088,20,PPT0056A,0东-12,355,376,379,0,21,True,ALLOCATED
108,824,H1087,50,PPT0801A,Bay8-S-1,348,370,374,0,22,True,ALLOCATED
109,824,H1087,55,PPT0808A,Bay8-S-15,349,371,374,0,22,True,ALLOCATED
110,834,H1087,9,BQM4504A,Bay45-S-4,347,369,374,0,22,True,ALLOCATED
111,834,H1087,14,PPT0004A,0西-7,347,369,374,0,22,True,ALLOCATED
112,833,H1087,34,PPT1010A,Bay10-S-19,353,370,372,0,17,True,ALLOCATED
113,833,H1087,58,PPT0811A,Bay8-S-21,353,370,372,0,17,True,ALLOCATED
1,262,H1087,9,BQM4504A,Bay45-S-4,369,408,427,0,39,True,ALLOCATED
2,272,H1087,54,PPT0807A,Bay8-S-13,368,407,427,0,39,True,ALLOCATED
8,825,H1087,14,PPT0004A,0西-7,378,405,412,0,27,True,ALLOCATED
9,835,H1087,3,BQM4808A,Bay48-S-8,378,405,412,0,27,True,ALLOCATED
10,183,H1087,30,PPT1006A,Bay10-S-11,365,392,412,0,27,True,ALLOCATED
11,193,H1087,47,PPT1060A,Bay10-N-20,365,392,412,0,27,True,ALLOCATED
18,826,H1087,13,PPT0003A,0西-5,363,397,404,0,34,True,ALLOCATED
19,836,H1087,63,PPT0862A,Bay8-N-24,362,396,404,0,34,True,ALLOCATED
20,652,H1087,41,PPT1054A,Bay10-N-8,368,385,409,0,17,True,ALLOCATED
21,653,H1087,51,PPT0802A,Bay8-S-3,367,384,409,0,17,True,ALLOCATED
24,824,H1087,33,PPT1009A,Bay10-S-17,361,383,407,0,22,True,ALLOCATED
26,822,H1087,39,PPT1052A,Bay10-N-4,362,383,407,0,21,True,ALLOCATED
27,823,H1087,42,PPT1055A,Bay10-N-10,362,383,407,0,21,True,ALLOCATED
29,832,H1087,37,PPT1013A,Bay10-S-25,361,382,407,0,21,True,ALLOCATED
30,833,H1087,52,PPT0803A,Bay8-S-5,361,382,407,0,21,True,ALLOCATED
31,642,H1087,48,PPT1061A,Bay10-N-22,366,383,406,0,17,True,ALLOCATED
32,643,H1087,43,PPT1056A,Bay10-N-12,366,383,406,0,17,True,ALLOCATED
43,623,H1088,31,PPT1007A,Bay10-S-13,363,382,403,0,19,True,ALLOCATED
44,633,H1088,44,PPT1057A,Bay10-N-14,363,382,403,0,19,True,ALLOCATED
53,103,H1088,7,BQM4853A,Bay48-N-3,1208,1240,396,844,32,True,ALLOCATED
55,825,H1087,23,PPT0059A,0东-18,363,390,392,0,27,True,ALLOCATED
56,835,H1087,10,BQM4202A,Bay42-S-2,363,390,392,0,27,True,ALLOCATED
